action,plants,actionMs,allocatedBytes,maxFrameMs,plantInfoMs,worldChangedMs,guideMs,inventoryBuildMs,inventoryInitMs,inventorySubscribeMs,createMs,cloneMs,spawnMs,variantMs,writeMs,replayMs,installMs,findReplayMs,expandReplayMs,placementValidationMs,traitsMs,measureMs,scoreMs,selectStageMs,matchesMs,requirementsMs,isReadyMs
chest.open,0,61.223,14267753,103.920,0.000,0.002,0.000,40.591,3.458,0.013,0.000,0.000,0.000,0.000,4.750,2.651,0.052,0.416,1.290,0.936,0.000,0.000,0.000,0.000,0.000,0.000,0.000
chest.open,0,47.616,10707057,83.847,0.000,0.001,0.000,39.721,1.517,0.016,0.000,0.000,0.000,0.000,0.000,0.000,0.000,0.000,0.000,0.000,0.000,0.000,0.000,0.000,0.000,0.000,0.000
bed.place,0,72.066,26702596,78.027,0.000,0.001,0.000,0.000,0.000,0.000,18.172,19.327,31.623,0.041,53.018,48.101,2.319,0.560,35.313,1.589,0.000,0.000,0.000,0.000,0.000,0.000,0.000
water.walk,0,0.038,180496,4.796,0.000,0.001,0.000,0.000,0.000,0.000,0.000,0.000,0.000,0.000,0.366,0.176,0.000,0.028,0.000,0.147,0.000,0.000,0.000,0.000,0.000,0.000,0.000
water.walk,0,0.001,4358398,20.562,0.000,0.000,0.000,0.000,0.000,0.000,0.000,0.000,0.000,0.000,1.923,1.357,0.000,0.150,0.000,1.202,0.000,0.000,0.000,0.000,0.000,0.000,0.000
water.walk,0,0.001,271364,6.692,0.000,0.001,0.000,0.000,0.000,0.000,0.000,0.000,0.000,0.000,0.643,0.491,0.000,0.030,0.000,0.461,0.000,0.000,0.000,0.000,0.000,0.000,0.000
water.walk,0,0.001,207220,5.578,0.000,0.001,0.000,0.000,0.000,0.000,0.000,0.000,0.000,0.000,0.238,0.105,0.000,0.021,0.000,0.083,0.000,0.000,0.000,0.000,0.000,0.000,0.000
water.walk,0,0.001,301598,3.239,0.000,0.001,0.000,0.000,0.000,0.000,0.000,0.000,0.000,0.000,0.214,0.096,0.000,0.022,0.000,0.074,0.000,0.000,0.000,0.000,0.000,0.000,0.000
water.walk,0,0.001,164964,3.698,0.000,0.001,0.000,0.000,0.000,0.000,0.000,0.000,0.000,0.000,0.204,0.088,0.000,0.020,0.000,0.068,0.000,0.000,0.000,0.000,0.000,0.000,0.000
water.walk,0,0.000,229408,4.455,0.000,0.000,0.000,0.000,0.000,0.000,0.000,0.000,0.000,0.000,0.642,0.494,0.000,0.028,0.000,0.465,0.000,0.000,0.000,0.000,0.000,0.000,0.000
water.walk,0,0.001,207828,4.459,0.000,0.001,0.000,0.000,0.000,0.000,0.000,0.000,0.000,0.000,0.202,0.088,0.000,0.018,0.000,0.069,0.000,0.000,0.000,0.000,0.000,0.000,0.000
water.walk,0,0.000,165420,2.907,0.000,0.001,0.000,0.000,0.000,0.000,0.000,0.000,0.000,0.000,0.194,0.086,0.000,0.021,0.000,0.065,0.000,0.000,0.000,0.000,0.000,0.000,0.000
water.walk,0,0.000,165572,3.220,0.000,0.000,0.000,0.000,0.000,0.000,0.000,0.000,0.000,0.000,0.190,0.084,0.000,0.018,0.000,0.066,0.000,0.000,0.000,0.000,0.000,0.000,0.000
water.walk,0,0.001,165724,3.785,0.000,0.001,0.000,0.000,0.000,0.000,0.000,0.000,0.000,0.000,0.229,0.096,0.000,0.021,0.000,0.075,0.000,0.000,0.000,0.000,0.000,0.000,0.000
water.walk,0,0.001,230168,5.106,0.000,0.001,0.000,0.000,0.000,0.000,0.000,0.000,0.000,0.000,0.691,0.521,0.000,0.039,0.000,0.481,0.000,0.000,0.000,0.000,0.000,0.000,0.000
water.walk,0,0.000,208588,5.106,0.000,0.001,0.000,0.000,0.000,0.000,0.000,0.000,0.000,0.000,0.208,0.088,0.000,0.021,0.000,0.067,0.000,0.000,0.000,0.000,0.000,0.000,0.000
water.walk,0,0.001,166180,3.522,0.000,0.001,0.000,0.000,0.000,0.000,0.000,0.000,0.000,0.000,0.262,0.110,0.000,0.025,0.000,0.085,0.000,0.000,0.000,0.000,0.000,0.000,0.000
water.walk,0,0.001,166332,3.168,0.000,0.001,0.000,0.000,0.000,0.000,0.000,0.000,0.000,0.000,0.198,0.090,0.000,0.018,0.000,0.071,0.000,0.000,0.000,0.000,0.000,0.000,0.000
water.walk,0,0.000,230776,4.305,0.000,0.000,0.000,0.000,0.000,0.000,0.000,0.000,0.000,0.000,0.620,0.470,0.000,0.027,0.000,0.442,0.000,0.000,0.000,0.000,0.000,0.000,0.000
water.walk,0,0.001,209196,4.525,0.000,0.000,0.000,0.000,0.000,0.000,0.000,0.000,0.000,0.000,0.200,0.087,0.000,0.019,0.000,0.068,0.000,0.000,0.000,0.000,0.000,0.000,0.000
water.walk,0,0.001,166788,3.588,0.000,0.001,0.000,0.000,0.000,0.000,0.000,0.000,0.000,0.000,0.240,0.103,0.000,0.022,0.000,0.080,0.000,0.000,0.000,0.000,0.000,0.000,0.000
water.walk,0,0.001,166940,3.314,0.000,0.000,0.000,0.000,0.000,0.000,0.000,0.000,0.000,0.000,0.203,0.085,0.000,0.018,0.000,0.067,0.000,0.000,0.000,0.000,0.000,0.000,0.000
water.walk,0,0.001,167092,3.468,0.000,0.001,0.000,0.000,0.000,0.000,0.000,0.000,0.000,0.000,0.205,0.090,0.000,0.022,0.000,0.068,0.000,0.000,0.000,0.000,0.000,0.000,0.000
water.walk,0,0.001,231536,4.287,0.000,0.000,0.000,0.000,0.000,0.000,0.000,0.000,0.000,0.000,0.636,0.487,0.000,0.031,0.000,0.456,0.000,0.000,0.000,0.000,0.000,0.000,0.000
water.walk,0,0.001,209956,5.215,0.000,0.001,0.000,0.000,0.000,0.000,0.000,0.000,0.000,0.000,0.224,0.099,0.000,0.022,0.000,0.076,0.000,0.000,0.000,0.000,0.000,0.000,0.000
water.walk,0,0.001,167548,3.451,0.000,0.001,0.000,0.000,0.000,0.000,0.000,0.000,0.000,0.000,0.223,0.101,0.000,0.024,0.000,0.077,0.000,0.000,0.000,0.000,0.000,0.000,0.000
water.walk,0,0.001,167700,3.659,0.000,0.001,0.000,0.000,0.000,0.000,0.000,0.000,0.000,0.000,0.199,0.090,0.000,0.018,0.000,0.072,0.000,0.000,0.000,0.000,0.000,0.000,0.000
water.walk,0,0.001,167852,3.427,0.000,0.001,0.000,0.000,0.000,0.000,0.000,0.000,0.000,0.000,0.217,0.095,0.000,0.021,0.000,0.074,0.000,0.000,0.000,0.000,0.000,0.000,0.000
water.walk,0,0.001,285602,4.991,0.000,0.001,0.000,0.000,0.000,0.000,0.000,0.000,0.000,0.000,0.903,0.681,0.000,0.037,0.000,0.643,0.000,0.000,0.000,0.000,0.000,0.000,0.000
water.walk,0,0.001,485345,6.266,0.000,0.000,0.225,0.000,0.000,0.000,0.000,0.000,0.000,0.000,0.795,0.502,0.000,0.067,0.000,0.433,0.000,0.000,0.000,0.000,0.000,0.000,0.000
water.walk,0,0.001,168764,4.444,0.000,0.001,0.000,0.000,0.000,0.000,0.000,0.000,0.000,0.000,0.240,0.105,0.000,0.027,0.000,0.078,0.000,0.000,0.000,0.000,0.000,0.000,0.000
water.walk,0,0.001,168916,3.627,0.000,0.000,0.000,0.000,0.000,0.000,0.000,0.000,0.000,0.000,0.248,0.106,0.000,0.023,0.000,0.083,0.000,0.000,0.000,0.000,0.000,0.000,0.000
water.walk,0,0.000,233360,4.535,0.000,0.000,0.000,0.000,0.000,0.000,0.000,0.000,0.000,0.000,0.630,0.482,0.000,0.027,0.000,0.455,0.000,0.000,0.000,0.000,0.000,0.000,0.000
water.walk,0,0.001,211780,4.725,0.000,0.000,0.000,0.000,0.000,0.000,0.000,0.000,0.000,0.000,0.210,0.089,0.000,0.019,0.000,0.069,0.000,0.000,0.000,0.000,0.000,0.000,0.000
water.walk,0,0.000,189440,4.443,0.000,0.001,0.000,0.000,0.000,0.000,0.000,0.000,0.000,0.000,0.204,0.085,0.000,0.018,0.000,0.066,0.000,0.000,0.000,0.000,0.000,0.000,0.000
water.walk,0,0.001,186795,5.734,0.000,0.000,0.000,0.000,0.000,0.000,0.000,0.000,0.000,0.000,0.261,0.111,0.000,0.028,0.000,0.083,0.000,0.000,0.000,0.000,0.000,0.000,0.000
water.walk,0,0.001,234020,4.937,0.000,0.000,0.000,0.000,0.000,0.000,0.000,0.000,0.000,0.000,0.691,0.519,0.000,0.036,0.000,0.483,0.000,0.000,0.000,0.000,0.000,0.000,0.000
water.walk,0,0.001,212388,5.211,0.000,0.000,0.000,0.000,0.000,0.000,0.000,0.000,0.000,0.000,0.204,0.089,0.000,0.021,0.000,0.067,0.000,0.000,0.000,0.000,0.000,0.000,0.000
water.walk,0,0.001,169980,3.830,0.000,0.001,0.000,0.000,0.000,0.000,0.000,0.000,0.000,0.000,0.243,0.105,0.000,0.024,0.000,0.081,0.000,0.000,0.000,0.000,0.000,0.000,0.000
water.walk,0,0.000,170132,3.109,0.000,0.000,0.000,0.000,0.000,0.000,0.000,0.000,0.000,0.000,0.206,0.095,0.000,0.022,0.000,0.072,0.000,0.000,0.000,0.000,0.000,0.000,0.000
water.walk,0,0.001,234576,4.727,0.000,0.000,0.000,0.000,0.000,0.000,0.000,0.000,0.000,0.000,0.617,0.471,0.000,0.027,0.000,0.443,0.000,0.000,0.000,0.000,0.000,0.000,0.000
water.walk,0,0.001,212996,5.086,0.000,0.001,0.000,0.000,0.000,0.000,0.000,0.000,0.000,0.000,0.208,0.090,0.000,0.019,0.000,0.071,0.000,0.000,0.000,0.000,0.000,0.000,0.000
water.walk,0,0.001,170588,3.492,0.000,0.001,0.000,0.000,0.000,0.000,0.000,0.000,0.000,0.000,0.245,0.105,0.000,0.026,0.000,0.079,0.000,0.000,0.000,0.000,0.000,0.000,0.000
water.walk,0,0.001,170740,3.137,0.000,0.001,0.000,0.000,0.000,0.000,0.000,0.000,0.000,0.000,0.198,0.084,0.000,0.020,0.000,0.064,0.000,0.000,0.000,0.000,0.000,0.000,0.000
water.walk,0,0.000,170892,2.914,0.000,0.001,0.000,0.000,0.000,0.000,0.000,0.000,0.000,0.000,0.200,0.091,0.000,0.019,0.000,0.072,0.000,0.000,0.000,0.000,0.000,0.000,0.000
water.walk,0,0.000,235336,4.173,0.000,0.000,0.000,0.000,0.000,0.000,0.000,0.000,0.000,0.000,0.605,0.465,0.000,0.025,0.000,0.440,0.000,0.000,0.000,0.000,0.000,0.000,0.000
water.walk,0,0.001,213756,5.162,0.000,0.001,0.000,0.000,0.000,0.000,0.000,0.000,0.000,0.000,0.202,0.095,0.000,0.019,0.000,0.076,0.000,0.000,0.000,0.000,0.000,0.000,0.000
water.walk,0,0.001,171348,3.363,0.000,0.001,0.000,0.000,0.000,0.000,0.000,0.000,0.000,0.000,0.233,0.098,0.000,0.021,0.000,0.076,0.000,0.000,0.000,0.000,0.000,0.000,0.000
water.walk,0,0.001,171500,2.919,0.000,0.000,0.000,0.000,0.000,0.000,0.000,0.000,0.000,0.000,0.205,0.089,0.000,0.020,0.000,0.070,0.000,0.000,0.000,0.000,0.000,0.000,0.000
water.walk,0,0.000,171652,2.866,0.000,0.000,0.000,0.000,0.000,0.000,0.000,0.000,0.000,0.000,0.193,0.088,0.000,0.024,0.000,0.064,0.000,0.000,0.000,0.000,0.000,0.000,0.000
water.walk,0,0.000,236096,4.921,0.000,0.001,0.000,0.000,0.000,0.000,0.000,0.000,0.000,0.000,0.617,0.465,0.000,0.024,0.000,0.440,0.000,0.000,0.000,0.000,0.000,0.000,0.000
water.walk,0,0.001,214516,4.588,0.000,0.001,0.000,0.000,0.000,0.000,0.000,0.000,0.000,0.000,0.215,0.093,0.000,0.019,0.000,0.073,0.000,0.000,0.000,0.000,0.000,0.000,0.000
water.walk,0,0.001,172108,3.137,0.000,0.001,0.000,0.000,0.000,0.000,0.000,0.000,0.000,0.000,0.223,0.093,0.000,0.021,0.000,0.072,0.000,0.000,0.000,0.000,0.000,0.000,0.000
water.walk,0,0.001,172260,3.061,0.000,0.000,0.000,0.000,0.000,0.000,0.000,0.000,0.000,0.000,0.199,0.088,0.000,0.020,0.000,0.068,0.000,0.000,0.000,0.000,0.000,0.000,0.000
water.walk,0,0.001,172412,3.627,0.000,0.001,0.000,0.000,0.000,0.000,0.000,0.000,0.000,0.000,0.205,0.093,0.000,0.020,0.000,0.073,0.000,0.000,0.000,0.000,0.000,0.000,0.000
water.walk,0,0.001,236856,4.598,0.000,0.001,0.000,0.000,0.000,0.000,0.000,0.000,0.000,0.000,0.630,0.488,0.000,0.029,0.000,0.458,0.000,0.000,0.000,0.000,0.000,0.000,0.000
water.walk,0,0.001,215276,4.492,0.000,0.001,0.000,0.000,0.000,0.000,0.000,0.000,0.000,0.000,0.208,0.092,0.000,0.022,0.000,0.070,0.000,0.000,0.000,0.000,0.000,0.000,0.000
water.walk,0,0.001,347583,4.451,0.000,0.000,0.000,0.000,0.000,0.000,0.000,0.000,0.000,0.000,0.807,0.505,0.000,0.064,0.000,0.438,0.000,0.000,0.000,0.000,0.000,0.000,0.000
water.walk,0,0.001,173020,3.738,0.000,0.000,0.000,0.000,0.000,0.000,0.000,0.000,0.000,0.000,0.201,0.089,0.000,0.018,0.000,0.070,0.000,0.000,0.000,0.000,0.000,0.000,0.000
water.walk,0,0.001,173172,3.448,0.000,0.000,0.000,0.000,0.000,0.000,0.000,0.000,0.000,0.000,0.232,0.098,0.000,0.022,0.000,0.076,0.000,0.000,0.000,0.000,0.000,0.000,0.000
water.walk,0,0.001,237616,4.616,0.000,0.001,0.000,0.000,0.000,0.000,0.000,0.000,0.000,0.000,0.642,0.484,0.000,0.028,0.000,0.456,0.000,0.000,0.000,0.000,0.000,0.000,0.000
water.walk,0,0.001,216036,4.612,0.000,0.000,0.000,0.000,0.000,0.000,0.000,0.000,0.000,0.000,0.210,0.094,0.000,0.020,0.000,0.073,0.000,0.000,0.000,0.000,0.000,0.000,0.000
water.walk,0,0.001,173628,3.831,0.000,0.001,0.000,0.000,0.000,0.000,0.000,0.000,0.000,0.000,0.202,0.091,0.000,0.019,0.000,0.072,0.000,0.000,0.000,0.000,0.000,0.000,0.000
water.walk,0,0.001,173780,3.654,0.000,0.000,0.000,0.000,0.000,0.000,0.000,0.000,0.000,0.000,0.207,0.086,0.000,0.018,0.000,0.067,0.000,0.000,0.000,0.000,0.000,0.000,0.000
water.walk,0,0.000,238224,4.375,0.000,0.000,0.000,0.000,0.000,0.000,0.000,0.000,0.000,0.000,0.564,0.421,0.000,0.029,0.000,0.391,0.000,0.000,0.000,0.000,0.000,0.000,0.000
water.walk,0,0.001,216644,5.282,0.000,0.001,0.000,0.000,0.000,0.000,0.000,0.000,0.000,0.000,0.216,0.097,0.000,0.022,0.000,0.075,0.000,0.000,0.000,0.000,0.000,0.000,0.000
water.walk,0,0.000,174236,3.267,0.000,0.001,0.000,0.000,0.000,0.000,0.000,0.000,0.000,0.000,0.200,0.090,0.000,0.019,0.000,0.071,0.000,0.000,0.000,0.000,0.000,0.000,0.000
water.walk,0,0.000,174388,2.970,0.000,0.000,0.000,0.000,0.000,0.000,0.000,0.000,0.000,0.000,0.199,0.091,0.000,0.020,0.000,0.071,0.000,0.000,0.000,0.000,0.000,0.000,0.000
water.walk,0,0.001,174540,3.610,0.000,0.000,0.000,0.000,0.000,0.000,0.000,0.000,0.000,0.000,0.223,0.098,0.000,0.022,0.000,0.076,0.000,0.000,0.000,0.000,0.000,0.000,0.000
water.walk,0,0.001,238984,4.625,0.000,0.000,0.000,0.000,0.000,0.000,0.000,0.000,0.000,0.000,0.643,0.493,0.000,0.026,0.000,0.466,0.000,0.000,0.000,0.000,0.000,0.000,0.000
water.walk,0,0.001,237472,5.907,0.000,0.001,0.000,0.000,0.000,0.000,0.000,0.000,0.000,0.000,0.205,0.087,0.000,0.020,0.000,0.066,0.000,0.000,0.000,0.000,0.000,0.000,0.000
water.walk,0,0.001,181911,4.184,0.000,0.000,0.000,0.000,0.000,0.000,0.000,0.000,0.000,0.000,0.231,0.102,0.000,0.024,0.000,0.078,0.000,0.000,0.000,0.000,0.000,0.000,0.000
water.walk,0,0.001,175148,3.499,0.000,0.001,0.000,0.000,0.000,0.000,0.000,0.000,0.000,0.000,0.245,0.108,0.000,0.025,0.000,0.082,0.000,0.000,0.000,0.000,0.000,0.000,0.000
water.walk,0,0.001,175300,3.057,0.000,0.000,0.000,0.000,0.000,0.000,0.000,0.000,0.000,0.000,0.195,0.088,0.000,0.018,0.000,0.069,0.000,0.000,0.000,0.000,0.000,0.000,0.000
water.walk,0,0.001,239744,4.987,0.000,0.000,0.000,0.000,0.000,0.000,0.000,0.000,0.000,0.000,0.669,0.505,0.000,0.032,0.000,0.473,0.000,0.000,0.000,0.000,0.000,0.000,0.000
water.walk,0,0.000,218164,4.646,0.000,0.000,0.000,0.000,0.000,0.000,0.000,0.000,0.000,0.000,0.198,0.085,0.000,0.018,0.000,0.066,0.000,0.000,0.000,0.000,0.000,0.000,0.000
water.walk,0,0.001,175756,3.482,0.000,0.001,0.000,0.000,0.000,0.000,0.000,0.000,0.000,0.000,0.215,0.093,0.000,0.023,0.000,0.069,0.000,0.000,0.000,0.000,0.000,0.000,0.000
water.walk,0,0.001,175908,3.789,0.000,0.001,0.000,0.000,0.000,0.000,0.000,0.000,0.000,0.000,0.247,0.104,0.000,0.026,0.000,0.078,0.000,0.000,0.000,0.000,0.000,0.000,0.000
water.walk,0,0.000,240352,4.564,0.000,0.000,0.000,0.000,0.000,0.000,0.000,0.000,0.000,0.000,0.634,0.485,0.000,0.027,0.000,0.458,0.000,0.000,0.000,0.000,0.000,0.000,0.000
water.walk,0,0.001,218772,4.559,0.000,0.000,0.000,0.000,0.000,0.000,0.000,0.000,0.000,0.000,0.205,0.087,0.000,0.019,0.000,0.068,0.000,0.000,0.000,0.000,0.000,0.000,0.000
water.walk,0,0.000,176364,4.155,0.000,0.000,0.000,0.000,0.000,0.000,0.000,0.000,0.000,0.000,0.243,0.107,0.000,0.024,0.000,0.083,0.000,0.000,0.000,0.000,0.000,0.000,0.000
water.walk,0,0.001,176516,3.973,0.000,0.001,0.000,0.000,0.000,0.000,0.000,0.000,0.000,0.000,0.207,0.089,0.000,0.021,0.000,0.068,0.000,0.000,0.000,0.000,0.000,0.000,0.000
water.walk,0,0.001,176668,3.176,0.000,0.001,0.000,0.000,0.000,0.000,0.000,0.000,0.000,0.000,0.217,0.093,0.000,0.022,0.000,0.071,0.000,0.000,0.000,0.000,0.000,0.000,0.000
water.walk,0,0.001,294418,4.568,0.000,0.001,0.000,0.000,0.000,0.000,0.000,0.000,0.000,0.000,0.830,0.642,0.000,0.026,0.000,0.616,0.000,0.000,0.000,0.000,0.000,0.000,0.000
water.walk,0,0.000,345946,4.914,0.000,0.000,0.234,0.000,0.000,0.000,0.000,0.000,0.000,0.000,0.197,0.092,0.000,0.019,0.000,0.072,0.000,0.000,0.000,0.000,0.000,0.000,0.000
water.walk,0,0.001,177580,3.778,0.000,0.001,0.000,0.000,0.000,0.000,0.000,0.000,0.000,0.000,0.224,0.094,0.000,0.020,0.000,0.074,0.000,0.000,0.000,0.000,0.000,0.000,0.000
water.walk,0,0.001,352447,4.500,0.000,0.001,0.000,0.000,0.000,0.000,0.000,0.000,0.000,0.000,0.812,0.510,0.000,0.062,0.000,0.446,0.000,0.000,0.000,0.000,0.000,0.000,0.000
water.walk,0,0.001,242176,4.403,0.000,0.000,0.000,0.000,0.000,0.000,0.000,0.000,0.000,0.000,0.598,0.457,0.000,0.025,0.000,0.431,0.000,0.000,0.000,0.000,0.000,0.000,0.000
water.walk,0,0.001,220596,5.121,0.000,0.001,0.000,0.000,0.000,0.000,0.000,0.000,0.000,0.000,0.208,0.096,0.000,0.019,0.000,0.077,0.000,0.000,0.000,0.000,0.000,0.000,0.000
water.walk,0,0.001,178188,3.338,0.000,0.001,0.000,0.000,0.000,0.000,0.000,0.000,0.000,0.000,0.244,0.104,0.000,0.024,0.000,0.079,0.000,0.000,0.000,0.000,0.000,0.000,0.000
water.walk,0,0.000,178340,2.904,0.000,0.001,0.000,0.000,0.000,0.000,0.000,0.000,0.000,0.000,0.185,0.082,0.000,0.016,0.000,0.065,0.000,0.000,0.000,0.000,0.000,0.000,0.000
water.walk,0,0.000,178492,2.802,0.000,0.000,0.000,0.000,0.000,0.000,0.000,0.000,0.000,0.000,0.190,0.081,0.000,0.017,0.000,0.064,0.000,0.000,0.000,0.000,0.000,0.000,0.000
water.walk,0,0.001,242936,4.123,0.000,0.000,0.000,0.000,0.000,0.000,0.000,0.000,0.000,0.000,0.601,0.462,0.000,0.026,0.000,0.436,0.000,0.000,0.000,0.000,0.000,0.000,0.000
water.walk,0,0.000,221356,5.189,0.000,0.001,0.000,0.000,0.000,0.000,0.000,0.000,0.000,0.000,0.202,0.088,0.000,0.018,0.000,0.070,0.000,0.000,0.000,0.000,0.000,0.000,0.000
water.walk,0,0.001,178948,3.140,0.000,0.001,0.000,0.000,0.000,0.000,0.000,0.000,0.000,0.000,0.214,0.093,0.000,0.020,0.000,0.072,0.000,0.000,0.000,0.000,0.000,0.000,0.000
water.walk,0,0.001,179100,2.951,0.000,0.000,0.000,0.000,0.000,0.000,0.000,0.000,0.000,0.000,0.204,0.086,0.000,0.019,0.000,0.067,0.000,0.000,0.000,0.000,0.000,0.000,0.000
water.walk,0,0.000,179252,2.939,0.000,0.000,0.000,0.000,0.000,0.000,0.000,0.000,0.000,0.000,0.200,0.086,0.000,0.021,0.000,0.065,0.000,0.000,0.000,0.000,0.000,0.000,0.000
water.walk,0,0.001,179404,3.355,0.000,0.000,0.000,0.000,0.000,0.000,0.000,0.000,0.000,0.000,0.191,0.090,0.000,0.018,0.000,0.072,0.000,0.000,0.000,0.000,0.000,0.000,0.000
water.walk,0,0.001,243848,5.284,0.000,0.001,0.000,0.000,0.000,0.000,0.000,0.000,0.000,0.000,0.702,0.526,0.000,0.037,0.000,0.488,0.000,0.000,0.000,0.000,0.000,0.000,0.000
water.walk,0,0.001,222268,4.952,0.000,0.001,0.000,0.000,0.000,0.000,0.000,0.000,0.000,0.000,0.229,0.095,0.000,0.023,0.000,0.071,0.000,0.000,0.000,0.000,0.000,0.000,0.000
water.walk,0,0.001,179860,4.153,0.000,0.001,0.000,0.000,0.000,0.000,0.000,0.000,0.000,0.000,0.247,0.105,0.000,0.025,0.000,0.079,0.000,0.000,0.000,0.000,0.000,0.000,0.000
water.walk,0,0.001,180012,3.377,0.000,0.000,0.000,0.000,0.000,0.000,0.000,0.000,0.000,0.000,0.241,0.103,0.000,0.023,0.000,0.080,0.000,0.000,0.000,0.000,0.000,0.000,0.000
water.walk,0,0.001,244456,4.882,0.000,0.000,0.000,0.000,0.000,0.000,0.000,0.000,0.000,0.000,0.648,0.490,0.000,0.029,0.000,0.460,0.000,0.000,0.000,0.000,0.000,0.000,0.000
water.walk,0,0.001,222876,4.828,0.000,0.000,0.000,0.000,0.000,0.000,0.000,0.000,0.000,0.000,0.217,0.098,0.000,0.025,0.000,0.073,0.000,0.000,0.000,0.000,0.000,0.000,0.000
water.walk,0,0.000,180468,3.075,0.000,0.001,0.000,0.000,0.000,0.000,0.000,0.000,0.000,0.000,0.204,0.089,0.000,0.020,0.000,0.068,0.000,0.000,0.000,0.000,0.000,0.000,0.000
water.walk,0,0.000,180620,3.994,0.000,0.000,0.000,0.000,0.000,0.000,0.000,0.000,0.000,0.000,0.204,0.090,0.000,0.019,0.000,0.071,0.000,0.000,0.000,0.000,0.000,0.000,0.000
water.walk,0,0.001,265132,6.393,0.000,0.001,0.000,0.000,0.000,0.000,0.000,0.000,0.000,0.000,0.694,0.517,0.000,0.038,0.000,0.478,0.000,0.000,0.000,0.000,0.000,0.000,0.000
water.walk,0,0.001,244483,5.513,0.000,0.001,0.000,0.000,0.000,0.000,0.000,0.000,0.000,0.000,0.234,0.099,0.000,0.023,0.000,0.075,0.000,0.000,0.000,0.000,0.000,0.000,0.000
water.walk,0,0.001,181076,4.145,0.000,0.001,0.000,0.000,0.000,0.000,0.000,0.000,0.000,0.000,0.268,0.111,0.000,0.025,0.000,0.086,0.000,0.000,0.000,0.000,0.000,0.000,0.000
water.walk,0,0.001,181228,3.230,0.000,0.000,0.000,0.000,0.000,0.000,0.000,0.000,0.000,0.000,0.228,0.099,0.000,0.021,0.000,0.077,0.000,0.000,0.000,0.000,0.000,0.000,0.000
water.walk,0,0.000,181380,3.162,0.000,0.000,0.000,0.000,0.000,0.000,0.000,0.000,0.000,0.000,0.206,0.090,0.000,0.019,0.000,0.070,0.000,0.000,0.000,0.000,0.000,0.000,0.000
water.walk,0,0.000,245824,4.209,0.000,0.000,0.000,0.000,0.000,0.000,0.000,0.000,0.000,0.000,0.615,0.471,0.000,0.024,0.000,0.446,0.000,0.000,0.000,0.000,0.000,0.000,0.000
water.walk,0,0.000,224244,5.013,0.000,0.001,0.000,0.000,0.000,0.000,0.000,0.000,0.000,0.000,0.198,0.089,0.000,0.023,0.000,0.066,0.000,0.000,0.000,0.000,0.000,0.000,0.000
water.walk,0,0.001,181836,3.932,0.000,0.001,0.000,0.000,0.000,0.000,0.000,0.000,0.000,0.000,0.238,0.097,0.000,0.022,0.000,0.075,0.000,0.000,0.000,0.000,0.000,0.000,0.000
water.walk,0,0.001,181988,3.707,0.000,0.001,0.000,0.000,0.000,0.000,0.000,0.000,0.000,0.000,0.257,0.108,0.000,0.025,0.000,0.082,0.000,0.000,0.000,0.000,0.000,0.000,0.000
water.walk,0,0.000,421147,6.227,0.000,0.000,0.000,0.000,0.000,0.000,0.000,0.000,0.000,0.000,1.188,0.862,0.000,0.067,0.000,0.794,0.000,0.000,0.000,0.000,0.000,0.000,0.000
water.walk,0,0.001,224852,4.810,0.000,0.001,0.000,0.000,0.000,0.000,0.000,0.000,0.000,0.000,0.237,0.100,0.000,0.023,0.000,0.077,0.000,0.000,0.000,0.000,0.000,0.000,0.000
water.walk,0,0.000,182444,3.539,0.000,0.001,0.000,0.000,0.000,0.000,0.000,0.000,0.000,0.000,0.202,0.086,0.000,0.019,0.000,0.067,0.000,0.000,0.000,0.000,0.000,0.000,0.000
water.walk,0,0.000,182596,3.027,0.000,0.000,0.000,0.000,0.000,0.000,0.000,0.000,0.000,0.000,0.211,0.096,0.000,0.026,0.000,0.069,0.000,0.000,0.000,0.000,0.000,0.000,0.000
water.walk,0,0.000,182748,2.916,0.000,0.000,0.000,0.000,0.000,0.000,0.000,0.000,0.000,0.000,0.193,0.081,0.000,0.017,0.000,0.064,0.000,0.000,0.000,0.000,0.000,0.000,0.000
water.walk,0,0.001,253688,5.207,0.000,0.001,0.000,0.000,0.000,0.000,0.000,0.000,0.000,0.000,0.680,0.504,0.000,0.030,0.000,0.473,0.000,0.000,0.000,0.000,0.000,0.000,0.000
water.walk,0,0.001,225612,4.713,0.000,0.000,0.000,0.000,0.000,0.000,0.000,0.000,0.000,0.000,0.197,0.084,0.000,0.019,0.000,0.064,0.000,0.000,0.000,0.000,0.000,0.000,0.000
water.walk,0,0.001,183204,3.442,0.000,0.001,0.000,0.000,0.000,0.000,0.000,0.000,0.000,0.000,0.241,0.102,0.000,0.024,0.000,0.078,0.000,0.000,0.000,0.000,0.000,0.000,0.000
water.walk,0,0.001,183356,3.596,0.000,0.001,0.000,0.000,0.000,0.000,0.000,0.000,0.000,0.000,0.207,0.096,0.000,0.020,0.000,0.075,0.000,0.000,0.000,0.000,0.000,0.000,0.000
water.walk,0,0.000,247800,4.222,0.000,0.000,0.000,0.000,0.000,0.000,0.000,0.000,0.000,0.000,0.610,0.465,0.000,0.027,0.000,0.437,0.000,0.000,0.000,0.000,0.000,0.000,0.000
water.walk,0,0.000,226220,4.364,0.000,0.000,0.000,0.000,0.000,0.000,0.000,0.000,0.000,0.000,0.191,0.086,0.000,0.018,0.000,0.068,0.000,0.000,0.000,0.000,0.000,0.000,0.000
water.walk,0,0.000,183812,3.074,0.000,0.001,0.000,0.000,0.000,0.000,0.000,0.000,0.000,0.000,0.215,0.093,0.000,0.019,0.000,0.073,0.000,0.000,0.000,0.000,0.000,0.000,0.000
water.walk,0,0.001,183964,2.904,0.000,0.000,0.000,0.000,0.000,0.000,0.000,0.000,0.000,0.000,0.184,0.081,0.000,0.016,0.000,0.065,0.000,0.000,0.000,0.000,0.000,0.000,0.000
water.walk,0,0.001,184116,3.545,0.000,0.001,0.000,0.000,0.000,0.000,0.000,0.000,0.000,0.000,0.234,0.104,0.000,0.022,0.000,0.082,0.000,0.000,0.000,0.000,0.000,0.000,0.000
water.walk,0,0.001,184268,2.996,0.000,0.001,0.000,0.000,0.000,0.000,0.000,0.000,0.000,0.000,0.210,0.091,0.000,0.021,0.000,0.070,0.000,0.000,0.000,0.000,0.000,0.000,0.000
water.walk,0,0.001,248712,4.269,0.000,0.000,0.000,0.000,0.000,0.000,0.000,0.000,0.000,0.000,0.619,0.467,0.000,0.023,0.000,0.443,0.000,0.000,0.000,0.000,0.000,0.000,0.000
water.walk,0,0.001,227132,4.721,0.000,0.000,0.000,0.000,0.000,0.000,0.000,0.000,0.000,0.000,0.215,0.094,0.000,0.022,0.000,0.072,0.000,0.000,0.000,0.000,0.000,0.000,0.000
water.walk,0,0.001,184776,3.039,0.000,0.000,0.000,0.000,0.000,0.000,0.000,0.000,0.000,0.000,0.186,0.085,0.000,0.018,0.000,0.067,0.000,0.000,0.000,0.000,0.000,0.000,0.000
water.walk,0,0.001,184876,4.073,0.000,0.000,0.000,0.000,0.000,0.000,0.000,0.000,0.000,0.000,0.328,0.131,0.000,0.025,0.000,0.106,0.000,0.000,0.000,0.000,0.000,0.000,0.000
water.walk,0,0.000,185028,3.312,0.000,0.000,0.000,0.000,0.000,0.000,0.000,0.000,0.000,0.000,0.227,0.100,0.000,0.023,0.000,0.076,0.000,0.000,0.000,0.000,0.000,0.000,0.000
water.walk,0,0.001,249472,4.500,0.000,0.000,0.000,0.000,0.000,0.000,0.000,0.000,0.000,0.000,0.691,0.528,0.000,0.024,0.000,0.504,0.000,0.000,0.000,0.000,0.000,0.000,0.000
water.walk,0,0.001,227892,4.995,0.000,0.000,0.000,0.000,0.000,0.000,0.000,0.000,0.000,0.000,0.196,0.090,0.000,0.018,0.000,0.072,0.000,0.000,0.000,0.000,0.000,0.000,0.000
water.walk,0,0.001,185484,3.407,0.000,0.001,0.000,0.000,0.000,0.000,0.000,0.000,0.000,0.000,0.265,0.125,0.000,0.027,0.000,0.098,0.000,0.000,0.000,0.000,0.000,0.000,0.000
water.walk,0,0.001,185636,3.148,0.000,0.001,0.000,0.000,0.000,0.000,0.000,0.000,0.000,0.000,0.199,0.090,0.000,0.019,0.000,0.071,0.000,0.000,0.000,0.000,0.000,0.000,0.000
water.walk,0,0.001,185788,3.016,0.000,0.000,0.000,0.000,0.000,0.000,0.000,0.000,0.000,0.000,0.203,0.090,0.000,0.019,0.000,0.071,0.000,0.000,0.000,0.000,0.000,0.000,0.000
water.walk,0,0.001,250232,4.434,0.000,0.000,0.000,0.000,0.000,0.000,0.000,0.000,0.000,0.000,0.536,0.402,0.000,0.021,0.000,0.380,0.000,0.000,0.000,0.000,0.000,0.000,0.000
water.walk,0,0.001,228652,5.402,0.000,0.001,0.000,0.000,0.000,0.000,0.000,0.000,0.000,0.000,0.241,0.103,0.000,0.022,0.000,0.080,0.000,0.000,0.000,0.000,0.000,0.000,0.000
water.walk,0,0.001,206312,4.088,0.000,0.000,0.000,0.000,0.000,0.000,0.000,0.000,0.000,0.000,0.224,0.099,0.000,0.019,0.000,0.080,0.000,0.000,0.000,0.000,0.000,0.000,0.000
water.walk,0,0.001,193311,3.641,0.000,0.000,0.000,0.000,0.000,0.000,0.000,0.000,0.000,0.000,0.224,0.095,0.000,0.021,0.000,0.074,0.000,0.000,0.000,0.000,0.000,0.000,0.000
water.walk,0,0.001,304146,5.446,0.000,0.001,0.000,0.000,0.000,0.000,0.000,0.000,0.000,0.000,1.054,0.818,0.000,0.029,0.000,0.789,0.000,0.000,0.000,0.000,0.000,0.000,0.000
water.walk,0,0.001,559521,6.313,0.000,0.000,0.251,0.000,0.000,0.000,0.000,0.000,0.000,0.000,0.839,0.529,0.000,0.070,0.000,0.457,0.000,0.000,0.000,0.000,0.000,0.000,0.000
water.walk,0,0.001,187308,3.118,0.000,0.000,0.000,0.000,0.000,0.000,0.000,0.000,0.000,0.000,0.220,0.100,0.000,0.019,0.000,0.080,0.000,0.000,0.000,0.000,0.000,0.000,0.000
water.walk,0,0.001,187460,3.625,0.000,0.001,0.000,0.000,0.000,0.000,0.000,0.000,0.000,0.000,0.201,0.089,0.000,0.018,0.000,0.071,0.000,0.000,0.000,0.000,0.000,0.000,0.000
water.walk,0,0.001,251904,4.942,0.000,0.000,0.000,0.000,0.000,0.000,0.000,0.000,0.000,0.000,0.684,0.518,0.000,0.034,0.000,0.484,0.000,0.000,0.000,0.000,0.000,0.000,0.000
water.walk,0,0.001,230324,4.828,0.000,0.000,0.000,0.000,0.000,0.000,0.000,0.000,0.000,0.000,0.205,0.092,0.000,0.018,0.000,0.073,0.000,0.000,0.000,0.000,0.000,0.000,0.000
water.walk,0,0.001,187916,3.231,0.000,0.000,0.000,0.000,0.000,0.000,0.000,0.000,0.000,0.000,0.225,0.097,0.000,0.025,0.000,0.071,0.000,0.000,0.000,0.000,0.000,0.000,0.000
water.walk,0,0.000,188068,3.700,0.000,0.001,0.000,0.000,0.000,0.000,0.000,0.000,0.000,0.000,0.202,0.091,0.000,0.019,0.000,0.071,0.000,0.000,0.000,0.000,0.000,0.000,0.000
water.walk,0,0.001,188220,3.555,0.000,0.000,0.000,0.000,0.000,0.000,0.000,0.000,0.000,0.000,0.246,0.101,0.000,0.023,0.000,0.078,0.000,0.000,0.000,0.000,0.000,0.000,0.000
water.walk,0,0.001,252664,4.381,0.000,0.000,0.000,0.000,0.000,0.000,0.000,0.000,0.000,0.000,0.620,0.474,0.000,0.029,0.000,0.445,0.000,0.000,0.000,0.000,0.000,0.000,0.000
water.walk,0,0.000,231084,5.182,0.000,0.000,0.000,0.000,0.000,0.000,0.000,0.000,0.000,0.000,0.202,0.088,0.000,0.017,0.000,0.070,0.000,0.000,0.000,0.000,0.000,0.000,0.000
water.walk,0,0.001,188676,3.727,0.000,0.001,0.000,0.000,0.000,0.000,0.000,0.000,0.000,0.000,0.248,0.109,0.000,0.027,0.000,0.081,0.000,0.000,0.000,0.000,0.000,0.000,0.000
water.walk,0,0.001,188828,3.369,0.000,0.001,0.000,0.000,0.000,0.000,0.000,0.000,0.000,0.000,0.239,0.106,0.000,0.025,0.000,0.081,0.000,0.000,0.000,0.000,0.000,0.000,0.000
water.walk,0,0.000,188980,2.975,0.000,0.000,0.000,0.000,0.000,0.000,0.000,0.000,0.000,0.000,0.201,0.092,0.000,0.018,0.000,0.073,0.000,0.000,0.000,0.000,0.000,0.000,0.000
water.walk,0,0.001,253424,4.255,0.000,0.000,0.000,0.000,0.000,0.000,0.000,0.000,0.000,0.000,0.622,0.468,0.000,0.027,0.000,0.441,0.000,0.000,0.000,0.000,0.000,0.000,0.000
water.walk,0,0.001,231844,4.600,0.000,0.000,0.000,0.000,0.000,0.000,0.000,0.000,0.000,0.000,0.191,0.084,0.000,0.018,0.000,0.066,0.000,0.000,0.000,0.000,0.000,0.000,0.000
water.walk,0,0.001,189436,3.743,0.000,0.001,0.000,0.000,0.000,0.000,0.000,0.000,0.000,0.000,0.250,0.107,0.000,0.024,0.000,0.082,0.000,0.000,0.000,0.000,0.000,0.000,0.000
water.walk,0,0.001,189588,3.161,0.000,0.001,0.000,0.000,0.000,0.000,0.000,0.000,0.000,0.000,0.208,0.091,0.000,0.019,0.000,0.072,0.000,0.000,0.000,0.000,0.000,0.000,0.000
water.walk,0,0.000,189740,3.016,0.000,0.000,0.000,0.000,0.000,0.000,0.000,0.000,0.000,0.000,0.203,0.091,0.000,0.017,0.000,0.074,0.000,0.000,0.000,0.000,0.000,0.000,0.000
water.walk,0,0.001,254184,4.277,0.000,0.001,0.000,0.000,0.000,0.000,0.000,0.000,0.000,0.000,0.618,0.473,0.000,0.023,0.000,0.450,0.000,0.000,0.000,0.000,0.000,0.000,0.000
water.walk,0,0.001,232604,5.177,0.000,0.001,0.000,0.000,0.000,0.000,0.000,0.000,0.000,0.000,0.230,0.101,0.000,0.023,0.000,0.078,0.000,0.000,0.000,0.000,0.000,0.000,0.000
water.walk,0,0.001,190196,3.324,0.000,0.001,0.000,0.000,0.000,0.000,0.000,0.000,0.000,0.000,0.239,0.105,0.000,0.025,0.000,0.079,0.000,0.000,0.000,0.000,0.000,0.000,0.000
water.walk,0,0.000,190348,2.936,0.000,0.001,0.000,0.000,0.000,0.000,0.000,0.000,0.000,0.000,0.187,0.083,0.000,0.019,0.000,0.064,0.000,0.000,0.000,0.000,0.000,0.000,0.000
water.walk,0,0.000,190500,2.914,0.000,0.000,0.000,0.000,0.000,0.000,0.000,0.000,0.000,0.000,0.183,0.080,0.000,0.018,0.000,0.062,0.000,0.000,0.000,0.000,0.000,0.000,0.000
water.walk,0,0.001,254944,5.085,0.000,0.001,0.000,0.000,0.000,0.000,0.000,0.000,0.000,0.000,0.652,0.500,0.000,0.029,0.000,0.471,0.000,0.000,0.000,0.000,0.000,0.000,0.000
water.walk,0,0.000,233364,4.517,0.000,0.000,0.000,0.000,0.000,0.000,0.000,0.000,0.000,0.000,0.196,0.089,0.000,0.018,0.000,0.071,0.000,0.000,0.000,0.000,0.000,0.000,0.000
water.walk,0,0.000,190956,3.187,0.000,0.000,0.000,0.000,0.000,0.000,0.000,0.000,0.000,0.000,0.199,0.090,0.000,0.019,0.000,0.071,0.000,0.000,0.000,0.000,0.000,0.000,0.000
water.walk,0,0.001,191108,3.146,0.000,0.000,0.000,0.000,0.000,0.000,0.000,0.000,0.000,0.000,0.193,0.087,0.000,0.020,0.000,0.067,0.000,0.000,0.000,0.000,0.000,0.000,0.000
water.walk,0,0.001,191260,3.409,0.000,0.001,0.000,0.000,0.000,0.000,0.000,0.000,0.000,0.000,0.242,0.112,0.000,0.022,0.000,0.089,0.000,0.000,0.000,0.000,0.000,0.000,0.000
water.walk,0,0.000,255704,3.983,0.000,0.000,0.000,0.000,0.000,0.000,0.000,0.000,0.000,0.000,0.598,0.459,0.000,0.025,0.000,0.434,0.000,0.000,0.000,0.000,0.000,0.000,0.000
water.walk,0,0.001,234124,4.718,0.000,0.001,0.000,0.000,0.000,0.000,0.000,0.000,0.000,0.000,0.206,0.086,0.000,0.018,0.000,0.068,0.000,0.000,0.000,0.000,0.000,0.000,0.000
water.walk,0,0.000,366431,4.345,0.000,0.001,0.000,0.000,0.000,0.000,0.000,0.000,0.000,0.000,0.785,0.496,0.000,0.065,0.000,0.429,0.000,0.000,0.000,0.000,0.000,0.000,0.000
water.walk,0,0.000,191868,3.570,0.000,0.001,0.000,0.000,0.000,0.000,0.000,0.000,0.000,0.000,0.199,0.087,0.000,0.018,0.000,0.069,0.000,0.000,0.000,0.000,0.000,0.000,0.000
water.walk,0,0.001,192020,3.119,0.000,0.000,0.000,0.000,0.000,0.000,0.000,0.000,0.000,0.000,0.228,0.109,0.000,0.023,0.000,0.085,0.000,0.000,0.000,0.000,0.000,0.000,0.000
water.walk,0,0.000,256464,4.266,0.000,0.000,0.000,0.000,0.000,0.000,0.000,0.000,0.000,0.000,0.603,0.465,0.000,0.025,0.000,0.440,0.000,0.000,0.000,0.000,0.000,0.000,0.000
water.walk,0,0.001,240149,5.353,0.000,0.000,0.000,0.000,0.000,0.000,0.000,0.000,0.000,0.000,0.206,0.089,0.000,0.018,0.000,0.070,0.000,0.000,0.000,0.000,0.000,0.000,0.000
water.walk,0,0.001,192528,3.335,0.000,0.001,0.000,0.000,0.000,0.000,0.000,0.000,0.000,0.000,0.234,0.101,0.000,0.023,0.000,0.077,0.000,0.000,0.000,0.000,0.000,0.000,0.000
water.walk,0,0.001,192628,2.918,0.000,0.000,0.000,0.000,0.000,0.000,0.000,0.000,0.000,0.000,0.195,0.090,0.000,0.018,0.000,0.072,0.000,0.000,0.000,0.000,0.000,0.000,0.000
water.walk,0,0.002,192780,3.610,0.000,0.000,0.000,0.000,0.000,0.000,0.000,0.000,0.000,0.000,0.205,0.087,0.000,0.021,0.000,0.066,0.000,0.000,0.000,0.000,0.000,0.000,0.000
water.walk,0,0.001,257224,4.601,0.000,0.001,0.000,0.000,0.000,0.000,0.000,0.000,0.000,0.000,0.653,0.498,0.000,0.029,0.000,0.469,0.000,0.000,0.000,0.000,0.000,0.000,0.000
water.walk,0,0.001,235644,4.825,0.000,0.001,0.000,0.000,0.000,0.000,0.000,0.000,0.000,0.000,0.215,0.089,0.000,0.018,0.000,0.071,0.000,0.000,0.000,0.000,0.000,0.000,0.000
water.walk,0,0.000,193236,3.103,0.000,0.000,0.000,0.000,0.000,0.000,0.000,0.000,0.000,0.000,0.203,0.087,0.000,0.019,0.000,0.069,0.000,0.000,0.000,0.000,0.000,0.000,0.000
water.walk,0,0.001,193388,2.981,0.000,0.000,0.000,0.000,0.000,0.000,0.000,0.000,0.000,0.000,0.213,0.098,0.000,0.021,0.000,0.077,0.000,0.000,0.000,0.000,0.000,0.000,0.000
water.walk,0,0.000,201774,3.705,0.000,0.000,0.000,0.000,0.000,0.000,0.000,0.000,0.000,0.000,0.381,0.169,0.000,0.027,0.000,0.141,0.000,0.000,0.000,0.000,0.000,0.000,0.000
water.walk,0,0.000,257984,4.946,0.000,0.000,0.000,0.000,0.000,0.000,0.000,0.000,0.000,0.000,0.607,0.459,0.000,0.026,0.000,0.432,0.000,0.000,0.000,0.000,0.000,0.000,0.000
water.walk,0,0.001,236404,4.815,0.000,0.000,0.000,0.000,0.000,0.000,0.000,0.000,0.000,0.000,0.232,0.103,0.000,0.024,0.000,0.079,0.000,0.000,0.000,0.000,0.000,0.000,0.000
water.walk,0,0.002,193996,3.222,0.000,0.001,0.000,0.000,0.000,0.000,0.000,0.000,0.000,0.000,0.215,0.098,0.000,0.021,0.000,0.076,0.000,0.000,0.000,0.000,0.000,0.000,0.000
water.walk,0,0.000,194148,3.371,0.000,0.000,0.000,0.000,0.000,0.000,0.000,0.000,0.000,0.000,0.203,0.087,0.000,0.019,0.000,0.068,0.000,0.000,0.000,0.000,0.000,0.000,0.000
water.walk,0,0.001,258592,4.181,0.000,0.001,0.000,0.000,0.000,0.000,0.000,0.000,0.000,0.000,0.587,0.450,0.000,0.028,0.000,0.421,0.000,0.000,0.000,0.000,0.000,0.000,0.000
water.walk,0,0.001,237012,5.977,0.000,0.001,0.000,0.000,0.000,0.000,0.000,0.000,0.000,0.000,0.315,0.118,0.000,0.022,0.000,0.096,0.000,0.000,0.000,0.000,0.000,0.000,0.000
water.walk,0,0.001,194604,3.672,0.000,0.004,0.000,0.000,0.000,0.000,0.000,0.000,0.000,0.000,0.238,0.105,0.000,0.023,0.000,0.081,0.000,0.000,0.000,0.000,0.000,0.000,0.000
water.walk,0,0.001,194756,3.295,0.000,0.001,0.000,0.000,0.000,0.000,0.000,0.000,0.000,0.000,0.206,0.093,0.000,0.022,0.000,0.070,0.000,0.000,0.000,0.000,0.000,0.000,0.000
water.walk,0,0.001,194908,3.450,0.000,0.000,0.000,0.000,0.000,0.000,0.000,0.000,0.000,0.000,0.210,0.092,0.000,0.019,0.000,0.073,0.000,0.000,0.000,0.000,0.000,0.000,0.000
water.walk,0,0.001,259352,4.544,0.000,0.000,0.000,0.000,0.000,0.000,0.000,0.000,0.000,0.000,0.722,0.559,0.000,0.025,0.000,0.534,0.000,0.000,0.000,0.000,0.000,0.000,0.000
water.walk,0,0.001,237772,4.621,0.000,0.000,0.000,0.000,0.000,0.000,0.000,0.000,0.000,0.000,0.217,0.105,0.000,0.021,0.000,0.084,0.000,0.000,0.000,0.000,0.000,0.000,0.000
water.walk,0,0.000,195364,4.052,0.000,0.000,0.000,0.000,0.000,0.000,0.000,0.000,0.000,0.000,0.217,0.097,0.000,0.021,0.000,0.076,0.000,0.000,0.000,0.000,0.000,0.000,0.000
water.walk,0,0.001,195516,3.276,0.000,0.001,0.000,0.000,0.000,0.000,0.000,0.000,0.000,0.000,0.232,0.099,0.000,0.023,0.000,0.076,0.000,0.000,0.000,0.000,0.000,0.000,0.000
water.walk,0,0.000,195668,2.974,0.000,0.000,0.000,0.000,0.000,0.000,0.000,0.000,0.000,0.000,0.201,0.085,0.000,0.017,0.000,0.068,0.000,0.000,0.000,0.000,0.000,0.000,0.000
water.walk,0,0.000,260112,4.246,0.000,0.001,0.000,0.000,0.000,0.000,0.000,0.000,0.000,0.000,0.626,0.479,0.000,0.026,0.000,0.452,0.000,0.000,0.000,0.000,0.000,0.000,0.000
water.walk,0,0.001,238532,4.333,0.000,0.000,0.000,0.000,0.000,0.000,0.000,0.000,0.000,0.000,0.205,0.093,0.000,0.021,0.000,0.071,0.000,0.000,0.000,0.000,0.000,0.000,0.000
water.walk,0,0.001,196124,3.673,0.000,0.001,0.000,0.000,0.000,0.000,0.000,0.000,0.000,0.000,0.200,0.087,0.000,0.021,0.000,0.066,0.000,0.000,0.000,0.000,0.000,0.000,0.000
water.walk,0,0.001,3212358,15.686,0.000,0.001,0.000,0.000,0.000,0.000,0.000,0.000,0.000,0.000,1.811,1.187,0.000,0.158,0.000,1.024,0.000,0.000,0.000,0.000,0.000,0.000,0.000
water.walk,0,0.002,260724,4.529,0.000,0.001,0.000,0.000,0.000,0.000,0.000,0.000,0.000,0.000,0.664,0.505,0.000,0.033,0.000,0.472,0.000,0.000,0.000,0.000,0.000,0.000,0.000
water.walk,0,0.001,239140,4.510,0.000,0.000,0.000,0.000,0.000,0.000,0.000,0.000,0.000,0.000,0.202,0.091,0.000,0.021,0.000,0.070,0.000,0.000,0.000,0.000,0.000,0.000,0.000
water.walk,0,0.000,261024,5.270,0.000,0.000,0.000,0.000,0.000,0.000,0.000,0.000,0.000,0.000,0.634,0.482,0.000,0.030,0.000,0.452,0.000,0.000,0.000,0.000,0.000,0.000,0.000
water.walk,0,0.001,239444,4.819,0.000,0.000,0.000,0.000,0.000,0.000,0.000,0.000,0.000,0.000,0.223,0.097,0.000,0.021,0.000,0.076,0.000,0.000,0.000,0.000,0.000,0.000,0.000
water.walk,0,0.001,197036,3.172,0.000,0.001,0.000,0.000,0.000,0.000,0.000,0.000,0.000,0.000,0.205,0.089,0.000,0.019,0.000,0.069,0.000,0.000,0.000,0.000,0.000,0.000,0.000
water.walk,0,0.000,197188,2.937,0.000,0.000,0.000,0.000,0.000,0.000,0.000,0.000,0.000,0.000,0.194,0.086,0.000,0.018,0.000,0.067,0.000,0.000,0.000,0.000,0.000,0.000,0.000
water.walk,0,0.000,202605,3.005,0.000,0.000,0.000,0.000,0.000,0.000,0.000,0.000,0.000,0.000,0.198,0.086,0.000,0.019,0.000,0.067,0.000,0.000,0.000,0.000,0.000,0.000,0.000
water.walk,0,0.000,261784,4.713,0.000,0.001,0.000,0.000,0.000,0.000,0.000,0.000,0.000,0.000,0.600,0.465,0.000,0.023,0.000,0.441,0.000,0.000,0.000,0.000,0.000,0.000,0.000
water.walk,0,0.001,240204,5.084,0.000,0.001,0.000,0.000,0.000,0.000,0.000,0.000,0.000,0.000,0.236,0.099,0.000,0.023,0.000,0.075,0.000,0.000,0.000,0.000,0.000,0.000,0.000
water.walk,0,0.000,197796,3.086,0.000,0.001,0.000,0.000,0.000,0.000,0.000,0.000,0.000,0.000,0.210,0.089,0.000,0.021,0.000,0.067,0.000,0.000,0.000,0.000,0.000,0.000,0.000
water.walk,0,0.001,197948,2.956,0.000,0.000,0.000,0.000,0.000,0.000,0.000,0.000,0.000,0.000,0.203,0.094,0.000,0.017,0.000,0.077,0.000,0.000,0.000,0.000,0.000,0.000,0.000
water.walk,0,0.001,198100,3.494,0.000,0.001,0.000,0.000,0.000,0.000,0.000,0.000,0.000,0.000,0.196,0.088,0.000,0.020,0.000,0.068,0.000,0.000,0.000,0.000,0.000,0.000,0.000
water.walk,0,0.001,262544,4.347,0.000,0.000,0.000,0.000,0.000,0.000,0.000,0.000,0.000,0.000,0.658,0.494,0.000,0.033,0.000,0.460,0.000,0.000,0.000,0.000,0.000,0.000,0.000
water.walk,0,0.000,240964,4.445,0.000,0.000,0.000,0.000,0.000,0.000,0.000,0.000,0.000,0.000,0.209,0.093,0.000,0.020,0.000,0.073,0.000,0.000,0.000,0.000,0.000,0.000,0.000
water.walk,0,0.000,198556,3.675,0.000,0.000,0.000,0.000,0.000,0.000,0.000,0.000,0.000,0.000,0.216,0.092,0.000,0.022,0.000,0.070,0.000,0.000,0.000,0.000,0.000,0.000,0.000
water.walk,0,0.001,198708,3.392,0.000,0.000,0.000,0.000,0.000,0.000,0.000,0.000,0.000,0.000,0.264,0.119,0.000,0.028,0.000,0.090,0.000,0.000,0.000,0.000,0.000,0.000,0.000
water.walk,0,0.000,198860,3.016,0.000,0.000,0.000,0.000,0.000,0.000,0.000,0.000,0.000,0.000,0.202,0.086,0.000,0.018,0.000,0.068,0.000,0.000,0.000,0.000,0.000,0.000,0.000
water.walk,0,0.000,316610,5.197,0.000,0.000,0.000,0.000,0.000,0.000,0.000,0.000,0.000,0.000,0.823,0.629,0.000,0.029,0.000,0.599,0.000,0.000,0.000,0.000,0.000,0.000,0.000
water.walk,0,0.001,448746,5.540,0.000,0.000,0.276,0.000,0.000,0.000,0.000,0.000,0.000,0.000,0.232,0.110,0.000,0.024,0.000,0.086,0.000,0.000,0.000,0.000,0.000,0.000,0.000
water.walk,0,0.000,199772,3.652,0.000,0.001,0.000,0.000,0.000,0.000,0.000,0.000,0.000,0.000,0.226,0.103,0.000,0.023,0.000,0.080,0.000,0.000,0.000,0.000,0.000,0.000,0.000
water.walk,0,0.001,199976,3.469,0.000,0.001,0.000,0.000,0.000,0.000,0.000,0.000,0.000,0.000,0.244,0.104,0.000,0.027,0.000,0.077,0.000,0.000,0.000,0.000,0.000,0.000,0.000
water.walk,0,0.001,200076,3.268,0.000,0.001,0.000,0.000,0.000,0.000,0.000,0.000,0.000,0.000,0.212,0.097,0.000,0.020,0.000,0.077,0.000,0.000,0.000,0.000,0.000,0.000,0.000
water.walk,0,0.001,264520,5.127,0.000,0.000,0.000,0.000,0.000,0.000,0.000,0.000,0.000,0.000,0.707,0.534,0.000,0.031,0.000,0.502,0.000,0.000,0.000,0.000,0.000,0.000,0.000
water.walk,0,0.001,242940,5.374,0.000,0.001,0.000,0.000,0.000,0.000,0.000,0.000,0.000,0.000,0.239,0.103,0.000,0.027,0.000,0.075,0.000,0.000,0.000,0.000,0.000,0.000,0.000
water.walk,0,0.000,200532,3.188,0.000,0.001,0.000,0.000,0.000,0.000,0.000,0.000,0.000,0.000,0.200,0.090,0.000,0.021,0.000,0.069,0.000,0.000,0.000,0.000,0.000,0.000,0.000
water.walk,0,0.000,200684,3.590,0.000,0.000,0.000,0.000,0.000,0.000,0.000,0.000,0.000,0.000,0.202,0.087,0.000,0.020,0.000,0.067,0.000,0.000,0.000,0.000,0.000,0.000,0.000
water.walk,0,0.001,439843,6.256,0.000,0.001,0.000,0.000,0.000,0.000,0.000,0.000,0.000,0.000,1.203,0.876,0.000,0.076,0.000,0.798,0.000,0.000,0.000,0.000,0.000,0.000,0.000
water.walk,0,0.001,243548,4.772,0.000,0.000,0.000,0.000,0.000,0.000,0.000,0.000,0.000,0.000,0.233,0.101,0.000,0.022,0.000,0.079,0.000,0.000,0.000,0.000,0.000,0.000,0.000
water.walk,0,0.000,201140,3.301,0.000,0.001,0.000,0.000,0.000,0.000,0.000,0.000,0.000,0.000,0.212,0.095,0.000,0.020,0.000,0.074,0.000,0.000,0.000,0.000,0.000,0.000,0.000
water.walk,0,0.001,201292,3.329,0.000,0.001,0.000,0.000,0.000,0.000,0.000,0.000,0.000,0.000,0.221,0.096,0.000,0.021,0.000,0.074,0.000,0.000,0.000,0.000,0.000,0.000,0.000
water.walk,0,0.001,265736,4.757,0.000,0.000,0.000,0.000,0.000,0.000,0.000,0.000,0.000,0.000,0.623,0.472,0.000,0.025,0.000,0.447,0.000,0.000,0.000,0.000,0.000,0.000,0.000
water.walk,0,0.001,244156,4.888,0.000,0.000,0.000,0.000,0.000,0.000,0.000,0.000,0.000,0.000,0.254,0.103,0.000,0.023,0.000,0.080,0.000,0.000,0.000,0.000,0.000,0.000,0.000
water.walk,0,0.001,201748,3.199,0.000,0.001,0.000,0.000,0.000,0.000,0.000,0.000,0.000,0.000,0.229,0.097,0.000,0.024,0.000,0.073,0.000,0.000,0.000,0.000,0.000,0.000,0.000
water.walk,0,0.001,201900,3.993,0.000,0.000,0.000,0.000,0.000,0.000,0.000,0.000,0.000,0.000,0.218,0.095,0.000,0.022,0.000,0.073,0.000,0.000,0.000,0.000,0.000,0.000,0.000
water.walk,0,0.001,202052,3.449,0.000,0.000,0.000,0.000,0.000,0.000,0.000,0.000,0.000,0.000,0.248,0.107,0.000,0.027,0.000,0.079,0.000,0.000,0.000,0.000,0.000,0.000,0.000
water.walk,0,0.000,266496,4.178,0.000,0.000,0.000,0.000,0.000,0.000,0.000,0.000,0.000,0.000,0.633,0.489,0.000,0.028,0.000,0.461,0.000,0.000,0.000,0.000,0.000,0.000,0.000
water.walk,0,0.000,244916,4.606,0.000,0.001,0.000,0.000,0.000,0.000,0.000,0.000,0.000,0.000,0.188,0.083,0.000,0.018,0.000,0.064,0.000,0.000,0.000,0.000,0.000,0.000,0.000
water.walk,0,0.000,202508,3.488,0.000,0.000,0.000,0.000,0.000,0.000,0.000,0.000,0.000,0.000,0.227,0.098,0.000,0.023,0.000,0.074,0.000,0.000,0.000,0.000,0.000,0.000,0.000
water.walk,0,0.001,202660,3.759,0.000,0.001,0.000,0.000,0.000,0.000,0.000,0.000,0.000,0.000,0.211,0.091,0.000,0.022,0.000,0.069,0.000,0.000,0.000,0.000,0.000,0.000,0.000
water.walk,0,0.001,202812,3.219,0.000,0.000,0.000,0.000,0.000,0.000,0.000,0.000,0.000,0.000,0.211,0.094,0.000,0.020,0.000,0.073,0.000,0.000,0.000,0.000,0.000,0.000,0.000
water.walk,0,0.001,267256,4.310,0.000,0.000,0.000,0.000,0.000,0.000,0.000,0.000,0.000,0.000,0.632,0.487,0.000,0.026,0.000,0.461,0.000,0.000,0.000,0.000,0.000,0.000,0.000
water.walk,0,0.001,245676,4.554,0.000,0.000,0.000,0.000,0.000,0.000,0.000,0.000,0.000,0.000,0.195,0.085,0.000,0.017,0.000,0.068,0.000,0.000,0.000,0.000,0.000,0.000,0.000
water.walk,0,0.001,208533,4.207,0.000,0.000,0.000,0.000,0.000,0.000,0.000,0.000,0.000,0.000,0.243,0.105,0.000,0.022,0.000,0.082,0.000,0.000,0.000,0.000,0.000,0.000,0.000
water.walk,0,0.001,203420,3.485,0.000,0.001,0.000,0.000,0.000,0.000,0.000,0.000,0.000,0.000,0.238,0.103,0.000,0.025,0.000,0.078,0.000,0.000,0.000,0.000,0.000,0.000,0.000
water.walk,0,0.001,203572,3.246,0.000,0.000,0.000,0.000,0.000,0.000,0.000,0.000,0.000,0.000,0.204,0.091,0.000,0.020,0.000,0.071,0.000,0.000,0.000,0.000,0.000,0.000,0.000
water.walk,0,0.001,268016,4.306,0.000,0.000,0.000,0.000,0.000,0.000,0.000,0.000,0.000,0.000,0.642,0.475,0.000,0.025,0.000,0.449,0.000,0.000,0.000,0.000,0.000,0.000,0.000
water.walk,0,0.000,246436,5.230,0.000,0.001,0.000,0.000,0.000,0.000,0.000,0.000,0.000,0.000,0.196,0.083,0.000,0.017,0.000,0.066,0.000,0.000,0.000,0.000,0.000,0.000,0.000
water.walk,0,0.001,204028,3.716,0.000,0.001,0.000,0.000,0.000,0.000,0.000,0.000,0.000,0.000,0.259,0.115,0.000,0.029,0.000,0.085,0.000,0.000,0.000,0.000,0.000,0.000,0.000
water.walk,0,0.000,204180,3.246,0.000,0.001,0.000,0.000,0.000,0.000,0.000,0.000,0.000,0.000,0.218,0.098,0.000,0.021,0.000,0.077,0.000,0.000,0.000,0.000,0.000,0.000,0.000
water.walk,0,0.001,204332,3.225,0.000,0.000,0.000,0.000,0.000,0.000,0.000,0.000,0.000,0.000,0.198,0.089,0.000,0.020,0.000,0.069,0.000,0.000,0.000,0.000,0.000,0.000,0.000
water.walk,0,0.002,268776,5.100,0.000,0.000,0.000,0.000,0.000,0.000,0.000,0.000,0.000,0.000,0.661,0.488,0.000,0.031,0.000,0.457,0.000,0.000,0.000,0.000,0.000,0.000,0.000
water.walk,0,0.001,247196,4.782,0.000,0.000,0.000,0.000,0.000,0.000,0.000,0.000,0.000,0.000,0.243,0.102,0.000,0.024,0.000,0.077,0.000,0.000,0.000,0.000,0.000,0.000,0.000
water.walk,0,0.001,204788,3.183,0.000,0.001,0.000,0.000,0.000,0.000,0.000,0.000,0.000,0.000,0.225,0.097,0.000,0.022,0.000,0.074,0.000,0.000,0.000,0.000,0.000,0.000,0.000
water.walk,0,0.000,204940,3.113,0.000,0.000,0.000,0.000,0.000,0.000,0.000,0.000,0.000,0.000,0.215,0.092,0.000,0.020,0.000,0.072,0.000,0.000,0.000,0.000,0.000,0.000,0.000
water.walk,0,0.001,269384,4.933,0.000,0.001,0.000,0.000,0.000,0.000,0.000,0.000,0.000,0.000,0.643,0.487,0.000,0.025,0.000,0.462,0.000,0.000,0.000,0.000,0.000,0.000,0.000
water.walk,0,0.001,422519,6.081,0.000,0.001,0.000,0.000,0.000,0.000,0.000,0.000,0.000,0.000,0.818,0.517,0.000,0.070,0.000,0.445,0.000,0.000,0.000,0.000,0.000,0.000,0.000
water.walk,0,0.001,205396,3.315,0.000,0.001,0.000,0.000,0.000,0.000,0.000,0.000,0.000,0.000,0.217,0.093,0.000,0.020,0.000,0.073,0.000,0.000,0.000,0.000,0.000,0.000,0.000
water.walk,0,0.001,205548,3.470,0.000,0.000,0.000,0.000,0.000,0.000,0.000,0.000,0.000,0.000,0.225,0.098,0.000,0.021,0.000,0.077,0.000,0.000,0.000,0.000,0.000,0.000,0.000
water.walk,0,0.001,205700,4.046,0.000,0.001,0.000,0.000,0.000,0.000,0.000,0.000,0.000,0.000,0.224,0.109,0.000,0.019,0.000,0.089,0.000,0.000,0.000,0.000,0.000,0.000,0.000
water.walk,0,0.001,270144,4.851,0.000,0.001,0.000,0.000,0.000,0.000,0.000,0.000,0.000,0.000,0.687,0.521,0.000,0.033,0.000,0.488,0.000,0.000,0.000,0.000,0.000,0.000,0.000
water.walk,0,0.001,248564,4.828,0.000,0.000,0.000,0.000,0.000,0.000,0.000,0.000,0.000,0.000,0.222,0.097,0.000,0.023,0.000,0.074,0.000,0.000,0.000,0.000,0.000,0.000,0.000
water.walk,0,0.001,206156,3.632,0.000,0.000,0.000,0.000,0.000,0.000,0.000,0.000,0.000,0.000,0.234,0.100,0.000,0.022,0.000,0.078,0.000,0.000,0.000,0.000,0.000,0.000,0.000
water.walk,0,0.001,206308,3.109,0.000,0.001,0.000,0.000,0.000,0.000,0.000,0.000,0.000,0.000,0.199,0.090,0.000,0.020,0.000,0.069,0.000,0.000,0.000,0.000,0.000,0.000,0.000
water.walk,0,0.000,270752,4.364,0.000,0.000,0.000,0.000,0.000,0.000,0.000,0.000,0.000,0.000,0.633,0.485,0.000,0.027,0.000,0.458,0.000,0.000,0.000,0.000,0.000,0.000,0.000
water.walk,0,0.001,249172,4.410,0.000,0.001,0.000,0.000,0.000,0.000,0.000,0.000,0.000,0.000,0.199,0.088,0.000,0.018,0.000,0.069,0.000,0.000,0.000,0.000,0.000,0.000,0.000
water.walk,0,0.000,206764,2.870,0.000,0.001,0.000,0.000,0.000,0.000,0.000,0.000,0.000,0.000,0.193,0.089,0.000,0.019,0.000,0.069,0.000,0.000,0.000,0.000,0.000,0.000,0.000
water.walk,0,0.000,206916,3.568,0.000,0.001,0.000,0.000,0.000,0.000,0.000,0.000,0.000,0.000,0.192,0.084,0.000,0.017,0.000,0.066,0.000,0.000,0.000,0.000,0.000,0.000,0.000
water.walk,0,0.001,207120,3.502,0.000,0.001,0.000,0.000,0.000,0.000,0.000,0.000,0.000,0.000,0.233,0.107,0.000,0.021,0.000,0.086,0.000,0.000,0.000,0.000,0.000,0.000,0.000
water.walk,0,0.001,271512,4.338,0.000,0.000,0.000,0.000,0.000,0.000,0.000,0.000,0.000,0.000,0.660,0.502,0.000,0.030,0.000,0.471,0.000,0.000,0.000,0.000,0.000,0.000,0.000
water.walk,0,0.001,249932,4.676,0.000,0.000,0.000,0.000,0.000,0.000,0.000,0.000,0.000,0.000,0.209,0.092,0.000,0.020,0.000,0.072,0.000,0.000,0.000,0.000,0.000,0.000,0.000
water.walk,0,0.001,207524,3.592,0.000,0.001,0.000,0.000,0.000,0.000,0.000,0.000,0.000,0.000,0.249,0.110,0.000,0.024,0.000,0.086,0.000,0.000,0.000,0.000,0.000,0.000,0.000
water.walk,0,0.001,207676,3.006,0.000,0.000,0.000,0.000,0.000,0.000,0.000,0.000,0.000,0.000,0.201,0.090,0.000,0.019,0.000,0.071,0.000,0.000,0.000,0.000,0.000,0.000,0.000
water.walk,0,0.001,207828,3.019,0.000,0.000,0.000,0.000,0.000,0.000,0.000,0.000,0.000,0.000,0.213,0.092,0.000,0.020,0.000,0.072,0.000,0.000,0.000,0.000,0.000,0.000,0.000
water.walk,0,0.000,207980,3.157,0.000,0.001,0.000,0.000,0.000,0.000,0.000,0.000,0.000,0.000,0.195,0.088,0.000,0.018,0.000,0.070,0.000,0.000,0.000,0.000,0.000,0.000,0.000
water.walk,0,0.000,272424,4.698,0.000,0.001,0.000,0.000,0.000,0.000,0.000,0.000,0.000,0.000,0.692,0.533,0.000,0.028,0.000,0.505,0.000,0.000,0.000,0.000,0.000,0.000,0.000
water.walk,0,0.001,250844,4.420,0.000,0.000,0.000,0.000,0.000,0.000,0.000,0.000,0.000,0.000,0.197,0.089,0.000,0.018,0.000,0.071,0.000,0.000,0.000,0.000,0.000,0.000,0.000
water.walk,0,0.000,208436,3.356,0.000,0.001,0.000,0.000,0.000,0.000,0.000,0.000,0.000,0.000,0.202,0.092,0.000,0.018,0.000,0.073,0.000,0.000,0.000,0.000,0.000,0.000,0.000
water.walk,0,0.001,208588,3.854,0.000,0.001,0.000,0.000,0.000,0.000,0.000,0.000,0.000,0.000,0.292,0.124,0.000,0.030,0.000,0.093,0.000,0.000,0.000,0.000,0.000,0.000,0.000
water.walk,0,0.001,326338,5.437,0.000,0.001,0.000,0.000,0.000,0.000,0.000,0.000,0.000,0.000,0.852,0.653,0.000,0.031,0.000,0.622,0.000,0.000,0.000,0.000,0.000,0.000,0.000
water.walk,0,0.001,479569,5.575,0.000,0.000,0.276,0.000,0.000,0.000,0.000,0.000,0.000,0.000,0.229,0.096,0.000,0.022,0.000,0.074,0.000,0.000,0.000,0.000,0.000,0.000,0.000
water.walk,0,0.001,222662,3.643,0.000,0.001,0.000,0.000,0.000,0.000,0.000,0.000,0.000,0.000,0.223,0.099,0.000,0.021,0.000,0.078,0.000,0.000,0.000,0.000,0.000,0.000,0.000
water.walk,0,0.000,222084,3.516,0.000,0.000,0.000,0.000,0.000,0.000,0.000,0.000,0.000,0.000,0.200,0.085,0.000,0.019,0.000,0.066,0.000,0.000,0.000,0.000,0.000,0.000,0.000
water.walk,0,0.001,216300,3.858,0.000,0.001,0.000,0.000,0.000,0.000,0.000,0.000,0.000,0.000,0.243,0.104,0.000,0.023,0.000,0.081,0.000,0.000,0.000,0.000,0.000,0.000,0.000
water.walk,0,0.000,274248,4.251,0.000,0.000,0.000,0.000,0.000,0.000,0.000,0.000,0.000,0.000,0.633,0.488,0.000,0.025,0.000,0.463,0.000,0.000,0.000,0.000,0.000,0.000,0.000
water.walk,0,0.001,252668,4.967,0.000,0.001,0.000,0.000,0.000,0.000,0.000,0.000,0.000,0.000,0.217,0.092,0.000,0.019,0.000,0.073,0.000,0.000,0.000,0.000,0.000,0.000,0.000
water.walk,0,0.001,384975,5.401,0.000,0.001,0.000,0.000,0.000,0.000,0.000,0.000,0.000,0.000,0.833,0.519,0.000,0.069,0.000,0.447,0.000,0.000,0.000,0.000,0.000,0.000,0.000
water.walk,0,0.001,210412,3.248,0.000,0.000,0.000,0.000,0.000,0.000,0.000,0.000,0.000,0.000,0.236,0.100,0.000,0.021,0.000,0.078,0.000,0.000,0.000,0.000,0.000,0.000,0.000
water.walk,0,0.001,274856,4.314,0.000,0.000,0.000,0.000,0.000,0.000,0.000,0.000,0.000,0.000,0.643,0.497,0.000,0.024,0.000,0.472,0.000,0.000,0.000,0.000,0.000,0.000,0.000
water.walk,0,0.001,253276,4.468,0.000,0.000,0.000,0.000,0.000,0.000,0.000,0.000,0.000,0.000,0.197,0.088,0.000,0.017,0.000,0.070,0.000,0.000,0.000,0.000,0.000,0.000,0.000
water.walk,0,0.000,210868,3.573,0.000,0.001,0.000,0.000,0.000,0.000,0.000,0.000,0.000,0.000,0.203,0.090,0.000,0.019,0.000,0.071,0.000,0.000,0.000,0.000,0.000,0.000,0.000
water.walk,0,0.001,211020,3.264,0.000,0.000,0.000,0.000,0.000,0.000,0.000,0.000,0.000,0.000,0.228,0.097,0.000,0.022,0.000,0.075,0.000,0.000,0.000,0.000,0.000,0.000,0.000
water.walk,0,0.000,211172,3.049,0.000,0.000,0.000,0.000,0.000,0.000,0.000,0.000,0.000,0.000,0.194,0.084,0.000,0.017,0.000,0.066,0.000,0.000,0.000,0.000,0.000,0.000,0.000
water.walk,0,0.000,275616,4.182,0.000,0.000,0.000,0.000,0.000,0.000,0.000,0.000,0.000,0.000,0.609,0.465,0.000,0.026,0.000,0.439,0.000,0.000,0.000,0.000,0.000,0.000,0.000
water.walk,0,0.002,254036,4.954,0.000,0.001,0.000,0.000,0.000,0.000,0.000,0.000,0.000,0.000,0.222,0.094,0.000,0.022,0.000,0.071,0.000,0.000,0.000,0.000,0.000,0.000,0.000
water.walk,0,0.001,211628,3.415,0.000,0.001,0.000,0.000,0.000,0.000,0.000,0.000,0.000,0.000,0.224,0.097,0.000,0.023,0.000,0.073,0.000,0.000,0.000,0.000,0.000,0.000,0.000
water.walk,0,0.000,211780,3.036,0.000,0.000,0.000,0.000,0.000,0.000,0.000,0.000,0.000,0.000,0.195,0.089,0.000,0.020,0.000,0.068,0.000,0.000,0.000,0.000,0.000,0.000,0.000
water.walk,0,0.001,211932,2.974,0.000,0.000,0.000,0.000,0.000,0.000,0.000,0.000,0.000,0.000,0.193,0.085,0.000,0.018,0.000,0.067,0.000,0.000,0.000,0.000,0.000,0.000,0.000
water.walk,0,0.001,276376,4.156,0.000,0.001,0.000,0.000,0.000,0.000,0.000,0.000,0.000,0.000,0.612,0.466,0.000,0.022,0.000,0.443,0.000,0.000,0.000,0.000,0.000,0.000,0.000
water.walk,0,0.000,254796,4.754,0.000,0.000,0.000,0.000,0.000,0.000,0.000,0.000,0.000,0.000,0.197,0.088,0.000,0.019,0.000,0.069,0.000,0.000,0.000,0.000,0.000,0.000,0.000
water.walk,0,0.000,212388,3.005,0.000,0.001,0.000,0.000,0.000,0.000,0.000,0.000,0.000,0.000,0.206,0.094,0.000,0.021,0.000,0.073,0.000,0.000,0.000,0.000,0.000,0.000,0.000
water.walk,0,0.001,212540,2.877,0.000,0.001,0.000,0.000,0.000,0.000,0.000,0.000,0.000,0.000,0.205,0.092,0.000,0.018,0.000,0.074,0.000,0.000,0.000,0.000,0.000,0.000,0.000
water.walk,0,0.000,212692,2.984,0.000,0.000,0.000,0.000,0.000,0.000,0.000,0.000,0.000,0.000,0.203,0.086,0.000,0.018,0.000,0.067,0.000,0.000,0.000,0.000,0.000,0.000,0.000
water.walk,0,0.000,212844,3.519,0.000,0.001,0.000,0.000,0.000,0.000,0.000,0.000,0.000,0.000,0.192,0.085,0.000,0.017,0.000,0.067,0.000,0.000,0.000,0.000,0.000,0.000,0.000
water.walk,0,0.001,277288,5.449,0.000,0.001,0.000,0.000,0.000,0.000,0.000,0.000,0.000,0.000,0.787,0.584,0.000,0.040,0.000,0.543,0.000,0.000,0.000,0.000,0.000,0.000,0.000
water.walk,0,0.001,255708,5.024,0.000,0.001,0.000,0.000,0.000,0.000,0.000,0.000,0.000,0.000,0.223,0.098,0.000,0.019,0.000,0.078,0.000,0.000,0.000,0.000,0.000,0.000,0.000
water.walk,0,0.001,213300,3.241,0.000,0.001,0.000,0.000,0.000,0.000,0.000,0.000,0.000,0.000,0.221,0.095,0.000,0.020,0.000,0.074,0.000,0.000,0.000,0.000,0.000,0.000,0.000
water.walk,0,0.001,213452,3.673,0.000,0.001,0.000,0.000,0.000,0.000,0.000,0.000,0.000,0.000,0.202,0.089,0.000,0.018,0.000,0.070,0.000,0.000,0.000,0.000,0.000,0.000,0.000
water.walk,0,0.001,277896,4.490,0.000,0.000,0.000,0.000,0.000,0.000,0.000,0.000,0.000,0.000,0.680,0.511,0.000,0.030,0.000,0.481,0.000,0.000,0.000,0.000,0.000,0.000,0.000
water.walk,0,0.001,256316,4.637,0.000,0.001,0.000,0.000,0.000,0.000,0.000,0.000,0.000,0.000,0.206,0.089,0.000,0.020,0.000,0.068,0.000,0.000,0.000,0.000,0.000,0.000,0.000
water.walk,0,0.001,213908,4.465,0.000,0.000,0.000,0.000,0.000,0.000,0.000,0.000,0.000,0.000,0.245,0.106,0.000,0.023,0.000,0.083,0.000,0.000,0.000,0.000,0.000,0.000,0.000
water.walk,0,0.001,214060,3.640,0.000,0.000,0.000,0.000,0.000,0.000,0.000,0.000,0.000,0.000,0.230,0.101,0.000,0.022,0.000,0.079,0.000,0.000,0.000,0.000,0.000,0.000,0.000
water.walk,0,0.001,214212,3.310,0.000,0.000,0.000,0.000,0.000,0.000,0.000,0.000,0.000,0.000,0.227,0.098,0.000,0.021,0.000,0.076,0.000,0.000,0.000,0.000,0.000,0.000,0.000
water.walk,0,0.001,278656,4.566,0.000,0.000,0.000,0.000,0.000,0.000,0.000,0.000,0.000,0.000,0.647,0.491,0.000,0.028,0.000,0.462,0.000,0.000,0.000,0.000,0.000,0.000,0.000
water.walk,0,0.000,257076,4.553,0.000,0.000,0.000,0.000,0.000,0.000,0.000,0.000,0.000,0.000,0.206,0.093,0.000,0.020,0.000,0.072,0.000,0.000,0.000,0.000,0.000,0.000,0.000
water.walk,0,0.000,214668,3.629,0.000,0.001,0.000,0.000,0.000,0.000,0.000,0.000,0.000,0.000,0.200,0.089,0.000,0.018,0.000,0.071,0.000,0.000,0.000,0.000,0.000,0.000,0.000
water.walk,0,0.001,394852,4.861,0.000,0.001,0.000,0.000,0.000,0.000,0.000,0.000,0.000,0.000,0.832,0.513,0.000,0.064,0.000,0.447,0.000,0.000,0.000,0.000,0.000,0.000,0.000
water.walk,0,0.001,279264,4.324,0.000,0.001,0.000,0.000,0.000,0.000,0.000,0.000,0.000,0.000,0.612,0.460,0.000,0.025,0.000,0.434,0.000,0.000,0.000,0.000,0.000,0.000,0.000
water.walk,0,0.000,257684,4.741,0.000,0.000,0.000,0.000,0.000,0.000,0.000,0.000,0.000,0.000,0.203,0.087,0.000,0.019,0.000,0.068,0.000,0.000,0.000,0.000,0.000,0.000,0.000
water.walk,0,0.001,215276,3.898,0.000,0.001,0.000,0.000,0.000,0.000,0.000,0.000,0.000,0.000,0.240,0.101,0.000,0.024,0.000,0.077,0.000,0.000,0.000,0.000,0.000,0.000,0.000
water.walk,0,0.001,215428,3.160,0.000,0.000,0.000,0.000,0.000,0.000,0.000,0.000,0.000,0.000,0.217,0.091,0.000,0.022,0.000,0.069,0.000,0.000,0.000,0.000,0.000,0.000,0.000
water.walk,0,0.001,215580,3.827,0.000,0.000,0.000,0.000,0.000,0.000,0.000,0.000,0.000,0.000,0.303,0.133,0.000,0.030,0.000,0.103,0.000,0.000,0.000,0.000,0.000,0.000,0.000
water.walk,0,0.001,280024,5.622,0.000,0.001,0.000,0.000,0.000,0.000,0.000,0.000,0.000,0.000,0.680,0.513,0.000,0.026,0.000,0.486,0.000,0.000,0.000,0.000,0.000,0.000,0.000
water.walk,0,0.001,258444,5.476,0.000,0.001,0.000,0.000,0.000,0.000,0.000,0.000,0.000,0.000,0.275,0.119,0.000,0.031,0.000,0.088,0.000,0.000,0.000,0.000,0.000,0.000,0.000
water.walk,0,0.001,216036,3.497,0.000,0.001,0.000,0.000,0.000,0.000,0.000,0.000,0.000,0.000,0.233,0.094,0.000,0.022,0.000,0.072,0.000,0.000,0.000,0.000,0.000,0.000,0.000
water.walk,0,0.001,216188,4.082,0.000,0.000,0.000,0.000,0.000,0.000,0.000,0.000,0.000,0.000,0.213,0.089,0.000,0.019,0.000,0.069,0.000,0.000,0.000,0.000,0.000,0.000,0.000
water.walk,0,0.001,280632,4.559,0.000,0.000,0.000,0.000,0.000,0.000,0.000,0.000,0.000,0.000,0.672,0.520,0.000,0.029,0.000,0.490,0.000,0.000,0.000,0.000,0.000,0.000,0.000
water.walk,0,0.001,259052,4.746,0.000,0.001,0.000,0.000,0.000,0.000,0.000,0.000,0.000,0.000,0.196,0.087,0.000,0.020,0.000,0.067,0.000,0.000,0.000,0.000,0.000,0.000,0.000
water.walk,0,0.001,216644,3.310,0.000,0.001,0.000,0.000,0.000,0.000,0.000,0.000,0.000,0.000,0.228,0.099,0.000,0.022,0.000,0.077,0.000,0.000,0.000,0.000,0.000,0.000,0.000
water.walk,0,0.000,216796,3.342,0.000,0.003,0.000,0.000,0.000,0.000,0.000,0.000,0.000,0.000,0.198,0.087,0.000,0.019,0.000,0.068,0.000,0.000,0.000,0.000,0.000,0.000,0.000
water.walk,0,0.001,216948,3.935,0.000,0.001,0.000,0.000,0.000,0.000,0.000,0.000,0.000,0.000,0.226,0.099,0.000,0.022,0.000,0.077,0.000,0.000,0.000,0.000,0.000,0.000,0.000
water.walk,0,0.000,281392,4.758,0.000,0.001,0.000,0.000,0.000,0.000,0.000,0.000,0.000,0.000,0.637,0.482,0.000,0.030,0.000,0.451,0.000,0.000,0.000,0.000,0.000,0.000,0.000
water.walk,0,0.001,259812,4.949,0.000,0.001,0.000,0.000,0.000,0.000,0.000,0.000,0.000,0.000,0.225,0.095,0.000,0.021,0.000,0.074,0.000,0.000,0.000,0.000,0.000,0.000,0.000
water.walk,0,0.000,217404,3.817,0.000,0.001,0.000,0.000,0.000,0.000,0.000,0.000,0.000,0.000,0.208,0.094,0.000,0.020,0.000,0.074,0.000,0.000,0.000,0.000,0.000,0.000,0.000
water.walk,0,0.001,217556,3.432,0.000,0.000,0.000,0.000,0.000,0.000,0.000,0.000,0.000,0.000,0.231,0.102,0.000,0.022,0.000,0.080,0.000,0.000,0.000,0.000,0.000,0.000,0.000
water.walk,0,0.000,335306,4.592,0.000,0.000,0.000,0.000,0.000,0.000,0.000,0.000,0.000,0.000,0.815,0.623,0.000,0.026,0.000,0.597,0.000,0.000,0.000,0.000,0.000,0.000,0.000
water.walk,0,0.001,509446,5.531,0.000,0.000,0.268,0.000,0.000,0.000,0.000,0.000,0.000,0.000,0.224,0.097,0.000,0.021,0.000,0.076,0.000,0.000,0.000,0.000,0.000,0.000,0.000
water.walk,0,0.001,232552,3.850,0.000,0.001,0.000,0.000,0.000,0.000,0.000,0.000,0.000,0.000,0.241,0.103,0.000,0.023,0.000,0.080,0.000,0.000,0.000,0.000,0.000,0.000,0.000
water.walk,0,0.001,218620,3.402,0.000,0.000,0.000,0.000,0.000,0.000,0.000,0.000,0.000,0.000,0.238,0.104,0.000,0.021,0.000,0.082,0.000,0.000,0.000,0.000,0.000,0.000,0.000
water.walk,0,0.000,218772,3.217,0.000,0.000,0.000,0.000,0.000,0.000,0.000,0.000,0.000,0.000,0.198,0.087,0.000,0.018,0.000,0.068,0.000,0.000,0.000,0.000,0.000,0.000,0.000
water.walk,0,0.000,283216,4.369,0.000,0.000,0.000,0.000,0.000,0.000,0.000,0.000,0.000,0.000,0.623,0.472,0.000,0.026,0.000,0.445,0.000,0.000,0.000,0.000,0.000,0.000,0.000
water.walk,0,0.000,261636,5.057,0.000,0.000,0.000,0.000,0.000,0.000,0.000,0.000,0.000,0.000,0.202,0.087,0.000,0.018,0.000,0.070,0.000,0.000,0.000,0.000,0.000,0.000,0.000
water.walk,0,0.001,219228,3.398,0.000,0.001,0.000,0.000,0.000,0.000,0.000,0.000,0.000,0.000,0.236,0.103,0.000,0.022,0.000,0.080,0.000,0.000,0.000,0.000,0.000,0.000,0.000
water.walk,0,0.001,219380,3.101,0.000,0.001,0.000,0.000,0.000,0.000,0.000,0.000,0.000,0.000,0.212,0.094,0.000,0.018,0.000,0.076,0.000,0.000,0.000,0.000,0.000,0.000,0.000
water.walk,0,0.000,394247,4.791,0.000,0.001,0.000,0.000,0.000,0.000,0.000,0.000,0.000,0.000,0.814,0.523,0.000,0.065,0.000,0.456,0.000,0.000,0.000,0.000,0.000,0.000,0.000
water.walk,0,0.001,283976,4.936,0.000,0.001,0.000,0.000,0.000,0.000,0.000,0.000,0.000,0.000,0.643,0.487,0.000,0.031,0.000,0.456,0.000,0.000,0.000,0.000,0.000,0.000,0.000
water.walk,0,0.001,262396,4.555,0.000,0.000,0.000,0.000,0.000,0.000,0.000,0.000,0.000,0.000,0.203,0.085,0.000,0.019,0.000,0.066,0.000,0.000,0.000,0.000,0.000,0.000,0.000
water.walk,0,0.001,219988,3.187,0.000,0.000,0.000,0.000,0.000,0.000,0.000,0.000,0.000,0.000,0.215,0.095,0.000,0.021,0.000,0.073,0.000,0.000,0.000,0.000,0.000,0.000,0.000
water.walk,0,0.000,220140,3.071,0.000,0.000,0.000,0.000,0.000,0.000,0.000,0.000,0.000,0.000,0.201,0.086,0.000,0.019,0.000,0.067,0.000,0.000,0.000,0.000,0.000,0.000,0.000
water.walk,0,0.000,284584,4.736,0.000,0.000,0.000,0.000,0.000,0.000,0.000,0.000,0.000,0.000,0.609,0.459,0.000,0.022,0.000,0.437,0.000,0.000,0.000,0.000,0.000,0.000,0.000
water.walk,0,0.002,263004,4.561,0.000,0.001,0.000,0.000,0.000,0.000,0.000,0.000,0.000,0.000,0.225,0.101,0.000,0.022,0.000,0.079,0.000,0.000,0.000,0.000,0.000,0.000,0.000
water.walk,0,0.001,225861,3.378,0.000,0.000,0.000,0.000,0.000,0.000,0.000,0.000,0.000,0.000,0.247,0.108,0.000,0.023,0.000,0.085,0.000,0.000,0.000,0.000,0.000,0.000,0.000
water.walk,0,0.000,220748,2.988,0.000,0.000,0.000,0.000,0.000,0.000,0.000,0.000,0.000,0.000,0.202,0.091,0.000,0.018,0.000,0.073,0.000,0.000,0.000,0.000,0.000,0.000,0.000
water.walk,0,0.001,220900,3.576,0.000,0.000,0.000,0.000,0.000,0.000,0.000,0.000,0.000,0.000,0.203,0.089,0.000,0.019,0.000,0.069,0.000,0.000,0.000,0.000,0.000,0.000,0.000
water.walk,0,0.001,285344,5.677,0.000,0.000,0.000,0.000,0.000,0.000,0.000,0.000,0.000,0.000,0.879,0.658,0.000,0.044,0.000,0.614,0.000,0.000,0.000,0.000,0.000,0.000,0.000
water.walk,0,0.001,263764,4.998,0.000,0.001,0.000,0.000,0.000,0.000,0.000,0.000,0.000,0.000,0.242,0.095,0.000,0.020,0.000,0.075,0.000,0.000,0.000,0.000,0.000,0.000,0.000
water.walk,0,0.000,221356,3.374,0.000,0.001,0.000,0.000,0.000,0.000,0.000,0.000,0.000,0.000,0.201,0.092,0.000,0.019,0.000,0.072,0.000,0.000,0.000,0.000,0.000,0.000,0.000
water.walk,0,0.001,221508,3.822,0.000,0.001,0.000,0.000,0.000,0.000,0.000,0.000,0.000,0.000,0.257,0.112,0.000,0.026,0.000,0.080,0.000,0.000,0.000,0.000,0.000,0.000,0.000
water.walk,0,0.001,221660,3.395,0.000,0.001,0.000,0.000,0.000,0.000,0.000,0.000,0.000,0.000,0.221,0.105,0.000,0.027,0.000,0.077,0.000,0.000,0.000,0.000,0.000,0.000,0.000
water.walk,0,0.001,286104,4.510,0.000,0.000,0.000,0.000,0.000,0.000,0.000,0.000,0.000,0.000,0.652,0.491,0.000,0.026,0.000,0.465,0.000,0.000,0.000,0.000,0.000,0.000,0.000
water.walk,0,0.001,264524,4.651,0.000,0.000,0.000,0.000,0.000,0.000,0.000,0.000,0.000,0.000,0.213,0.097,0.000,0.026,0.000,0.071,0.000,0.000,0.000,0.000,0.000,0.000,0.000
water.walk,0,0.001,222116,4.700,0.000,0.002,0.000,0.000,0.000,0.000,0.000,0.000,0.000,0.000,0.291,0.128,0.000,0.032,0.000,0.096,0.000,0.000,0.000,0.000,0.000,0.000,0.000
water.walk,0,0.001,222320,3.356,0.000,0.001,0.000,0.000,0.000,0.000,0.000,0.000,0.000,0.000,0.213,0.096,0.000,0.020,0.000,0.076,0.000,0.000,0.000,0.000,0.000,0.000,0.000
water.walk,0,0.001,286712,4.619,0.000,0.001,0.000,0.000,0.000,0.000,0.000,0.000,0.000,0.000,0.647,0.493,0.000,0.025,0.000,0.467,0.000,0.000,0.000,0.000,0.000,0.000,0.000
water.walk,0,0.000,265132,5.813,0.000,0.001,0.000,0.000,0.000,0.000,0.000,0.000,0.000,0.000,0.209,0.093,0.000,0.018,0.000,0.074,0.000,0.000,0.000,0.000,0.000,0.000,0.000
water.walk,0,0.001,222724,3.533,0.000,0.001,0.000,0.000,0.000,0.000,0.000,0.000,0.000,0.000,0.251,0.104,0.000,0.024,0.000,0.079,0.000,0.000,0.000,0.000,0.000,0.000,0.000
water.walk,0,0.000,222876,3.122,0.000,0.000,0.000,0.000,0.000,0.000,0.000,0.000,0.000,0.000,0.200,0.087,0.000,0.018,0.000,0.069,0.000,0.000,0.000,0.000,0.000,0.000,0.000
soil.edit,0,3.412,12294718,40.503,0.000,0.001,0.067,0.000,0.000,0.000,0.000,0.000,0.000,0.000,20.486,17.523,0.716,0.198,11.486,2.196,0.000,0.000,0.000,0.333,0.000,0.041,0.000
plant.place,0,90.297,35052625,102.138,5.410,2.524,0.034,0.000,0.000,0.000,18.191,19.399,35.165,15.793,59.557,50.374,2.477,0.751,36.032,2.169,0.893,4.020,0.396,1.440,0.000,0.175,0.000
soil.edit,1,1.860,1398568,8.764,2.423,2.425,0.000,0.000,0.000,0.000,0.000,0.000,0.000,0.000,2.582,0.880,0.113,0.127,0.089,0.659,0.429,1.751,0.198,0.195,0.000,0.026,0.000
plant.place,1,86.385,36024162,101.602,8.341,5.531,0.036,0.000,0.000,0.000,17.625,18.186,32.113,16.759,56.535,47.218,2.634,0.664,35.126,1.937,1.130,5.621,0.694,1.930,0.907,0.228,0.000
soil.edit,2,2.046,2065636,11.589,5.164,5.168,0.000,0.000,0.000,0.000,0.000,0.000,0.000,0.000,2.885,1.005,0.115,0.168,0.119,0.712,0.765,3.813,0.493,0.617,0.640,0.076,0.000
plant.place,2,88.425,36438640,105.534,9.714,7.044,0.038,0.000,0.000,0.000,18.279,19.310,32.631,16.602,57.277,48.177,2.574,0.733,35.486,1.813,1.431,7.053,0.861,2.283,1.318,0.263,0.000
soil.edit,3,1.953,2171002,12.539,4.829,4.832,0.000,0.000,0.000,0.000,0.000,0.000,0.000,0.000,2.846,1.010,0.112,0.166,0.116,0.722,0.729,3.591,0.437,0.664,0.756,0.071,0.000
plant.place,3,86.831,36590275,102.890,10.121,7.378,0.038,0.000,0.000,0.000,17.859,17.193,34.703,15.592,56.731,47.324,2.715,0.811,35.639,1.786,1.410,7.402,0.917,2.374,1.554,0.281,0.000
soil.edit,4,1.947,2191089,11.631,5.379,5.384,0.000,0.000,0.000,0.000,0.000,0.000,0.000,0.000,2.821,1.018,0.097,0.186,0.106,0.720,0.798,4.050,0.453,0.676,0.767,0.076,0.000
plant.place,4,87.069,36671609,104.492,9.354,6.956,0.036,0.000,0.000,0.000,19.616,20.904,29.953,15.129,57.971,49.262,2.635,0.752,36.075,1.760,1.366,6.824,0.821,2.305,1.445,0.265,0.000
soil.edit,5,1.881,2175870,10.520,4.627,4.630,0.000,0.000,0.000,0.000,0.000,0.000,0.000,0.000,2.724,0.951,0.099,0.157,0.099,0.691,0.704,3.425,0.425,0.640,0.749,0.073,0.000
plant.place,5,82.122,37261893,98.571,9.536,7.107,0.033,0.000,0.000,0.000,17.773,18.153,29.756,14.998,53.809,44.956,2.899,0.681,33.261,1.828,1.377,6.919,0.818,2.207,1.440,0.244,0.000
soil.edit,6,1.897,2980889,12.438,6.636,6.640,0.000,0.000,0.000,0.000,0.000,0.000,0.000,0.000,3.354,1.375,0.105,0.242,0.098,1.025,0.987,4.982,0.581,0.974,1.190,0.114,0.000
plant.place,6,81.011,37489408,98.612,11.921,9.267,0.034,0.000,0.000,0.000,17.214,18.275,29.329,14.747,53.133,44.475,2.597,0.663,33.141,1.464,1.596,8.893,0.981,2.781,2.329,0.314,0.000
soil.edit,7,2.065,4405931,18.567,11.197,11.202,0.000,0.000,0.000,0.000,0.000,0.000,0.000,0.000,3.808,1.543,0.110,0.327,0.111,1.097,1.549,8.507,1.006,1.789,2.393,0.201,0.000
plant.place,7,82.181,39639534,104.093,17.372,14.471,0.032,0.000,0.000,0.000,17.499,17.993,29.924,15.352,54.065,45.001,2.576,0.750,33.232,1.807,2.099,13.188,1.354,4.065,4.548,0.447,0.000
soil.edit,8,1.844,5995709,22.411,15.776,15.782,0.000,0.000,0.000,0.000,0.000,0.000,0.000,0.000,3.254,1.282,0.094,0.345,0.098,0.833,2.026,12.267,1.316,2.871,4.182,0.314,0.000
plant.place,8,88.498,41428424,119.564,24.581,21.434,0.035,0.000,0.000,0.000,18.053,19.464,33.439,16.071,58.924,48.955,2.723,0.925,35.970,1.931,2.881,18.779,1.886,5.524,6.654,0.627,0.000
soil.edit,9,1.950,6246354,23.797,17.503,17.509,0.036,0.000,0.000,0.000,0.000,0.000,0.000,0.000,3.404,1.391,0.099,0.344,0.109,0.931,2.205,13.723,1.394,3.264,4.836,0.355,0.000
plant.place,9,154.499,42308302,207.937,40.821,34.817,5.945,0.000,0.000,0.000,19.116,33.037,59.926,39.729,95.833,79.828,3.226,1.311,49.861,3.404,5.364,30.601,3.548,10.543,12.349,1.537,0.116
soil.edit,10,2.623,5594654,36.810,25.812,25.818,0.000,0.000,0.000,0.000,0.000,0.000,0.000,0.000,4.584,1.641,0.157,0.381,0.141,1.112,3.366,19.843,2.386,5.121,7.859,0.670,0.000
plant.place,10,369.667,41924050,405.111,28.668,20.132,2.193,0.000,0.000,0.000,27.870,74.085,135.627,130.286,209.152,186.983,4.855,1.405,119.869,4.889,3.601,21.940,2.176,8.892,8.651,1.253,0.057
soil.edit,11,1.992,5147818,20.744,13.405,13.410,0.000,0.000,0.000,0.000,0.000,0.000,0.000,0.000,3.681,1.540,0.111,0.324,0.110,1.097,1.692,10.578,0.993,2.699,4.052,0.309,0.000
plant.place,11,86.624,40773289,113.832,19.765,16.608,1.968,0.000,0.000,0.000,18.117,19.510,30.983,16.511,57.674,47.908,2.654,0.795,34.601,1.924,2.370,15.272,1.417,5.319,5.791,0.594,0.056
chest.open,12,49.337,10874236,92.248,0.000,0.001,0.000,39.527,1.522,0.016,0.000,0.000,0.000,0.000,0.000,0.000,0.000,0.000,0.000,0.000,0.000,0.000,0.000,0.000,0.000,0.000,0.000
chest.open,12,48.413,10828026,97.135,0.000,0.002,0.000,39.836,1.499,0.015,0.000,0.000,0.000,0.000,0.000,0.000,0.000,0.000,0.000,0.000,0.000,0.000,0.000,0.000,0.000,0.000,0.000
bed.place,12,73.292,27762691,79.535,0.000,0.001,0.000,0.000,0.000,0.000,17.645,19.274,33.477,0.034,53.881,48.696,2.470,0.627,35.706,1.712,0.000,0.000,0.000,0.000,0.000,0.000,0.000
water.walk,12,0.001,233336,4.568,0.000,0.001,0.000,0.000,0.000,0.000,0.000,0.000,0.000,0.000,0.417,0.180,0.000,0.029,0.000,0.150,0.000,0.000,0.000,0.000,0.000,0.000,0.000
water.walk,12,0.000,237510,4.339,0.000,0.000,0.000,0.000,0.000,0.000,0.000,0.000,0.000,0.000,0.212,0.094,0.000,0.021,0.000,0.072,0.000,0.000,0.000,0.000,0.000,0.000,0.000
water.walk,12,0.001,237662,3.858,0.000,0.001,0.000,0.000,0.000,0.000,0.000,0.000,0.000,0.000,0.257,0.115,0.000,0.024,0.000,0.090,0.000,0.000,0.000,0.000,0.000,0.000,0.000
water.walk,12,0.001,237814,4.139,0.000,0.001,0.000,0.000,0.000,0.000,0.000,0.000,0.000,0.000,0.242,0.104,0.000,0.025,0.000,0.079,0.000,0.000,0.000,0.000,0.000,0.000,0.000
water.walk,12,0.001,3264833,17.230,0.000,0.000,0.000,0.000,0.000,0.000,0.000,0.000,0.000,0.000,2.143,1.480,0.000,0.174,0.000,1.299,0.000,0.000,0.000,0.000,0.000,0.000,0.000
water.walk,12,0.001,280682,5.838,0.000,0.000,0.000,0.000,0.000,0.000,0.000,0.000,0.000,0.000,0.203,0.087,0.000,0.018,0.000,0.069,0.000,0.000,0.000,0.000,0.000,0.000,0.000
water.walk,12,0.001,516716,4.971,0.000,0.001,0.000,0.000,0.000,0.000,0.000,0.000,0.000,0.000,0.734,0.569,0.000,0.035,0.000,0.533,0.000,0.000,0.000,0.000,0.000,0.000,0.000
water.walk,12,0.001,280982,5.162,0.000,0.001,0.000,0.000,0.000,0.000,0.000,0.000,0.000,0.000,0.217,0.095,0.000,0.022,0.000,0.073,0.000,0.000,0.000,0.000,0.000,0.000,0.000
water.walk,12,0.001,238574,3.633,0.000,0.001,0.000,0.000,0.000,0.000,0.000,0.000,0.000,0.000,0.233,0.099,0.000,0.023,0.000,0.076,0.000,0.000,0.000,0.000,0.000,0.000,0.000
water.walk,12,0.001,238726,3.999,0.000,0.001,0.000,0.000,0.000,0.000,0.000,0.000,0.000,0.000,0.238,0.105,0.000,0.024,0.000,0.080,0.000,0.000,0.000,0.000,0.000,0.000,0.000
water.walk,12,0.000,303170,4.899,0.000,0.001,0.000,0.000,0.000,0.000,0.000,0.000,0.000,0.000,0.626,0.478,0.000,0.024,0.000,0.454,0.000,0.000,0.000,0.000,0.000,0.000,0.000
water.walk,12,0.001,281590,5.402,0.000,0.001,0.000,0.000,0.000,0.000,0.000,0.000,0.000,0.000,0.234,0.101,0.000,0.021,0.000,0.080,0.000,0.000,0.000,0.000,0.000,0.000,0.000
water.walk,12,0.001,239182,4.316,0.000,0.001,0.000,0.000,0.000,0.000,0.000,0.000,0.000,0.000,0.236,0.099,0.000,0.023,0.000,0.076,0.000,0.000,0.000,0.000,0.000,0.000,0.000
water.walk,12,0.000,239334,3.344,0.000,0.000,0.000,0.000,0.000,0.000,0.000,0.000,0.000,0.000,0.214,0.090,0.000,0.020,0.000,0.069,0.000,0.000,0.000,0.000,0.000,0.000,0.000
water.walk,12,0.001,303778,4.568,0.000,0.001,0.000,0.000,0.000,0.000,0.000,0.000,0.000,0.000,0.657,0.500,0.000,0.024,0.000,0.476,0.000,0.000,0.000,0.000,0.000,0.000,0.000
water.walk,12,0.000,282198,5.668,0.000,0.001,0.000,0.000,0.000,0.000,0.000,0.000,0.000,0.000,0.224,0.098,0.000,0.019,0.000,0.078,0.000,0.000,0.000,0.000,0.000,0.000,0.000
water.walk,12,0.001,239790,3.494,0.000,0.001,0.000,0.000,0.000,0.000,0.000,0.000,0.000,0.000,0.240,0.100,0.000,0.023,0.000,0.077,0.000,0.000,0.000,0.000,0.000,0.000,0.000
water.walk,12,0.000,239942,3.248,0.000,0.000,0.000,0.000,0.000,0.000,0.000,0.000,0.000,0.000,0.206,0.095,0.000,0.029,0.000,0.066,0.000,0.000,0.000,0.000,0.000,0.000,0.000
water.walk,12,0.001,240094,3.176,0.000,0.001,0.000,0.000,0.000,0.000,0.000,0.000,0.000,0.000,0.216,0.098,0.000,0.022,0.000,0.076,0.000,0.000,0.000,0.000,0.000,0.000,0.000
water.walk,12,0.000,304538,4.433,0.000,0.000,0.000,0.000,0.000,0.000,0.000,0.000,0.000,0.000,0.635,0.480,0.000,0.026,0.000,0.453,0.000,0.000,0.000,0.000,0.000,0.000,0.000
water.walk,12,0.001,282958,5.166,0.000,0.001,0.000,0.000,0.000,0.000,0.000,0.000,0.000,0.000,0.197,0.088,0.000,0.018,0.000,0.070,0.000,0.000,0.000,0.000,0.000,0.000,0.000
water.walk,12,0.001,247046,3.535,0.000,0.000,0.000,0.000,0.000,0.000,0.000,0.000,0.000,0.000,0.233,0.100,0.000,0.024,0.000,0.075,0.000,0.000,0.000,0.000,0.000,0.000,0.000
water.walk,12,0.000,240702,3.199,0.000,0.001,0.000,0.000,0.000,0.000,0.000,0.000,0.000,0.000,0.204,0.088,0.000,0.019,0.000,0.069,0.000,0.000,0.000,0.000,0.000,0.000,0.000
water.walk,12,0.000,325214,5.899,0.000,0.000,0.000,0.000,0.000,0.000,0.000,0.000,0.000,0.000,0.617,0.469,0.000,0.026,0.000,0.442,0.000,0.000,0.000,0.000,0.000,0.000,0.000
water.walk,12,0.001,290481,6.357,0.000,0.005,0.000,0.000,0.000,0.000,0.000,0.000,0.000,0.000,0.269,0.115,0.000,0.031,0.000,0.083,0.000,0.000,0.000,0.000,0.000,0.000,0.000
water.walk,12,0.001,241158,3.922,0.000,0.001,0.000,0.000,0.000,0.000,0.000,0.000,0.000,0.000,0.273,0.118,0.000,0.026,0.000,0.091,0.000,0.000,0.000,0.000,0.000,0.000,0.000
water.walk,12,0.001,241310,3.651,0.000,0.001,0.000,0.000,0.000,0.000,0.000,0.000,0.000,0.000,0.234,0.106,0.000,0.024,0.000,0.082,0.000,0.000,0.000,0.000,0.000,0.000,0.000
water.walk,12,0.001,359060,5.593,0.000,0.000,0.000,0.000,0.000,0.000,0.000,0.000,0.000,0.000,0.899,0.686,0.000,0.037,0.000,0.648,0.000,0.000,0.000,0.000,0.000,0.000,0.000
water.walk,12,0.001,1136125,9.525,0.000,0.000,2.542,0.000,0.000,0.000,0.000,0.000,0.000,0.000,0.828,0.513,0.000,0.063,0.000,0.447,0.000,0.000,0.000,0.579,0.000,0.066,0.058
water.walk,12,0.001,242224,4.211,0.000,0.001,0.000,0.000,0.000,0.000,0.000,0.000,0.000,0.000,0.252,0.111,0.000,0.026,0.000,0.084,0.000,0.000,0.000,0.000,0.000,0.000,0.000
water.walk,12,0.001,306666,5.430,0.000,0.001,0.000,0.000,0.000,0.000,0.000,0.000,0.000,0.000,0.733,0.543,0.000,0.035,0.000,0.508,0.000,0.000,0.000,0.000,0.000,0.000,0.000
water.walk,12,0.001,285086,5.047,0.000,0.001,0.000,0.000,0.000,0.000,0.000,0.000,0.000,0.000,0.225,0.103,0.000,0.019,0.000,0.084,0.000,0.000,0.000,0.000,0.000,0.000,0.000
water.walk,12,0.002,251890,4.111,0.000,0.001,0.000,0.000,0.000,0.000,0.000,0.000,0.000,0.000,0.202,0.090,0.000,0.021,0.000,0.069,0.000,0.000,0.000,0.000,0.000,0.000,0.000
water.walk,12,0.001,242882,4.364,0.000,0.001,0.000,0.000,0.000,0.000,0.000,0.000,0.000,0.000,0.279,0.118,0.000,0.028,0.000,0.090,0.000,0.000,0.000,0.000,0.000,0.000,0.000
water.walk,12,0.001,307274,4.823,0.000,0.000,0.000,0.000,0.000,0.000,0.000,0.000,0.000,0.000,0.637,0.477,0.000,0.028,0.000,0.449,0.000,0.000,0.000,0.000,0.000,0.000,0.000
water.walk,12,0.001,285694,5.190,0.000,0.001,0.000,0.000,0.000,0.000,0.000,0.000,0.000,0.000,0.196,0.087,0.000,0.018,0.000,0.069,0.000,0.000,0.000,0.000,0.000,0.000,0.000
water.walk,12,0.001,243286,3.627,0.000,0.001,0.000,0.000,0.000,0.000,0.000,0.000,0.000,0.000,0.270,0.111,0.000,0.028,0.000,0.083,0.000,0.000,0.000,0.000,0.000,0.000,0.000
water.walk,12,0.000,243438,3.839,0.000,0.000,0.000,0.000,0.000,0.000,0.000,0.000,0.000,0.000,0.212,0.094,0.000,0.019,0.000,0.074,0.000,0.000,0.000,0.000,0.000,0.000,0.000
water.walk,12,0.001,243590,3.460,0.000,0.001,0.000,0.000,0.000,0.000,0.000,0.000,0.000,0.000,0.233,0.099,0.000,0.022,0.000,0.076,0.000,0.000,0.000,0.000,0.000,0.000,0.000
water.walk,12,0.000,308034,4.443,0.000,0.001,0.000,0.000,0.000,0.000,0.000,0.000,0.000,0.000,0.620,0.472,0.000,0.027,0.000,0.445,0.000,0.000,0.000,0.000,0.000,0.000,0.000
water.walk,12,0.001,286454,4.978,0.000,0.001,0.000,0.000,0.000,0.000,0.000,0.000,0.000,0.000,0.207,0.092,0.000,0.019,0.000,0.073,0.000,0.000,0.000,0.000,0.000,0.000,0.000
water.walk,12,0.000,244046,3.354,0.000,0.001,0.000,0.000,0.000,0.000,0.000,0.000,0.000,0.000,0.236,0.109,0.000,0.020,0.000,0.089,0.000,0.000,0.000,0.000,0.000,0.000,0.000
water.walk,12,0.001,244198,3.154,0.000,0.001,0.000,0.000,0.000,0.000,0.000,0.000,0.000,0.000,0.194,0.086,0.000,0.020,0.000,0.066,0.000,0.000,0.000,0.000,0.000,0.000,0.000
water.walk,12,0.000,244350,3.093,0.000,0.001,0.000,0.000,0.000,0.000,0.000,0.000,0.000,0.000,0.200,0.093,0.000,0.019,0.000,0.074,0.000,0.000,0.000,0.000,0.000,0.000,0.000
water.walk,12,0.001,308794,5.735,0.000,0.000,0.000,0.000,0.000,0.000,0.000,0.000,0.000,0.000,0.615,0.464,0.000,0.025,0.000,0.438,0.000,0.000,0.000,0.000,0.000,0.000,0.000
water.walk,12,0.001,287214,5.030,0.000,0.000,0.000,0.000,0.000,0.000,0.000,0.000,0.000,0.000,0.239,0.100,0.000,0.021,0.000,0.079,0.000,0.000,0.000,0.000,0.000,0.000,0.000
water.walk,12,0.001,244806,3.405,0.000,0.001,0.000,0.000,0.000,0.000,0.000,0.000,0.000,0.000,0.245,0.109,0.000,0.024,0.000,0.084,0.000,0.000,0.000,0.000,0.000,0.000,0.000
water.walk,12,0.000,244958,3.636,0.000,0.000,0.000,0.000,0.000,0.000,0.000,0.000,0.000,0.000,0.234,0.096,0.000,0.024,0.000,0.072,0.000,0.000,0.000,0.000,0.000,0.000,0.000
water.walk,12,0.001,309354,5.300,0.000,0.001,0.000,0.000,0.000,0.000,0.000,0.000,0.000,0.000,0.694,0.528,0.000,0.029,0.000,0.499,0.000,0.000,0.000,0.000,0.000,0.000,0.000
water.walk,12,0.001,288158,5.045,0.000,0.001,0.000,0.000,0.000,0.000,0.000,0.000,0.000,0.000,0.212,0.093,0.000,0.022,0.000,0.071,0.000,0.000,0.000,0.000,0.000,0.000,0.000
water.walk,12,0.000,245366,3.383,0.000,0.001,0.000,0.000,0.000,0.000,0.000,0.000,0.000,0.000,0.215,0.095,0.000,0.023,0.000,0.072,0.000,0.000,0.000,0.000,0.000,0.000,0.000
water.walk,12,0.001,245518,3.924,0.000,0.001,0.000,0.000,0.000,0.000,0.000,0.000,0.000,0.000,0.237,0.099,0.000,0.022,0.000,0.076,0.000,0.000,0.000,0.000,0.000,0.000,0.000
water.walk,12,0.000,309962,4.594,0.000,0.000,0.000,0.000,0.000,0.000,0.000,0.000,0.000,0.000,0.637,0.490,0.000,0.026,0.000,0.463,0.000,0.000,0.000,0.000,0.000,0.000,0.000
water.walk,12,0.000,288382,4.805,0.000,0.000,0.000,0.000,0.000,0.000,0.000,0.000,0.000,0.000,0.193,0.086,0.000,0.018,0.000,0.067,0.000,0.000,0.000,0.000,0.000,0.000,0.000
water.walk,12,0.001,420689,5.641,0.000,0.000,0.000,0.000,0.000,0.000,0.000,0.000,0.000,0.000,0.857,0.527,0.000,0.073,0.000,0.452,0.000,0.000,0.000,0.000,0.000,0.000,0.000
water.walk,12,0.001,266194,4.642,0.000,0.001,0.000,0.000,0.000,0.000,0.000,0.000,0.000,0.000,0.285,0.130,0.000,0.029,0.000,0.100,0.000,0.000,0.000,0.000,0.000,0.000,0.000
water.walk,12,0.001,317485,5.183,0.000,0.000,0.000,0.000,0.000,0.000,0.000,0.000,0.000,0.000,0.651,0.490,0.000,0.027,0.000,0.463,0.000,0.000,0.000,0.000,0.000,0.000,0.000
water.walk,12,0.001,288990,4.956,0.000,0.001,0.000,0.000,0.000,0.000,0.000,0.000,0.000,0.000,0.224,0.094,0.000,0.022,0.000,0.073,0.000,0.000,0.000,0.000,0.000,0.000,0.000
water.walk,12,0.001,246582,3.869,0.000,0.001,0.000,0.000,0.000,0.000,0.000,0.000,0.000,0.000,0.205,0.091,0.000,0.019,0.000,0.072,0.000,0.000,0.000,0.000,0.000,0.000,0.000
water.walk,12,0.001,246734,3.540,0.000,0.000,0.000,0.000,0.000,0.000,0.000,0.000,0.000,0.000,0.233,0.099,0.000,0.024,0.000,0.075,0.000,0.000,0.000,0.000,0.000,0.000,0.000
water.walk,12,0.001,246886,3.372,0.000,0.001,0.000,0.000,0.000,0.000,0.000,0.000,0.000,0.000,0.206,0.093,0.000,0.020,0.000,0.073,0.000,0.000,0.000,0.000,0.000,0.000,0.000
water.walk,12,0.000,311330,4.790,0.000,0.001,0.000,0.000,0.000,0.000,0.000,0.000,0.000,0.000,0.622,0.468,0.000,0.025,0.000,0.442,0.000,0.000,0.000,0.000,0.000,0.000,0.000
water.walk,12,0.001,289750,5.030,0.000,0.001,0.000,0.000,0.000,0.000,0.000,0.000,0.000,0.000,0.194,0.084,0.000,0.017,0.000,0.067,0.000,0.000,0.000,0.000,0.000,0.000,0.000
water.walk,12,0.001,247342,3.502,0.000,0.001,0.000,0.000,0.000,0.000,0.000,0.000,0.000,0.000,0.244,0.100,0.000,0.023,0.000,0.078,0.000,0.000,0.000,0.000,0.000,0.000,0.000
water.walk,12,0.001,247494,3.288,0.000,0.001,0.000,0.000,0.000,0.000,0.000,0.000,0.000,0.000,0.213,0.091,0.000,0.020,0.000,0.071,0.000,0.000,0.000,0.000,0.000,0.000,0.000
water.walk,12,0.001,311938,4.748,0.000,0.001,0.000,0.000,0.000,0.000,0.000,0.000,0.000,0.000,0.641,0.483,0.000,0.028,0.000,0.455,0.000,0.000,0.000,0.000,0.000,0.000,0.000
water.walk,12,0.000,290358,5.192,0.000,0.001,0.000,0.000,0.000,0.000,0.000,0.000,0.000,0.000,0.208,0.090,0.000,0.019,0.000,0.070,0.000,0.000,0.000,0.000,0.000,0.000,0.000
water.walk,12,0.001,247950,3.320,0.000,0.001,0.000,0.000,0.000,0.000,0.000,0.000,0.000,0.000,0.212,0.093,0.000,0.020,0.000,0.072,0.000,0.000,0.000,0.000,0.000,0.000,0.000
water.walk,12,0.001,248102,3.036,0.000,0.001,0.000,0.000,0.000,0.000,0.000,0.000,0.000,0.000,0.207,0.098,0.000,0.019,0.000,0.079,0.000,0.000,0.000,0.000,0.000,0.000,0.000
water.walk,12,0.000,248254,3.238,0.000,0.000,0.000,0.000,0.000,0.000,0.000,0.000,0.000,0.000,0.196,0.086,0.000,0.018,0.000,0.068,0.000,0.000,0.000,0.000,0.000,0.000,0.000
water.walk,12,0.001,312698,5.128,0.000,0.001,0.000,0.000,0.000,0.000,0.000,0.000,0.000,0.000,0.649,0.483,0.000,0.028,0.000,0.454,0.000,0.000,0.000,0.000,0.000,0.000,0.000
water.walk,12,0.001,291118,4.868,0.000,0.001,0.000,0.000,0.000,0.000,0.000,0.000,0.000,0.000,0.221,0.097,0.000,0.022,0.000,0.074,0.000,0.000,0.000,0.000,0.000,0.000,0.000
water.walk,12,0.000,248710,3.196,0.000,0.001,0.000,0.000,0.000,0.000,0.000,0.000,0.000,0.000,0.204,0.090,0.000,0.019,0.000,0.071,0.000,0.000,0.000,0.000,0.000,0.000,0.000
water.walk,12,0.000,248862,3.158,0.000,0.000,0.000,0.000,0.000,0.000,0.000,0.000,0.000,0.000,0.213,0.095,0.000,0.020,0.000,0.075,0.000,0.000,0.000,0.000,0.000,0.000,0.000
water.walk,12,0.001,249014,3.933,0.000,0.001,0.000,0.000,0.000,0.000,0.000,0.000,0.000,0.000,0.203,0.086,0.000,0.019,0.000,0.066,0.000,0.000,0.000,0.000,0.000,0.000,0.000
water.walk,12,0.001,313458,4.517,0.000,0.001,0.000,0.000,0.000,0.000,0.000,0.000,0.000,0.000,0.672,0.518,0.000,0.030,0.000,0.488,0.000,0.000,0.000,0.000,0.000,0.000,0.000
water.walk,12,0.000,291878,4.556,0.000,0.001,0.000,0.000,0.000,0.000,0.000,0.000,0.000,0.000,0.212,0.092,0.000,0.022,0.000,0.070,0.000,0.000,0.000,0.000,0.000,0.000,0.000
water.walk,12,0.000,249470,3.200,0.000,0.001,0.000,0.000,0.000,0.000,0.000,0.000,0.000,0.000,0.213,0.093,0.000,0.021,0.000,0.072,0.000,0.000,0.000,0.000,0.000,0.000,0.000
water.walk,12,0.000,249622,4.139,0.000,0.000,0.000,0.000,0.000,0.000,0.000,0.000,0.000,0.000,0.199,0.087,0.000,0.017,0.000,0.070,0.000,0.000,0.000,0.000,0.000,0.000,0.000
water.walk,12,0.001,249826,4.613,0.000,0.001,0.000,0.000,0.000,0.000,0.000,0.000,0.000,0.000,0.288,0.116,0.000,0.027,0.000,0.088,0.000,0.000,0.000,0.000,0.000,0.000,0.000
water.walk,12,0.001,367524,5.399,0.000,0.001,0.000,0.000,0.000,0.000,0.000,0.000,0.000,0.000,0.905,0.689,0.000,0.032,0.000,0.657,0.000,0.000,0.000,0.000,0.000,0.000,0.000
water.walk,12,0.000,995490,8.667,0.000,0.000,2.683,0.000,0.000,0.000,0.000,0.000,0.000,0.000,0.228,0.099,0.000,0.021,0.000,0.077,0.000,0.000,0.000,0.559,0.000,0.065,0.057
water.walk,12,0.001,425401,5.311,0.000,0.001,0.000,0.000,0.000,0.000,0.000,0.000,0.000,0.000,0.858,0.523,0.000,0.072,0.000,0.449,0.000,0.000,0.000,0.000,0.000,0.000,0.000
water.walk,12,0.001,315130,4.714,0.000,0.000,0.000,0.000,0.000,0.000,0.000,0.000,0.000,0.000,0.648,0.493,0.000,0.027,0.000,0.465,0.000,0.000,0.000,0.000,0.000,0.000,0.000
water.walk,12,0.001,293550,5.610,0.000,0.000,0.000,0.000,0.000,0.000,0.000,0.000,0.000,0.000,0.207,0.092,0.000,0.018,0.000,0.073,0.000,0.000,0.000,0.000,0.000,0.000,0.000
water.walk,12,0.001,251142,3.657,0.000,0.001,0.000,0.000,0.000,0.000,0.000,0.000,0.000,0.000,0.240,0.103,0.000,0.024,0.000,0.079,0.000,0.000,0.000,0.000,0.000,0.000,0.000
water.walk,12,0.000,251294,3.200,0.000,0.000,0.000,0.000,0.000,0.000,0.000,0.000,0.000,0.000,0.190,0.084,0.000,0.018,0.000,0.066,0.000,0.000,0.000,0.000,0.000,0.000,0.000
water.walk,12,0.000,315738,4.370,0.000,0.000,0.000,0.000,0.000,0.000,0.000,0.000,0.000,0.000,0.625,0.480,0.000,0.024,0.000,0.456,0.000,0.000,0.000,0.000,0.000,0.000,0.000
water.walk,12,0.001,314226,5.998,0.000,0.001,0.000,0.000,0.000,0.000,0.000,0.000,0.000,0.000,0.226,0.096,0.000,0.020,0.000,0.075,0.000,0.000,0.000,0.000,0.000,0.000,0.000
water.walk,12,0.001,258665,4.073,0.000,0.000,0.000,0.000,0.000,0.000,0.000,0.000,0.000,0.000,0.236,0.099,0.000,0.021,0.000,0.077,0.000,0.000,0.000,0.000,0.000,0.000,0.000
water.walk,12,0.001,251902,3.449,0.000,0.001,0.000,0.000,0.000,0.000,0.000,0.000,0.000,0.000,0.231,0.099,0.000,0.023,0.000,0.075,0.000,0.000,0.000,0.000,0.000,0.000,0.000
water.walk,12,0.001,316346,5.042,0.000,0.001,0.000,0.000,0.000,0.000,0.000,0.000,0.000,0.000,0.644,0.483,0.000,0.027,0.000,0.456,0.000,0.000,0.000,0.000,0.000,0.000,0.000
water.walk,12,0.001,294766,5.170,0.000,0.001,0.000,0.000,0.000,0.000,0.000,0.000,0.000,0.000,0.210,0.088,0.000,0.020,0.000,0.068,0.000,0.000,0.000,0.000,0.000,0.000,0.000
water.walk,12,0.001,252358,3.497,0.000,0.001,0.000,0.000,0.000,0.000,0.000,0.000,0.000,0.000,0.231,0.099,0.000,0.024,0.000,0.074,0.000,0.000,0.000,0.000,0.000,0.000,0.000
water.walk,12,0.001,252510,3.296,0.000,0.000,0.000,0.000,0.000,0.000,0.000,0.000,0.000,0.000,0.213,0.088,0.000,0.019,0.000,0.069,0.000,0.000,0.000,0.000,0.000,0.000,0.000
water.walk,12,0.001,252662,4.275,0.000,0.001,0.000,0.000,0.000,0.000,0.000,0.000,0.000,0.000,0.255,0.115,0.000,0.023,0.000,0.091,0.000,0.000,0.000,0.000,0.000,0.000,0.000
water.walk,12,0.001,317106,5.004,0.000,0.000,0.000,0.000,0.000,0.000,0.000,0.000,0.000,0.000,0.653,0.502,0.000,0.029,0.000,0.472,0.000,0.000,0.000,0.000,0.000,0.000,0.000
water.walk,12,0.001,295526,5.169,0.000,0.000,0.000,0.000,0.000,0.000,0.000,0.000,0.000,0.000,0.205,0.090,0.000,0.019,0.000,0.071,0.000,0.000,0.000,0.000,0.000,0.000,0.000
water.walk,12,0.001,253118,3.779,0.000,0.001,0.000,0.000,0.000,0.000,0.000,0.000,0.000,0.000,0.263,0.117,0.000,0.029,0.000,0.088,0.000,0.000,0.000,0.000,0.000,0.000,0.000
water.walk,12,0.000,253270,3.217,0.000,0.001,0.000,0.000,0.000,0.000,0.000,0.000,0.000,0.000,0.194,0.089,0.000,0.020,0.000,0.069,0.000,0.000,0.000,0.000,0.000,0.000,0.000
water.walk,12,0.001,317714,5.080,0.000,0.001,0.000,0.000,0.000,0.000,0.000,0.000,0.000,0.000,0.603,0.463,0.000,0.025,0.000,0.437,0.000,0.000,0.000,0.000,0.000,0.000,0.000
water.walk,12,0.001,296134,5.087,0.000,0.000,0.000,0.000,0.000,0.000,0.000,0.000,0.000,0.000,0.224,0.102,0.000,0.022,0.000,0.080,0.000,0.000,0.000,0.000,0.000,0.000,0.000
water.walk,12,0.001,267810,3.867,0.000,0.001,0.000,0.000,0.000,0.000,0.000,0.000,0.000,0.000,0.238,0.098,0.000,0.021,0.000,0.076,0.000,0.000,0.000,0.000,0.000,0.000,0.000
water.walk,12,0.000,253878,3.277,0.000,0.001,0.000,0.000,0.000,0.000,0.000,0.000,0.000,0.000,0.201,0.088,0.000,0.020,0.000,0.067,0.000,0.000,0.000,0.000,0.000,0.000,0.000
water.walk,12,0.001,254030,3.139,0.000,0.000,0.000,0.000,0.000,0.000,0.000,0.000,0.000,0.000,0.193,0.084,0.000,0.017,0.000,0.067,0.000,0.000,0.000,0.000,0.000,0.000,0.000
water.walk,12,0.001,318474,4.415,0.000,0.001,0.000,0.000,0.000,0.000,0.000,0.000,0.000,0.000,0.618,0.468,0.000,0.025,0.000,0.442,0.000,0.000,0.000,0.000,0.000,0.000,0.000
water.walk,12,0.001,296894,4.972,0.000,0.001,0.000,0.000,0.000,0.000,0.000,0.000,0.000,0.000,0.189,0.084,0.000,0.017,0.000,0.067,0.000,0.000,0.000,0.000,0.000,0.000,0.000
water.walk,12,0.001,254486,3.495,0.000,0.001,0.000,0.000,0.000,0.000,0.000,0.000,0.000,0.000,0.240,0.107,0.000,0.027,0.000,0.079,0.000,0.000,0.000,0.000,0.000,0.000,0.000
water.walk,12,0.000,254638,3.111,0.000,0.000,0.000,0.000,0.000,0.000,0.000,0.000,0.000,0.000,0.189,0.085,0.000,0.019,0.000,0.065,0.000,0.000,0.000,0.000,0.000,0.000,0.000
water.walk,12,0.000,429505,5.214,0.000,0.001,0.000,0.000,0.000,0.000,0.000,0.000,0.000,0.000,0.807,0.506,0.000,0.062,0.000,0.442,0.000,0.000,0.000,0.000,0.000,0.000,0.000
water.walk,12,0.001,319234,4.599,0.000,0.001,0.000,0.000,0.000,0.000,0.000,0.000,0.000,0.000,0.650,0.491,0.000,0.031,0.000,0.460,0.000,0.000,0.000,0.000,0.000,0.000,0.000
water.walk,12,0.000,297654,4.808,0.000,0.000,0.000,0.000,0.000,0.000,0.000,0.000,0.000,0.000,0.205,0.093,0.000,0.018,0.000,0.074,0.000,0.000,0.000,0.000,0.000,0.000,0.000
water.walk,12,0.001,255246,3.064,0.000,0.000,0.000,0.000,0.000,0.000,0.000,0.000,0.000,0.000,0.204,0.085,0.000,0.019,0.000,0.066,0.000,0.000,0.000,0.000,0.000,0.000,0.000
water.walk,12,0.001,255398,3.449,0.000,0.000,0.000,0.000,0.000,0.000,0.000,0.000,0.000,0.000,0.222,0.094,0.000,0.022,0.000,0.072,0.000,0.000,0.000,0.000,0.000,0.000,0.000
water.walk,12,0.001,319842,5.139,0.000,0.001,0.000,0.000,0.000,0.000,0.000,0.000,0.000,0.000,0.616,0.465,0.000,0.027,0.000,0.437,0.000,0.000,0.000,0.000,0.000,0.000,0.000
water.walk,12,0.001,298262,4.960,0.000,0.001,0.000,0.000,0.000,0.000,0.000,0.000,0.000,0.000,0.210,0.088,0.000,0.020,0.000,0.068,0.000,0.000,0.000,0.000,0.000,0.000,0.000
water.walk,12,0.001,255854,3.304,0.000,0.001,0.000,0.000,0.000,0.000,0.000,0.000,0.000,0.000,0.214,0.092,0.000,0.021,0.000,0.071,0.000,0.000,0.000,0.000,0.000,0.000,0.000
water.walk,12,0.000,256006,3.627,0.000,0.001,0.000,0.000,0.000,0.000,0.000,0.000,0.000,0.000,0.216,0.097,0.000,0.021,0.000,0.076,0.000,0.000,0.000,0.000,0.000,0.000,0.000
water.walk,12,0.001,256158,3.805,0.000,0.001,0.000,0.000,0.000,0.000,0.000,0.000,0.000,0.000,0.230,0.094,0.000,0.021,0.000,0.072,0.000,0.000,0.000,0.000,0.000,0.000,0.000
water.walk,12,0.000,320602,4.509,0.000,0.000,0.000,0.000,0.000,0.000,0.000,0.000,0.000,0.000,0.626,0.483,0.000,0.025,0.000,0.458,0.000,0.000,0.000,0.000,0.000,0.000,0.000
water.walk,12,0.000,299022,4.831,0.000,0.001,0.000,0.000,0.000,0.000,0.000,0.000,0.000,0.000,0.200,0.090,0.000,0.019,0.000,0.070,0.000,0.000,0.000,0.000,0.000,0.000,0.000
water.walk,12,0.001,256614,3.915,0.000,0.000,0.000,0.000,0.000,0.000,0.000,0.000,0.000,0.000,0.239,0.102,0.000,0.022,0.000,0.080,0.000,0.000,0.000,0.000,0.000,0.000,0.000
water.walk,12,0.001,276834,4.332,0.000,0.000,0.000,0.000,0.000,0.000,0.000,0.000,0.000,0.000,0.197,0.085,0.000,0.019,0.000,0.066,0.000,0.000,0.000,0.000,0.000,0.000,0.000
water.walk,12,0.001,328177,5.390,0.000,0.000,0.000,0.000,0.000,0.000,0.000,0.000,0.000,0.000,0.660,0.493,0.000,0.034,0.000,0.458,0.000,0.000,0.000,0.000,0.000,0.000,0.000
water.walk,12,0.000,299630,4.915,0.000,0.001,0.000,0.000,0.000,0.000,0.000,0.000,0.000,0.000,0.228,0.102,0.000,0.023,0.000,0.079,0.000,0.000,0.000,0.000,0.000,0.000,0.000
water.walk,12,0.001,257222,4.230,0.000,0.001,0.000,0.000,0.000,0.000,0.000,0.000,0.000,0.000,0.253,0.112,0.000,0.025,0.000,0.086,0.000,0.000,0.000,0.000,0.000,0.000,0.000
water.walk,12,0.001,257374,3.340,0.000,0.001,0.000,0.000,0.000,0.000,0.000,0.000,0.000,0.000,0.214,0.092,0.000,0.023,0.000,0.069,0.000,0.000,0.000,0.000,0.000,0.000,0.000
water.walk,12,0.001,321818,4.227,0.000,0.000,0.000,0.000,0.000,0.000,0.000,0.000,0.000,0.000,0.620,0.471,0.000,0.026,0.000,0.445,0.000,0.000,0.000,0.000,0.000,0.000,0.000
water.walk,12,0.000,300238,5.017,0.000,0.001,0.000,0.000,0.000,0.000,0.000,0.000,0.000,0.000,0.208,0.090,0.000,0.020,0.000,0.069,0.000,0.000,0.000,0.000,0.000,0.000,0.000
water.walk,12,0.001,257830,3.821,0.000,0.001,0.000,0.000,0.000,0.000,0.000,0.000,0.000,0.000,0.238,0.100,0.000,0.023,0.000,0.077,0.000,0.000,0.000,0.000,0.000,0.000,0.000
water.walk,12,0.001,257982,3.180,0.000,0.000,0.000,0.000,0.000,0.000,0.000,0.000,0.000,0.000,0.204,0.096,0.000,0.022,0.000,0.073,0.000,0.000,0.000,0.000,0.000,0.000,0.000
water.walk,12,0.000,258134,2.950,0.000,0.000,0.000,0.000,0.000,0.000,0.000,0.000,0.000,0.000,0.188,0.083,0.000,0.017,0.000,0.065,0.000,0.000,0.000,0.000,0.000,0.000,0.000
water.walk,12,0.001,322578,4.926,0.000,0.001,0.000,0.000,0.000,0.000,0.000,0.000,0.000,0.000,0.641,0.480,0.000,0.028,0.000,0.451,0.000,0.000,0.000,0.000,0.000,0.000,0.000
water.walk,12,0.000,300998,5.574,0.000,0.001,0.000,0.000,0.000,0.000,0.000,0.000,0.000,0.000,0.233,0.101,0.000,0.021,0.000,0.079,0.000,0.000,0.000,0.000,0.000,0.000,0.000
water.walk,12,0.001,258590,3.486,0.000,0.000,0.000,0.000,0.000,0.000,0.000,0.000,0.000,0.000,0.226,0.093,0.000,0.022,0.000,0.071,0.000,0.000,0.000,0.000,0.000,0.000,0.000
water.walk,12,0.000,258742,3.165,0.000,0.000,0.000,0.000,0.000,0.000,0.000,0.000,0.000,0.000,0.197,0.085,0.000,0.018,0.000,0.066,0.000,0.000,0.000,0.000,0.000,0.000,0.000
water.walk,12,0.000,258894,3.192,0.000,0.000,0.000,0.000,0.000,0.000,0.000,0.000,0.000,0.000,0.196,0.081,0.000,0.019,0.000,0.062,0.000,0.000,0.000,0.000,0.000,0.000,0.000
water.walk,12,0.001,551359,6.616,0.000,0.001,0.000,0.000,0.000,0.000,0.000,0.000,0.000,0.000,1.448,1.048,0.000,0.072,0.000,0.974,0.000,0.000,0.000,0.000,0.000,0.000,0.000
water.walk,12,0.001,1032454,7.968,0.000,0.000,2.518,0.000,0.000,0.000,0.000,0.000,0.000,0.000,0.225,0.106,0.000,0.034,0.000,0.072,0.000,0.000,0.000,0.568,0.000,0.071,0.057
water.walk,12,0.001,259808,4.135,0.000,0.001,0.000,0.000,0.000,0.000,0.000,0.000,0.000,0.000,0.274,0.103,0.000,0.022,0.000,0.080,0.000,0.000,0.000,0.000,0.000,0.000,0.000
water.walk,12,0.001,324250,4.897,0.000,0.001,0.000,0.000,0.000,0.000,0.000,0.000,0.000,0.000,0.616,0.475,0.000,0.025,0.000,0.449,0.000,0.000,0.000,0.000,0.000,0.000,0.000
water.walk,12,0.001,302670,4.983,0.000,0.000,0.000,0.000,0.000,0.000,0.000,0.000,0.000,0.000,0.226,0.096,0.000,0.021,0.000,0.074,0.000,0.000,0.000,0.000,0.000,0.000,0.000
water.walk,12,0.001,260262,3.887,0.000,0.001,0.000,0.000,0.000,0.000,0.000,0.000,0.000,0.000,0.222,0.096,0.000,0.023,0.000,0.073,0.000,0.000,0.000,0.000,0.000,0.000,0.000
water.walk,12,0.001,260414,3.680,0.000,0.001,0.000,0.000,0.000,0.000,0.000,0.000,0.000,0.000,0.232,0.102,0.000,0.022,0.000,0.079,0.000,0.000,0.000,0.000,0.000,0.000,0.000
water.walk,12,0.001,260566,3.316,0.000,0.000,0.000,0.000,0.000,0.000,0.000,0.000,0.000,0.000,0.203,0.090,0.000,0.020,0.000,0.070,0.000,0.000,0.000,0.000,0.000,0.000,0.000
water.walk,12,0.001,325010,4.297,0.000,0.001,0.000,0.000,0.000,0.000,0.000,0.000,0.000,0.000,0.609,0.462,0.000,0.025,0.000,0.437,0.000,0.000,0.000,0.000,0.000,0.000,0.000
water.walk,12,0.000,303430,5.003,0.000,0.001,0.000,0.000,0.000,0.000,0.000,0.000,0.000,0.000,0.205,0.090,0.000,0.020,0.000,0.070,0.000,0.000,0.000,0.000,0.000,0.000,0.000
water.walk,12,0.001,261022,4.057,0.000,0.001,0.000,0.000,0.000,0.000,0.000,0.000,0.000,0.000,0.234,0.101,0.000,0.024,0.000,0.077,0.000,0.000,0.000,0.000,0.000,0.000,0.000
water.walk,12,0.000,261174,3.704,0.000,0.001,0.000,0.000,0.000,0.000,0.000,0.000,0.000,0.000,0.211,0.091,0.000,0.019,0.000,0.072,0.000,0.000,0.000,0.000,0.000,0.000,0.000
water.walk,12,0.001,325618,5.286,0.000,0.005,0.000,0.000,0.000,0.000,0.000,0.000,0.000,0.000,0.731,0.554,0.000,0.034,0.000,0.519,0.000,0.000,0.000,0.000,0.000,0.000,0.000
water.walk,12,0.001,304038,5.259,0.000,0.001,0.000,0.000,0.000,0.000,0.000,0.000,0.000,0.000,0.201,0.090,0.000,0.020,0.000,0.069,0.000,0.000,0.000,0.000,0.000,0.000,0.000
water.walk,12,0.001,261630,3.495,0.000,0.001,0.000,0.000,0.000,0.000,0.000,0.000,0.000,0.000,0.254,0.108,0.000,0.026,0.000,0.082,0.000,0.000,0.000,0.000,0.000,0.000,0.000
water.walk,12,0.000,261782,3.199,0.000,0.000,0.000,0.000,0.000,0.000,0.000,0.000,0.000,0.000,0.190,0.086,0.000,0.017,0.000,0.069,0.000,0.000,0.000,0.000,0.000,0.000,0.000
water.walk,12,0.001,261934,3.351,0.000,0.000,0.000,0.000,0.000,0.000,0.000,0.000,0.000,0.000,0.194,0.083,0.000,0.019,0.000,0.063,0.000,0.000,0.000,0.000,0.000,0.000,0.000
water.walk,12,0.001,326378,5.191,0.000,0.001,0.000,0.000,0.000,0.000,0.000,0.000,0.000,0.000,0.636,0.486,0.000,0.027,0.000,0.459,0.000,0.000,0.000,0.000,0.000,0.000,0.000
water.walk,12,0.001,324866,5.790,0.000,0.001,0.000,0.000,0.000,0.000,0.000,0.000,0.000,0.000,0.205,0.090,0.000,0.020,0.000,0.069,0.000,0.000,0.000,0.000,0.000,0.000,0.000
water.walk,12,0.001,269305,4.732,0.000,0.001,0.000,0.000,0.000,0.000,0.000,0.000,0.000,0.000,0.261,0.110,0.000,0.028,0.000,0.081,0.000,0.000,0.000,0.000,0.000,0.000,0.000
water.walk,12,0.001,262542,4.276,0.000,0.000,0.000,0.000,0.000,0.000,0.000,0.000,0.000,0.000,0.258,0.113,0.000,0.030,0.000,0.083,0.000,0.000,0.000,0.000,0.000,0.000,0.000
water.walk,12,0.001,326986,4.880,0.000,0.001,0.000,0.000,0.000,0.000,0.000,0.000,0.000,0.000,0.650,0.491,0.000,0.030,0.000,0.461,0.000,0.000,0.000,0.000,0.000,0.000,0.000
water.walk,12,0.001,305406,4.871,0.000,0.001,0.000,0.000,0.000,0.000,0.000,0.000,0.000,0.000,0.217,0.089,0.000,0.020,0.000,0.069,0.000,0.000,0.000,0.000,0.000,0.000,0.000
water.walk,12,0.001,262998,3.936,0.000,0.001,0.000,0.000,0.000,0.000,0.000,0.000,0.000,0.000,0.233,0.101,0.000,0.023,0.000,0.078,0.000,0.000,0.000,0.000,0.000,0.000,0.000
water.walk,12,0.001,263150,3.734,0.000,0.001,0.000,0.000,0.000,0.000,0.000,0.000,0.000,0.000,0.209,0.090,0.000,0.020,0.000,0.069,0.000,0.000,0.000,0.000,0.000,0.000,0.000
water.walk,12,0.001,327594,4.673,0.000,0.001,0.000,0.000,0.000,0.000,0.000,0.000,0.000,0.000,0.633,0.478,0.000,0.031,0.000,0.447,0.000,0.000,0.000,0.000,0.000,0.000,0.000
water.walk,12,0.001,306014,4.727,0.000,0.001,0.000,0.000,0.000,0.000,0.000,0.000,0.000,0.000,0.242,0.107,0.000,0.028,0.000,0.079,0.000,0.000,0.000,0.000,0.000,0.000,0.000
water.walk,12,0.001,438321,5.087,0.000,0.001,0.000,0.000,0.000,0.000,0.000,0.000,0.000,0.000,0.824,0.502,0.000,0.066,0.000,0.434,0.000,0.000,0.000,0.000,0.000,0.000,0.000
water.walk,12,0.001,263758,3.720,0.000,0.001,0.000,0.000,0.000,0.000,0.000,0.000,0.000,0.000,0.201,0.089,0.000,0.019,0.000,0.069,0.000,0.000,0.000,0.000,0.000,0.000,0.000
water.walk,12,0.001,328202,4.381,0.000,0.001,0.000,0.000,0.000,0.000,0.000,0.000,0.000,0.000,0.607,0.462,0.000,0.024,0.000,0.438,0.000,0.000,0.000,0.000,0.000,0.000,0.000
water.walk,12,0.000,306674,4.524,0.000,0.000,0.000,0.000,0.000,0.000,0.000,0.000,0.000,0.000,0.194,0.091,0.000,0.017,0.000,0.073,0.000,0.000,0.000,0.000,0.000,0.000,0.000
water.walk,12,0.000,264214,3.607,0.000,0.001,0.000,0.000,0.000,0.000,0.000,0.000,0.000,0.000,0.210,0.094,0.000,0.020,0.000,0.074,0.000,0.000,0.000,0.000,0.000,0.000,0.000
water.walk,12,0.001,264366,3.666,0.000,0.001,0.000,0.000,0.000,0.000,0.000,0.000,0.000,0.000,0.241,0.105,0.000,0.023,0.000,0.081,0.000,0.000,0.000,0.000,0.000,0.000,0.000
water.walk,12,0.000,264518,3.197,0.000,0.000,0.000,0.000,0.000,0.000,0.000,0.000,0.000,0.000,0.199,0.088,0.000,0.019,0.000,0.069,0.000,0.000,0.000,0.000,0.000,0.000,0.000
water.walk,12,0.000,328962,4.243,0.000,0.000,0.000,0.000,0.000,0.000,0.000,0.000,0.000,0.000,0.599,0.463,0.000,0.025,0.000,0.437,0.000,0.000,0.000,0.000,0.000,0.000,0.000
water.walk,12,0.000,315616,5.424,0.000,0.001,0.000,0.000,0.000,0.000,0.000,0.000,0.000,0.000,0.364,0.153,0.000,0.024,0.000,0.129,0.000,0.000,0.000,0.000,0.000,0.000,0.000
water.walk,12,0.001,264974,3.590,0.000,0.001,0.000,0.000,0.000,0.000,0.000,0.000,0.000,0.000,0.237,0.103,0.000,0.023,0.000,0.080,0.000,0.000,0.000,0.000,0.000,0.000,0.000
water.walk,12,0.001,271622,3.238,0.000,0.000,0.000,0.000,0.000,0.000,0.000,0.000,0.000,0.000,0.191,0.084,0.000,0.020,0.000,0.064,0.000,0.000,0.000,0.000,0.000,0.000,0.000
water.walk,12,0.001,265278,3.609,0.000,0.000,0.000,0.000,0.000,0.000,0.000,0.000,0.000,0.000,0.186,0.080,0.000,0.018,0.000,0.062,0.000,0.000,0.000,0.000,0.000,0.000,0.000
water.walk,12,0.000,329722,5.196,0.000,0.000,0.000,0.000,0.000,0.000,0.000,0.000,0.000,0.000,0.645,0.480,0.000,0.030,0.000,0.449,0.000,0.000,0.000,0.000,0.000,0.000,0.000
water.walk,12,0.001,308142,5.297,0.000,0.001,0.000,0.000,0.000,0.000,0.000,0.000,0.000,0.000,0.260,0.106,0.000,0.024,0.000,0.082,0.000,0.000,0.000,0.000,0.000,0.000,0.000
water.walk,12,0.001,265734,3.458,0.000,0.001,0.000,0.000,0.000,0.000,0.000,0.000,0.000,0.000,0.218,0.095,0.000,0.022,0.000,0.073,0.000,0.000,0.000,0.000,0.000,0.000,0.000
water.walk,12,0.000,265886,3.181,0.000,0.001,0.000,0.000,0.000,0.000,0.000,0.000,0.000,0.000,0.191,0.084,0.000,0.018,0.000,0.066,0.000,0.000,0.000,0.000,0.000,0.000,0.000
water.walk,12,0.000,330330,5.595,0.000,0.001,0.000,0.000,0.000,0.000,0.000,0.000,0.000,0.000,0.621,0.473,0.000,0.026,0.000,0.447,0.000,0.000,0.000,0.000,0.000,0.000,0.000
water.walk,12,0.001,308750,5.478,0.000,0.001,0.000,0.000,0.000,0.000,0.000,0.000,0.000,0.000,0.260,0.112,0.000,0.026,0.000,0.086,0.000,0.000,0.000,0.000,0.000,0.000,0.000
water.walk,12,0.001,266342,3.482,0.000,0.001,0.000,0.000,0.000,0.000,0.000,0.000,0.000,0.000,0.225,0.097,0.000,0.022,0.000,0.075,0.000,0.000,0.000,0.000,0.000,0.000,0.000
water.walk,12,0.001,266494,3.221,0.000,0.000,0.000,0.000,0.000,0.000,0.000,0.000,0.000,0.000,0.204,0.088,0.000,0.019,0.000,0.068,0.000,0.000,0.000,0.000,0.000,0.000,0.000
water.walk,12,0.001,266646,4.140,0.000,0.001,0.000,0.000,0.000,0.000,0.000,0.000,0.000,0.000,0.220,0.101,0.000,0.022,0.000,0.079,0.000,0.000,0.000,0.000,0.000,0.000,0.000
water.walk,12,0.002,331090,4.896,0.000,0.001,0.000,0.000,0.000,0.000,0.000,0.000,0.000,0.000,0.673,0.516,0.000,0.031,0.000,0.485,0.000,0.000,0.000,0.000,0.000,0.000,0.000
water.walk,12,0.001,309510,5.131,0.000,0.000,0.000,0.000,0.000,0.000,0.000,0.000,0.000,0.000,0.215,0.093,0.000,0.020,0.000,0.073,0.000,0.000,0.000,0.000,0.000,0.000,0.000
water.walk,12,0.001,267102,3.920,0.000,0.001,0.000,0.000,0.000,0.000,0.000,0.000,0.000,0.000,0.239,0.104,0.000,0.023,0.000,0.080,0.000,0.000,0.000,0.000,0.000,0.000,0.000
water.walk,12,0.001,267254,3.787,0.000,0.001,0.000,0.000,0.000,0.000,0.000,0.000,0.000,0.000,0.198,0.085,0.000,0.020,0.000,0.065,0.000,0.000,0.000,0.000,0.000,0.000,0.000
water.walk,12,0.001,336963,4.932,0.000,0.001,0.000,0.000,0.000,0.000,0.000,0.000,0.000,0.000,0.565,0.424,0.000,0.028,0.000,0.396,0.000,0.000,0.000,0.000,0.000,0.000,0.000
water.walk,12,0.001,310118,5.689,0.000,0.001,0.000,0.000,0.000,0.000,0.000,0.000,0.000,0.000,0.288,0.128,0.000,0.032,0.000,0.096,0.000,0.000,0.000,0.000,0.000,0.000,0.000
water.walk,12,0.000,3277424,18.122,0.000,0.001,0.000,0.000,0.000,0.000,0.000,0.000,0.000,0.000,2.062,1.310,0.000,0.197,0.000,1.107,0.000,0.000,0.000,0.000,0.000,0.000,0.000
water.walk,12,0.001,332158,5.510,0.000,0.001,0.000,0.000,0.000,0.000,0.000,0.000,0.000,0.000,0.784,0.591,0.000,0.042,0.000,0.548,0.000,0.000,0.000,0.000,0.000,0.000,0.000
water.walk,12,0.001,310574,5.097,0.000,0.001,0.000,0.000,0.000,0.000,0.000,0.000,0.000,0.000,0.220,0.093,0.000,0.021,0.000,0.071,0.000,0.000,0.000,0.000,0.000,0.000,0.000
water.walk,12,0.000,332458,4.633,0.000,0.001,0.000,0.000,0.000,0.000,0.000,0.000,0.000,0.000,0.622,0.477,0.000,0.027,0.000,0.449,0.000,0.000,0.000,0.000,0.000,0.000,0.000
water.walk,12,0.001,310878,5.179,0.000,0.001,0.000,0.000,0.000,0.000,0.000,0.000,0.000,0.000,0.263,0.120,0.000,0.026,0.000,0.094,0.000,0.000,0.000,0.000,0.000,0.000,0.000
water.walk,12,0.000,268470,3.473,0.000,0.001,0.000,0.000,0.000,0.000,0.000,0.000,0.000,0.000,0.217,0.096,0.000,0.021,0.000,0.075,0.000,0.000,0.000,0.000,0.000,0.000,0.000
water.walk,12,0.001,268622,3.765,0.000,0.000,0.000,0.000,0.000,0.000,0.000,0.000,0.000,0.000,0.228,0.096,0.000,0.022,0.000,0.073,0.000,0.000,0.000,0.000,0.000,0.000,0.000
water.walk,12,0.000,333066,5.239,0.000,0.001,0.000,0.000,0.000,0.000,0.000,0.000,0.000,0.000,0.629,0.473,0.000,0.026,0.000,0.447,0.000,0.000,0.000,0.000,0.000,0.000,0.000
water.walk,12,0.001,311486,5.127,0.000,0.001,0.000,0.000,0.000,0.000,0.000,0.000,0.000,0.000,0.248,0.108,0.000,0.022,0.000,0.086,0.000,0.000,0.000,0.000,0.000,0.000,0.000
water.walk,12,0.001,269078,3.947,0.000,0.001,0.000,0.000,0.000,0.000,0.000,0.000,0.000,0.000,0.240,0.102,0.000,0.022,0.000,0.080,0.000,0.000,0.000,0.000,0.000,0.000,0.000
water.walk,12,0.001,269230,3.709,0.000,0.001,0.000,0.000,0.000,0.000,0.000,0.000,0.000,0.000,0.223,0.099,0.000,0.019,0.000,0.076,0.000,0.000,0.000,0.000,0.000,0.000,0.000
water.walk,12,0.001,269382,4.674,0.000,0.001,0.000,0.000,0.000,0.000,0.000,0.000,0.000,0.000,0.241,0.102,0.000,0.023,0.000,0.079,0.000,0.000,0.000,0.000,0.000,0.000,0.000
water.walk,12,0.001,333826,4.515,0.000,0.001,0.000,0.000,0.000,0.000,0.000,0.000,0.000,0.000,0.644,0.496,0.000,0.027,0.000,0.469,0.000,0.000,0.000,0.000,0.000,0.000,0.000
water.walk,12,0.000,312246,4.704,0.000,0.001,0.000,0.000,0.000,0.000,0.000,0.000,0.000,0.000,0.210,0.100,0.000,0.018,0.000,0.082,0.000,0.000,0.000,0.000,0.000,0.000,0.000
water.walk,12,0.000,269838,3.539,0.000,0.001,0.000,0.000,0.000,0.000,0.000,0.000,0.000,0.000,0.194,0.087,0.000,0.018,0.000,0.068,0.000,0.000,0.000,0.000,0.000,0.000,0.000
water.walk,12,0.001,269990,3.960,0.000,0.000,0.000,0.000,0.000,0.000,0.000,0.000,0.000,0.000,0.271,0.116,0.000,0.026,0.000,0.089,0.000,0.000,0.000,0.000,0.000,0.000,0.000
water.walk,12,0.001,387740,4.816,0.000,0.000,0.000,0.000,0.000,0.000,0.000,0.000,0.000,0.000,0.840,0.633,0.000,0.025,0.000,0.608,0.000,0.000,0.000,0.000,0.000,0.000,0.000
water.walk,12,0.001,1076566,7.622,0.000,0.000,2.160,0.000,0.000,0.000,0.000,0.000,0.000,0.000,0.196,0.087,0.000,0.020,0.000,0.067,0.000,0.000,0.000,0.518,0.000,0.058,0.053
water.walk,12,0.001,284988,3.556,0.000,0.000,0.000,0.000,0.000,0.000,0.000,0.000,0.000,0.000,0.208,0.092,0.000,0.022,0.000,0.069,0.000,0.000,0.000,0.000,0.000,0.000,0.000
water.walk,12,0.001,271054,4.213,0.000,0.000,0.000,0.000,0.000,0.000,0.000,0.000,0.000,0.000,0.294,0.118,0.000,0.026,0.000,0.092,0.000,0.000,0.000,0.000,0.000,0.000,0.000
water.walk,12,0.000,335498,5.261,0.000,0.000,0.000,0.000,0.000,0.000,0.000,0.000,0.000,0.000,0.750,0.575,0.000,0.029,0.000,0.546,0.000,0.000,0.000,0.000,0.000,0.000,0.000
water.walk,12,0.001,313918,5.421,0.000,0.001,0.000,0.000,0.000,0.000,0.000,0.000,0.000,0.000,0.209,0.091,0.000,0.021,0.000,0.069,0.000,0.000,0.000,0.000,0.000,0.000,0.000
water.walk,12,0.001,271510,3.432,0.000,0.000,0.000,0.000,0.000,0.000,0.000,0.000,0.000,0.000,0.220,0.094,0.000,0.019,0.000,0.074,0.000,0.000,0.000,0.000,0.000,0.000,0.000
water.walk,12,0.001,446377,5.365,0.000,0.001,0.000,0.000,0.000,0.000,0.000,0.000,0.000,0.000,0.888,0.547,0.000,0.076,0.000,0.470,0.000,0.000,0.000,0.000,0.000,0.000,0.000
water.walk,12,0.000,336106,5.394,0.000,0.001,0.000,0.000,0.000,0.000,0.000,0.000,0.000,0.000,0.640,0.481,0.000,0.029,0.000,0.451,0.000,0.000,0.000,0.000,0.000,0.000,0.000
water.walk,12,0.001,314526,5.340,0.000,0.001,0.000,0.000,0.000,0.000,0.000,0.000,0.000,0.000,0.250,0.101,0.000,0.023,0.000,0.077,0.000,0.000,0.000,0.000,0.000,0.000,0.000
water.walk,12,0.001,292186,4.367,0.000,0.001,0.000,0.000,0.000,0.000,0.000,0.000,0.000,0.000,0.231,0.101,0.000,0.022,0.000,0.079,0.000,0.000,0.000,0.000,0.000,0.000,0.000
water.walk,12,0.001,279185,3.845,0.000,0.000,0.000,0.000,0.000,0.000,0.000,0.000,0.000,0.000,0.224,0.101,0.000,0.023,0.000,0.078,0.000,0.000,0.000,0.000,0.000,0.000,0.000
water.walk,12,0.001,336714,5.070,0.000,0.000,0.000,0.000,0.000,0.000,0.000,0.000,0.000,0.000,0.696,0.527,0.000,0.031,0.000,0.496,0.000,0.000,0.000,0.000,0.000,0.000,0.000
water.walk,12,0.001,315134,4.690,0.000,0.001,0.000,0.000,0.000,0.000,0.000,0.000,0.000,0.000,0.198,0.088,0.000,0.018,0.000,0.070,0.000,0.000,0.000,0.000,0.000,0.000,0.000
water.walk,12,0.001,272726,3.207,0.000,0.000,0.000,0.000,0.000,0.000,0.000,0.000,0.000,0.000,0.196,0.087,0.000,0.017,0.000,0.069,0.000,0.000,0.000,0.000,0.000,0.000,0.000
water.walk,12,0.001,272878,3.191,0.000,0.001,0.000,0.000,0.000,0.000,0.000,0.000,0.000,0.000,0.191,0.085,0.000,0.017,0.000,0.068,0.000,0.000,0.000,0.000,0.000,0.000,0.000
water.walk,12,0.001,273030,4.099,0.000,0.001,0.000,0.000,0.000,0.000,0.000,0.000,0.000,0.000,0.250,0.109,0.000,0.025,0.000,0.083,0.000,0.000,0.000,0.000,0.000,0.000,0.000
water.walk,12,0.001,337474,4.445,0.000,0.000,0.000,0.000,0.000,0.000,0.000,0.000,0.000,0.000,0.608,0.465,0.000,0.027,0.000,0.438,0.000,0.000,0.000,0.000,0.000,0.000,0.000
water.walk,12,0.000,315894,4.628,0.000,0.000,0.000,0.000,0.000,0.000,0.000,0.000,0.000,0.000,0.203,0.092,0.000,0.021,0.000,0.071,0.000,0.000,0.000,0.000,0.000,0.000,0.000
water.walk,12,0.001,273486,3.543,0.000,0.001,0.000,0.000,0.000,0.000,0.000,0.000,0.000,0.000,0.196,0.088,0.000,0.018,0.000,0.070,0.000,0.000,0.000,0.000,0.000,0.000,0.000
water.walk,12,0.001,273638,3.829,0.000,0.000,0.000,0.000,0.000,0.000,0.000,0.000,0.000,0.000,0.250,0.106,0.000,0.023,0.000,0.082,0.000,0.000,0.000,0.000,0.000,0.000,0.000
water.walk,12,0.000,338082,4.305,0.000,0.000,0.000,0.000,0.000,0.000,0.000,0.000,0.000,0.000,0.601,0.454,0.000,0.025,0.000,0.429,0.000,0.000,0.000,0.000,0.000,0.000,0.000
water.walk,12,0.000,316502,4.522,0.000,0.001,0.000,0.000,0.000,0.000,0.000,0.000,0.000,0.000,0.188,0.084,0.000,0.018,0.000,0.066,0.000,0.000,0.000,0.000,0.000,0.000,0.000
water.walk,12,0.000,274094,3.275,0.000,0.001,0.000,0.000,0.000,0.000,0.000,0.000,0.000,0.000,0.188,0.084,0.000,0.017,0.000,0.066,0.000,0.000,0.000,0.000,0.000,0.000,0.000
water.walk,12,0.001,274246,4.578,0.000,0.000,0.000,0.000,0.000,0.000,0.000,0.000,0.000,0.000,0.243,0.104,0.000,0.026,0.000,0.078,0.000,0.000,0.000,0.000,0.000,0.000,0.000
water.walk,12,0.001,274398,3.548,0.000,0.001,0.000,0.000,0.000,0.000,0.000,0.000,0.000,0.000,0.228,0.100,0.000,0.023,0.000,0.077,0.000,0.000,0.000,0.000,0.000,0.000,0.000
water.walk,12,0.000,338842,4.504,0.000,0.000,0.000,0.000,0.000,0.000,0.000,0.000,0.000,0.000,0.643,0.486,0.000,0.026,0.000,0.459,0.000,0.000,0.000,0.000,0.000,0.000,0.000
water.walk,12,0.000,317262,5.004,0.000,0.000,0.000,0.000,0.000,0.000,0.000,0.000,0.000,0.000,0.196,0.087,0.000,0.021,0.000,0.065,0.000,0.000,0.000,0.000,0.000,0.000,0.000
water.walk,12,0.001,274854,3.615,0.000,0.001,0.000,0.000,0.000,0.000,0.000,0.000,0.000,0.000,0.242,0.106,0.000,0.025,0.000,0.081,0.000,0.000,0.000,0.000,0.000,0.000,0.000
water.walk,12,0.000,275006,3.287,0.000,0.001,0.000,0.000,0.000,0.000,0.000,0.000,0.000,0.000,0.203,0.090,0.000,0.018,0.000,0.072,0.000,0.000,0.000,0.000,0.000,0.000,0.000
water.walk,12,0.000,275158,3.086,0.000,0.000,0.000,0.000,0.000,0.000,0.000,0.000,0.000,0.000,0.200,0.087,0.000,0.017,0.000,0.069,0.000,0.000,0.000,0.000,0.000,0.000,0.000
water.walk,12,0.000,339602,4.849,0.000,0.001,0.000,0.000,0.000,0.000,0.000,0.000,0.000,0.000,0.612,0.464,0.000,0.025,0.000,0.439,0.000,0.000,0.000,0.000,0.000,0.000,0.000
water.walk,12,0.001,318022,5.258,0.000,0.001,0.000,0.000,0.000,0.000,0.000,0.000,0.000,0.000,0.243,0.107,0.000,0.025,0.000,0.082,0.000,0.000,0.000,0.000,0.000,0.000,0.000
water.walk,12,0.001,275614,3.554,0.000,0.001,0.000,0.000,0.000,0.000,0.000,0.000,0.000,0.000,0.241,0.103,0.000,0.023,0.000,0.080,0.000,0.000,0.000,0.000,0.000,0.000,0.000
water.walk,12,0.001,275766,3.648,0.000,0.000,0.000,0.000,0.000,0.000,0.000,0.000,0.000,0.000,0.227,0.099,0.000,0.024,0.000,0.074,0.000,0.000,0.000,0.000,0.000,0.000,0.000
water.walk,12,0.000,340210,5.243,0.000,0.001,0.000,0.000,0.000,0.000,0.000,0.000,0.000,0.000,0.693,0.520,0.000,0.030,0.000,0.490,0.000,0.000,0.000,0.000,0.000,0.000,0.000
water.walk,12,0.002,493345,6.425,0.000,0.001,0.000,0.000,0.000,0.000,0.000,0.000,0.000,0.000,0.807,0.504,0.000,0.066,0.000,0.436,0.000,0.000,0.000,0.000,0.000,0.000,0.000
water.walk,12,0.001,276222,3.459,0.000,0.001,0.000,0.000,0.000,0.000,0.000,0.000,0.000,0.000,0.222,0.096,0.000,0.020,0.000,0.075,0.000,0.000,0.000,0.000,0.000,0.000,0.000
water.walk,12,0.000,276374,3.559,0.000,0.000,0.000,0.000,0.000,0.000,0.000,0.000,0.000,0.000,0.194,0.087,0.000,0.018,0.000,0.069,0.000,0.000,0.000,0.000,0.000,0.000,0.000
water.walk,12,0.001,340818,4.738,0.000,0.000,0.000,0.000,0.000,0.000,0.000,0.000,0.000,0.000,0.651,0.496,0.000,0.031,0.000,0.465,0.000,0.000,0.000,0.000,0.000,0.000,0.000
water.walk,12,0.000,319238,5.034,0.000,0.001,0.000,0.000,0.000,0.000,0.000,0.000,0.000,0.000,0.197,0.091,0.000,0.019,0.000,0.072,0.000,0.000,0.000,0.000,0.000,0.000,0.000
water.walk,12,0.001,276830,4.092,0.000,0.001,0.000,0.000,0.000,0.000,0.000,0.000,0.000,0.000,0.251,0.115,0.000,0.023,0.000,0.092,0.000,0.000,0.000,0.000,0.000,0.000,0.000
water.walk,12,0.001,276982,3.490,0.000,0.000,0.000,0.000,0.000,0.000,0.000,0.000,0.000,0.000,0.237,0.097,0.000,0.021,0.000,0.075,0.000,0.000,0.000,0.000,0.000,0.000,0.000
water.walk,12,0.000,277134,3.150,0.000,0.000,0.000,0.000,0.000,0.000,0.000,0.000,0.000,0.000,0.197,0.088,0.000,0.018,0.000,0.070,0.000,0.000,0.000,0.000,0.000,0.000,0.000
water.walk,12,0.001,341578,4.376,0.000,0.000,0.000,0.000,0.000,0.000,0.000,0.000,0.000,0.000,0.605,0.462,0.000,0.025,0.000,0.437,0.000,0.000,0.000,0.000,0.000,0.000,0.000
water.walk,12,0.001,325315,4.841,0.000,0.000,0.000,0.000,0.000,0.000,0.000,0.000,0.000,0.000,0.194,0.082,0.000,0.017,0.000,0.065,0.000,0.000,0.000,0.000,0.000,0.000,0.000
water.walk,12,0.001,277590,3.671,0.000,0.001,0.000,0.000,0.000,0.000,0.000,0.000,0.000,0.000,0.235,0.100,0.000,0.024,0.000,0.076,0.000,0.000,0.000,0.000,0.000,0.000,0.000
water.walk,12,0.000,277742,3.109,0.000,0.000,0.000,0.000,0.000,0.000,0.000,0.000,0.000,0.000,0.200,0.087,0.000,0.018,0.000,0.069,0.000,0.000,0.000,0.000,0.000,0.000,0.000
water.walk,12,0.000,277894,3.069,0.000,0.000,0.000,0.000,0.000,0.000,0.000,0.000,0.000,0.000,0.189,0.083,0.000,0.017,0.000,0.066,0.000,0.000,0.000,0.000,0.000,0.000,0.000
water.walk,12,0.000,342338,4.879,0.000,0.001,0.000,0.000,0.000,0.000,0.000,0.000,0.000,0.000,0.627,0.471,0.000,0.031,0.000,0.439,0.000,0.000,0.000,0.000,0.000,0.000,0.000
water.walk,12,0.001,320758,5.232,0.000,0.001,0.000,0.000,0.000,0.000,0.000,0.000,0.000,0.000,0.198,0.087,0.000,0.018,0.000,0.069,0.000,0.000,0.000,0.000,0.000,0.000,0.000
water.walk,12,0.001,278350,3.297,0.000,0.000,0.000,0.000,0.000,0.000,0.000,0.000,0.000,0.000,0.223,0.099,0.000,0.020,0.000,0.079,0.000,0.000,0.000,0.000,0.000,0.000,0.000
water.walk,12,0.000,278502,3.215,0.000,0.000,0.000,0.000,0.000,0.000,0.000,0.000,0.000,0.000,0.197,0.088,0.000,0.023,0.000,0.065,0.000,0.000,0.000,0.000,0.000,0.000,0.000
water.walk,12,0.001,278654,3.183,0.000,0.001,0.000,0.000,0.000,0.000,0.000,0.000,0.000,0.000,0.197,0.087,0.000,0.019,0.000,0.069,0.000,0.000,0.000,0.000,0.000,0.000,0.000
water.walk,12,0.000,343098,4.322,0.000,0.000,0.000,0.000,0.000,0.000,0.000,0.000,0.000,0.000,0.606,0.462,0.000,0.027,0.000,0.434,0.000,0.000,0.000,0.000,0.000,0.000,0.000
water.walk,12,0.001,321518,5.214,0.000,0.000,0.000,0.000,0.000,0.000,0.000,0.000,0.000,0.000,0.251,0.103,0.000,0.026,0.000,0.077,0.000,0.000,0.000,0.000,0.000,0.000,0.000
water.walk,12,0.000,279110,3.200,0.000,0.001,0.000,0.000,0.000,0.000,0.000,0.000,0.000,0.000,0.207,0.091,0.000,0.019,0.000,0.071,0.000,0.000,0.000,0.000,0.000,0.000,0.000
water.walk,12,0.000,279262,3.371,0.000,0.001,0.000,0.000,0.000,0.000,0.000,0.000,0.000,0.000,0.201,0.087,0.000,0.017,0.000,0.070,0.000,0.000,0.000,0.000,0.000,0.000,0.000
water.walk,12,0.001,279414,4.027,0.000,0.000,0.000,0.000,0.000,0.000,0.000,0.000,0.000,0.000,0.241,0.104,0.000,0.023,0.000,0.080,0.000,0.000,0.000,0.000,0.000,0.000,0.000
water.walk,12,0.001,397164,5.708,0.000,0.000,0.000,0.000,0.000,0.000,0.000,0.000,0.000,0.000,1.071,0.817,0.000,0.046,0.000,0.770,0.000,0.000,0.000,0.000,0.000,0.000,0.000
water.walk,12,0.001,1114290,8.594,0.000,0.000,2.690,0.000,0.000,0.000,0.000,0.000,0.000,0.000,0.229,0.105,0.000,0.026,0.000,0.078,0.000,0.000,0.000,0.628,0.000,0.082,0.069
water.walk,12,0.001,280328,4.274,0.000,0.001,0.000,0.000,0.000,0.000,0.000,0.000,0.000,0.000,0.256,0.106,0.000,0.023,0.000,0.083,0.000,0.000,0.000,0.000,0.000,0.000,0.000
water.walk,12,0.001,344770,4.600,0.000,0.001,0.000,0.000,0.000,0.000,0.000,0.000,0.000,0.000,0.638,0.489,0.000,0.028,0.000,0.461,0.000,0.000,0.000,0.000,0.000,0.000,0.000
water.walk,12,0.001,497905,6.265,0.000,0.001,0.000,0.000,0.000,0.000,0.000,0.000,0.000,0.000,0.837,0.528,0.000,0.068,0.000,0.457,0.000,0.000,0.000,0.000,0.000,0.000,0.000
water.walk,12,0.001,280782,4.463,0.000,0.001,0.000,0.000,0.000,0.000,0.000,0.000,0.000,0.000,0.217,0.095,0.000,0.019,0.000,0.076,0.000,0.000,0.000,0.000,0.000,0.000,0.000
water.walk,12,0.001,280934,4.184,0.000,0.001,0.000,0.000,0.000,0.000,0.000,0.000,0.000,0.000,0.262,0.114,0.000,0.029,0.000,0.084,0.000,0.000,0.000,0.000,0.000,0.000,0.000
water.walk,12,0.001,345378,5.054,0.000,0.000,0.000,0.000,0.000,0.000,0.000,0.000,0.000,0.000,0.676,0.515,0.000,0.030,0.000,0.484,0.000,0.000,0.000,0.000,0.000,0.000,0.000
water.walk,12,0.001,323798,5.489,0.000,0.001,0.000,0.000,0.000,0.000,0.000,0.000,0.000,0.000,0.211,0.092,0.000,0.020,0.000,0.072,0.000,0.000,0.000,0.000,0.000,0.000,0.000
water.walk,12,0.001,281390,3.578,0.000,0.001,0.000,0.000,0.000,0.000,0.000,0.000,0.000,0.000,0.257,0.108,0.000,0.027,0.000,0.081,0.000,0.000,0.000,0.000,0.000,0.000,0.000
water.walk,12,0.000,281542,3.347,0.000,0.001,0.000,0.000,0.000,0.000,0.000,0.000,0.000,0.000,0.195,0.086,0.000,0.018,0.000,0.067,0.000,0.000,0.000,0.000,0.000,0.000,0.000
water.walk,12,0.001,345986,4.431,0.000,0.001,0.000,0.000,0.000,0.000,0.000,0.000,0.000,0.000,0.635,0.488,0.000,0.024,0.000,0.463,0.000,0.000,0.000,0.000,0.000,0.000,0.000
water.walk,12,0.001,324406,5.120,0.000,0.001,0.000,0.000,0.000,0.000,0.000,0.000,0.000,0.000,0.196,0.081,0.000,0.017,0.000,0.064,0.000,0.000,0.000,0.000,0.000,0.000,0.000
water.walk,12,0.001,281998,4.360,0.000,0.001,0.000,0.000,0.000,0.000,0.000,0.000,0.000,0.000,0.265,0.113,0.000,0.028,0.000,0.084,0.000,0.000,0.000,0.000,0.000,0.000,0.000
water.walk,12,0.001,282150,3.460,0.000,0.001,0.000,0.000,0.000,0.000,0.000,0.000,0.000,0.000,0.233,0.097,0.000,0.021,0.000,0.075,0.000,0.000,0.000,0.000,0.000,0.000,0.000
water.walk,12,0.000,346594,4.857,0.000,0.001,0.000,0.000,0.000,0.000,0.000,0.000,0.000,0.000,0.650,0.491,0.000,0.029,0.000,0.462,0.000,0.000,0.000,0.000,0.000,0.000,0.000
water.walk,12,0.001,325014,5.476,0.000,0.001,0.000,0.000,0.000,0.000,0.000,0.000,0.000,0.000,0.243,0.102,0.000,0.024,0.000,0.077,0.000,0.000,0.000,0.000,0.000,0.000,0.000
water.walk,12,0.001,282606,3.550,0.000,0.001,0.000,0.000,0.000,0.000,0.000,0.000,0.000,0.000,0.230,0.102,0.000,0.022,0.000,0.080,0.000,0.000,0.000,0.000,0.000,0.000,0.000
water.walk,12,0.001,282758,3.175,0.000,0.000,0.000,0.000,0.000,0.000,0.000,0.000,0.000,0.000,0.215,0.098,0.000,0.024,0.000,0.074,0.000,0.000,0.000,0.000,0.000,0.000,0.000
water.walk,12,0.001,302978,4.591,0.000,0.000,0.000,0.000,0.000,0.000,0.000,0.000,0.000,0.000,0.216,0.096,0.000,0.021,0.000,0.074,0.000,0.000,0.000,0.000,0.000,0.000,0.000
water.walk,12,0.001,354269,5.998,0.000,0.001,0.000,0.000,0.000,0.000,0.000,0.000,0.000,0.000,0.738,0.551,0.000,0.039,0.000,0.511,0.000,0.000,0.000,0.000,0.000,0.000,0.000
water.walk,12,0.001,325774,5.196,0.000,0.001,0.000,0.000,0.000,0.000,0.000,0.000,0.000,0.000,0.250,0.106,0.000,0.023,0.000,0.082,0.000,0.000,0.000,0.000,0.000,0.000,0.000
water.walk,12,0.001,283366,3.390,0.000,0.001,0.000,0.000,0.000,0.000,0.000,0.000,0.000,0.000,0.229,0.098,0.000,0.022,0.000,0.076,0.000,0.000,0.000,0.000,0.000,0.000,0.000
water.walk,12,0.000,283518,3.994,0.000,0.001,0.000,0.000,0.000,0.000,0.000,0.000,0.000,0.000,0.202,0.090,0.000,0.018,0.000,0.072,0.000,0.000,0.000,0.000,0.000,0.000,0.000
water.walk,12,0.001,751658,4.844,0.000,0.001,0.000,0.000,0.000,0.000,0.000,0.000,0.000,0.000,0.650,0.498,0.000,0.029,0.000,0.468,0.000,0.000,0.000,0.000,0.000,0.000,0.000
water.walk,12,0.001,326382,4.763,0.000,0.000,0.000,0.000,0.000,0.000,0.000,0.000,0.000,0.000,0.217,0.094,0.000,0.021,0.000,0.073,0.000,0.000,0.000,0.000,0.000,0.000,0.000
water.walk,12,0.000,283974,3.184,0.000,0.001,0.000,0.000,0.000,0.000,0.000,0.000,0.000,0.000,0.198,0.085,0.000,0.017,0.000,0.068,0.000,0.000,0.000,0.000,0.000,0.000,0.000
water.walk,12,0.000,284126,3.905,0.000,0.001,0.000,0.000,0.000,0.000,0.000,0.000,0.000,0.000,0.209,0.091,0.000,0.019,0.000,0.072,0.000,0.000,0.000,0.000,0.000,0.000,0.000
water.walk,12,0.000,284278,3.199,0.000,0.000,0.000,0.000,0.000,0.000,0.000,0.000,0.000,0.000,0.208,0.087,0.000,0.020,0.000,0.067,0.000,0.000,0.000,0.000,0.000,0.000,0.000
water.walk,12,0.000,348722,5.033,0.000,0.001,0.000,0.000,0.000,0.000,0.000,0.000,0.000,0.000,0.656,0.486,0.000,0.030,0.000,0.456,0.000,0.000,0.000,0.000,0.000,0.000,0.000
water.walk,12,0.001,327194,5.291,0.000,0.001,0.000,0.000,0.000,0.000,0.000,0.000,0.000,0.000,0.217,0.099,0.000,0.020,0.000,0.079,0.000,0.000,0.000,0.000,0.000,0.000,0.000
water.walk,12,0.000,459449,4.718,0.000,0.000,0.000,0.000,0.000,0.000,0.000,0.000,0.000,0.000,0.828,0.516,0.000,0.065,0.000,0.449,0.000,0.000,0.000,0.000,0.000,0.000,0.000
water.walk,12,0.000,284886,3.278,0.000,0.000,0.000,0.000,0.000,0.000,0.000,0.000,0.000,0.000,0.212,0.095,0.000,0.021,0.000,0.073,0.000,0.000,0.000,0.000,0.000,0.000,0.000
water.walk,12,0.000,349330,4.440,0.000,0.001,0.000,0.000,0.000,0.000,0.000,0.000,0.000,0.000,0.623,0.472,0.000,0.025,0.000,0.447,0.000,0.000,0.000,0.000,0.000,0.000,0.000
water.walk,12,0.001,327750,5.131,0.000,0.000,0.000,0.000,0.000,0.000,0.000,0.000,0.000,0.000,0.197,0.086,0.000,0.019,0.000,0.066,0.000,0.000,0.000,0.000,0.000,0.000,0.000
water.walk,12,0.001,285342,3.855,0.000,0.000,0.000,0.000,0.000,0.000,0.000,0.000,0.000,0.000,0.246,0.105,0.000,0.023,0.000,0.081,0.000,0.000,0.000,0.000,0.000,0.000,0.000
water.walk,12,0.000,285494,3.829,0.000,0.000,0.000,0.000,0.000,0.000,0.000,0.000,0.000,0.000,0.232,0.098,0.000,0.020,0.000,0.078,0.000,0.000,0.000,0.000,0.000,0.000,0.000
water.walk,12,0.001,349938,5.039,0.000,0.001,0.000,0.000,0.000,0.000,0.000,0.000,0.000,0.000,0.701,0.531,0.000,0.035,0.000,0.495,0.000,0.000,0.000,0.000,0.000,0.000,0.000
water.walk,12,0.001,328358,5.455,0.000,0.001,0.000,0.000,0.000,0.000,0.000,0.000,0.000,0.000,0.255,0.105,0.000,0.024,0.000,0.081,0.000,0.000,0.000,0.000,0.000,0.000,0.000
water.walk,12,0.001,285950,3.442,0.000,0.001,0.000,0.000,0.000,0.000,0.000,0.000,0.000,0.000,0.206,0.089,0.000,0.020,0.000,0.069,0.000,0.000,0.000,0.000,0.000,0.000,0.000
water.walk,12,0.000,286102,3.264,0.000,0.001,0.000,0.000,0.000,0.000,0.000,0.000,0.000,0.000,0.198,0.085,0.000,0.017,0.000,0.068,0.000,0.000,0.000,0.000,0.000,0.000,0.000
water.walk,12,0.000,286254,3.326,0.000,0.000,0.000,0.000,0.000,0.000,0.000,0.000,0.000,0.000,0.207,0.088,0.000,0.020,0.000,0.068,0.000,0.000,0.000,0.000,0.000,0.000,0.000
water.walk,12,0.002,350698,5.295,0.000,0.001,0.000,0.000,0.000,0.000,0.000,0.000,0.000,0.000,0.670,0.508,0.000,0.030,0.000,0.477,0.000,0.000,0.000,0.000,0.000,0.000,0.000
water.walk,12,0.001,329118,4.817,0.000,0.001,0.000,0.000,0.000,0.000,0.000,0.000,0.000,0.000,0.207,0.094,0.000,0.021,0.000,0.072,0.000,0.000,0.000,0.000,0.000,0.000,0.000
water.walk,12,0.000,286710,3.539,0.000,0.001,0.000,0.000,0.000,0.000,0.000,0.000,0.000,0.000,0.199,0.089,0.000,0.020,0.000,0.069,0.000,0.000,0.000,0.000,0.000,0.000,0.000
water.walk,12,0.001,286862,3.614,0.000,0.001,0.000,0.000,0.000,0.000,0.000,0.000,0.000,0.000,0.236,0.100,0.000,0.021,0.000,0.079,0.000,0.000,0.000,0.000,0.000,0.000,0.000
water.walk,12,0.001,351306,4.970,0.000,0.001,0.000,0.000,0.000,0.000,0.000,0.000,0.000,0.000,0.685,0.507,0.000,0.034,0.000,0.472,0.000,0.000,0.000,0.000,0.000,0.000,0.000
water.walk,12,0.000,329726,4.660,0.000,0.001,0.000,0.000,0.000,0.000,0.000,0.000,0.000,0.000,0.195,0.084,0.000,0.018,0.000,0.066,0.000,0.000,0.000,0.000,0.000,0.000,0.000
water.walk,12,0.000,287318,3.565,0.000,0.000,0.000,0.000,0.000,0.000,0.000,0.000,0.000,0.000,0.209,0.087,0.000,0.019,0.000,0.067,0.000,0.000,0.000,0.000,0.000,0.000,0.000
water.walk,12,0.000,287470,3.792,0.000,0.001,0.000,0.000,0.000,0.000,0.000,0.000,0.000,0.000,0.244,0.100,0.000,0.022,0.000,0.078,0.000,0.000,0.000,0.000,0.000,0.000,0.000
water.walk,12,0.000,287622,3.262,0.000,0.001,0.000,0.000,0.000,0.000,0.000,0.000,0.000,0.000,0.202,0.087,0.000,0.019,0.000,0.068,0.000,0.000,0.000,0.000,0.000,0.000,0.000
water.walk,12,0.000,405372,4.745,0.000,0.000,0.000,0.000,0.000,0.000,0.000,0.000,0.000,0.000,0.823,0.623,0.000,0.025,0.000,0.598,0.000,0.000,0.000,0.000,0.000,0.000,0.000
water.walk,12,0.000,1147202,8.494,0.000,0.000,2.536,0.000,0.000,0.000,0.000,0.000,0.000,0.000,0.194,0.089,0.000,0.017,0.000,0.072,0.000,0.000,0.000,0.575,0.000,0.071,0.056
water.walk,12,0.001,322688,4.575,0.000,0.001,0.000,0.000,0.000,0.000,0.000,0.000,0.000,0.000,0.249,0.106,0.000,0.025,0.000,0.081,0.000,0.000,0.000,0.000,0.000,0.000,0.000
water.walk,12,0.001,295601,4.030,0.000,0.001,0.000,0.000,0.000,0.000,0.000,0.000,0.000,0.000,0.237,0.103,0.000,0.022,0.000,0.080,0.000,0.000,0.000,0.000,0.000,0.000,0.000
water.walk,12,0.001,353130,4.413,0.000,0.001,0.000,0.000,0.000,0.000,0.000,0.000,0.000,0.000,0.626,0.479,0.000,0.027,0.000,0.452,0.000,0.000,0.000,0.000,0.000,0.000,0.000
water.walk,12,0.001,331550,5.206,0.000,0.001,0.000,0.000,0.000,0.000,0.000,0.000,0.000,0.000,0.205,0.089,0.000,0.020,0.000,0.069,0.000,0.000,0.000,0.000,0.000,0.000,0.000
water.walk,12,0.001,295638,3.624,0.000,0.000,0.000,0.000,0.000,0.000,0.000,0.000,0.000,0.000,0.222,0.097,0.000,0.021,0.000,0.076,0.000,0.000,0.000,0.000,0.000,0.000,0.000
water.walk,12,0.001,464009,4.759,0.000,0.001,0.000,0.000,0.000,0.000,0.000,0.000,0.000,0.000,0.806,0.509,0.000,0.063,0.000,0.444,0.000,0.000,0.000,0.000,0.000,0.000,0.000
water.walk,12,0.001,353738,5.211,0.000,0.001,0.000,0.000,0.000,0.000,0.000,0.000,0.000,0.000,0.679,0.519,0.000,0.029,0.000,0.489,0.000,0.000,0.000,0.000,0.000,0.000,0.000
water.walk,12,0.001,332158,5.279,0.000,0.000,0.000,0.000,0.000,0.000,0.000,0.000,0.000,0.000,0.238,0.104,0.000,0.023,0.000,0.080,0.000,0.000,0.000,0.000,0.000,0.000,0.000
water.walk,12,0.001,289750,3.493,0.000,0.001,0.000,0.000,0.000,0.000,0.000,0.000,0.000,0.000,0.220,0.095,0.000,0.020,0.000,0.075,0.000,0.000,0.000,0.000,0.000,0.000,0.000
water.walk,12,0.001,289902,3.227,0.000,0.001,0.000,0.000,0.000,0.000,0.000,0.000,0.000,0.000,0.194,0.086,0.000,0.018,0.000,0.068,0.000,0.000,0.000,0.000,0.000,0.000,0.000
water.walk,12,0.000,354346,5.060,0.000,0.001,0.000,0.000,0.000,0.000,0.000,0.000,0.000,0.000,0.665,0.501,0.000,0.029,0.000,0.471,0.000,0.000,0.000,0.000,0.000,0.000,0.000
water.walk,12,0.001,332766,5.380,0.000,0.001,0.000,0.000,0.000,0.000,0.000,0.000,0.000,0.000,0.238,0.103,0.000,0.021,0.000,0.081,0.000,0.000,0.000,0.000,0.000,0.000,0.000
water.walk,12,0.001,290358,3.601,0.000,0.000,0.000,0.000,0.000,0.000,0.000,0.000,0.000,0.000,0.227,0.099,0.000,0.022,0.000,0.076,0.000,0.000,0.000,0.000,0.000,0.000,0.000
water.walk,12,0.001,290510,3.718,0.000,0.000,0.000,0.000,0.000,0.000,0.000,0.000,0.000,0.000,0.223,0.094,0.000,0.022,0.000,0.072,0.000,0.000,0.000,0.000,0.000,0.000,0.000
water.walk,12,0.001,290662,4.432,0.000,0.001,0.000,0.000,0.000,0.000,0.000,0.000,0.000,0.000,0.247,0.104,0.000,0.027,0.000,0.077,0.000,0.000,0.000,0.000,0.000,0.000,0.000
water.walk,12,0.001,355106,5.145,0.000,0.000,0.000,0.000,0.000,0.000,0.000,0.000,0.000,0.000,0.708,0.538,0.000,0.035,0.000,0.503,0.000,0.000,0.000,0.000,0.000,0.000,0.000
water.walk,12,0.000,333526,4.608,0.000,0.001,0.000,0.000,0.000,0.000,0.000,0.000,0.000,0.000,0.199,0.088,0.000,0.018,0.000,0.070,0.000,0.000,0.000,0.000,0.000,0.000,0.000
water.walk,12,0.001,291118,3.984,0.000,0.001,0.000,0.000,0.000,0.000,0.000,0.000,0.000,0.000,0.208,0.089,0.000,0.019,0.000,0.070,0.000,0.000,0.000,0.000,0.000,0.000,0.000
water.walk,12,0.001,291270,3.518,0.000,0.000,0.000,0.000,0.000,0.000,0.000,0.000,0.000,0.000,0.244,0.103,0.000,0.023,0.000,0.079,0.000,0.000,0.000,0.000,0.000,0.000,0.000
water.walk,12,0.000,355714,4.459,0.000,0.000,0.000,0.000,0.000,0.000,0.000,0.000,0.000,0.000,0.636,0.480,0.000,0.025,0.000,0.454,0.000,0.000,0.000,0.000,0.000,0.000,0.000
water.walk,12,0.000,334134,5.330,0.000,0.001,0.000,0.000,0.000,0.000,0.000,0.000,0.000,0.000,0.199,0.088,0.000,0.019,0.000,0.069,0.000,0.000,0.000,0.000,0.000,0.000,0.000
water.walk,12,0.001,291778,3.366,0.000,0.001,0.000,0.000,0.000,0.000,0.000,0.000,0.000,0.000,0.234,0.099,0.000,0.024,0.000,0.075,0.000,0.000,0.000,0.000,0.000,0.000,0.000
water.walk,12,0.000,291878,3.516,0.000,0.000,0.000,0.000,0.000,0.000,0.000,0.000,0.000,0.000,0.207,0.089,0.000,0.019,0.000,0.070,0.000,0.000,0.000,0.000,0.000,0.000,0.000
water.walk,12,0.001,292030,3.711,0.000,0.001,0.000,0.000,0.000,0.000,0.000,0.000,0.000,0.000,0.243,0.104,0.000,0.024,0.000,0.080,0.000,0.000,0.000,0.000,0.000,0.000,0.000
soil.edit,12,1.892,17376707,46.134,15.720,15.726,2.340,0.000,0.000,0.000,0.000,0.000,0.000,0.000,20.053,16.734,0.834,0.418,11.522,1.180,1.793,12.625,1.152,4.099,5.060,0.454,0.061
plant.place,12,90.191,43113073,119.889,21.808,19.101,1.927,0.000,0.000,0.000,19.713,20.151,32.109,16.658,60.096,49.965,3.560,0.828,36.278,2.019,2.601,16.994,1.610,5.799,6.376,0.652,0.054
soil.edit,13,2.183,8668820,31.769,23.878,23.884,0.000,0.000,0.000,0.000,0.000,0.000,0.000,0.000,3.768,1.437,0.130,0.404,0.107,0.918,2.788,19.116,1.754,5.051,7.766,0.554,0.000
plant.place,13,94.555,45671020,136.079,34.123,30.586,1.628,0.000,0.000,0.000,21.364,22.070,32.911,16.646,65.819,54.113,3.331,1.048,39.155,2.334,3.725,26.728,2.483,8.713,11.037,1.016,0.050
soil.edit,14,2.043,11568241,40.493,32.884,32.892,0.000,0.000,0.000,0.000,0.000,0.000,0.000,0.000,4.005,1.646,0.136,0.524,0.097,1.018,3.714,26.484,2.392,7.197,11.299,0.820,0.000
plant.place,14,84.631,48204406,131.592,38.759,35.588,2.111,0.000,0.000,0.000,18.288,18.790,30.546,15.460,57.183,46.955,2.776,1.030,34.041,2.060,4.169,30.835,2.707,9.914,13.303,1.100,0.064
soil.edit,15,2.141,11865509,39.230,32.096,32.103,0.000,0.000,0.000,0.000,0.000,0.000,0.000,0.000,4.020,1.686,0.136,0.512,0.112,1.043,3.585,25.929,2.302,7.296,11.534,0.805,0.000
plant.place,15,83.518,48686180,133.573,41.887,38.817,2.207,0.000,0.000,0.000,17.330,18.585,30.793,15.338,56.343,46.310,2.790,1.138,33.733,2.336,4.457,33.327,2.891,10.485,14.069,1.158,0.064
soil.edit,16,1.579,10133406,35.380,28.907,28.915,0.000,0.000,0.000,0.000,0.000,0.000,0.000,0.000,3.355,1.428,0.091,0.476,0.081,0.864,3.187,23.265,2.166,6.239,9.964,0.660,0.000
plant.place,16,83.542,46890839,126.296,33.841,30.756,1.989,0.000,0.000,0.000,18.315,18.952,30.235,14.506,57.055,46.389,3.324,0.957,34.094,1.961,3.604,26.990,2.289,8.835,11.596,0.967,0.052
soil.edit,17,1.914,8397168,27.879,21.449,21.454,0.000,0.000,0.000,0.000,0.000,0.000,0.000,0.000,3.319,1.309,0.109,0.354,0.097,0.850,2.387,17.357,1.512,4.786,7.554,0.523,0.000
plant.place,17,83.458,44978838,120.134,28.426,25.457,2.028,0.000,0.000,0.000,17.390,18.527,30.634,15.409,55.469,45.995,2.649,0.890,33.913,1.903,3.079,22.540,1.992,7.502,9.479,0.848,0.054
soil.edit,18,1.868,7041057,23.977,17.734,17.739,0.000,0.000,0.000,0.000,0.000,0.000,0.000,0.000,3.653,1.579,0.085,0.343,0.098,1.130,1.984,14.420,1.170,4.000,6.448,0.442,0.000
plant.place,18,93.089,43288239,149.339,45.521,42.828,3.696,0.000,0.000,0.000,18.331,18.714,30.385,21.746,58.828,47.383,2.829,1.220,34.186,2.425,6.601,34.638,3.431,11.419,15.238,1.587,0.119
soil.edit,19,2.792,9910667,64.617,52.420,52.429,0.000,0.000,0.000,0.000,0.000,0.000,0.000,0.000,6.286,2.860,0.188,0.784,0.133,1.930,7.714,40.505,3.788,11.761,18.809,1.550,0.000
plant.place,19,217.515,47264682,483.513,240.598,236.544,6.417,0.000,0.000,0.000,32.189,40.030,43.526,93.749,110.346,91.953,3.790,2.115,63.342,4.615,19.117,210.875,8.242,155.002,167.964,127.087,0.143
soil.edit,20,2.083,12969594,45.685,37.838,37.846,0.000,0.000,0.000,0.000,0.000,0.000,0.000,0.000,4.034,1.687,0.130,0.534,0.114,1.031,4.098,30.904,2.541,8.934,14.573,1.001,0.000
plant.place,20,87.189,50009290,139.226,42.784,39.538,2.045,0.000,0.000,0.000,18.485,19.601,31.686,15.760,59.278,48.611,2.950,1.037,34.842,2.091,4.560,34.307,2.846,11.455,16.078,1.249,0.057
soil.edit,21,1.955,13433901,43.175,36.604,36.612,0.000,0.000,0.000,0.000,0.000,0.000,0.000,0.000,4.437,2.039,0.123,0.571,0.117,1.342,3.975,29.957,2.386,8.805,14.328,0.973,0.000
plant.place,21,93.376,50379730,152.324,49.933,46.608,1.637,0.000,0.000,0.000,18.467,20.670,34.982,17.623,62.479,51.296,3.239,1.173,36.484,2.172,5.268,39.831,3.279,12.640,17.813,1.425,0.049
soil.edit,22,2.169,11445627,43.820,35.718,35.727,0.000,0.000,0.000,0.000,0.000,0.000,0.000,0.000,4.646,2.087,0.139,0.598,0.124,1.349,3.885,29.196,2.313,8.068,13.293,0.897,0.000
plant.place,22,95.168,48503190,143.450,40.758,36.408,2.001,0.000,0.000,0.000,19.370,21.122,33.231,19.754,62.334,50.878,2.683,1.074,37.337,2.102,4.386,32.556,2.535,10.560,14.360,1.131,0.053
soil.edit,23,2.016,9258162,31.119,24.721,24.730,0.000,0.000,0.000,0.000,0.000,0.000,0.000,0.000,3.510,1.340,0.148,0.374,0.096,0.862,2.673,20.249,1.591,5.690,9.243,0.618,0.000
plant.place,23,88.009,46272128,127.513,30.675,27.662,1.926,0.000,0.000,0.000,18.526,19.949,30.872,17.107,58.166,48.371,2.897,0.914,35.413,1.951,3.263,24.554,2.004,8.315,10.953,0.924,0.055
soil.edit,24,1.881,7097100,24.757,18.307,18.312,0.000,0.000,0.000,0.000,0.000,0.000,0.000,0.000,3.227,1.251,0.134,0.311,0.105,0.828,2.063,14.828,1.247,4.126,6.599,0.475,0.000
plant.place,24,89.802,44073430,122.859,23.600,20.899,2.117,0.000,0.000,0.000,19.699,19.868,31.846,16.806,60.455,50.671,2.856,0.912,36.720,2.218,2.746,18.661,1.599,6.480,7.703,0.738,0.063
soil.edit,25,1.975,10024426,33.077,26.149,26.157,0.000,0.000,0.000,0.000,0.000,0.000,0.000,0.000,3.563,1.458,0.154,0.422,0.105,0.925,2.918,21.250,1.754,6.047,9.689,0.681,0.000
plant.place,25,88.608,47454133,131.516,33.318,30.145,1.959,0.000,0.000,0.000,18.540,20.089,31.714,16.506,59.617,49.033,2.932,0.927,35.224,2.015,3.614,26.506,2.222,8.865,11.806,0.996,0.051
soil.edit,26,1.978,13333942,42.137,35.317,35.326,0.000,0.000,0.000,0.000,0.000,0.000,0.000,0.000,3.864,1.589,0.138,0.492,0.103,0.986,3.803,28.904,2.316,8.344,13.425,0.911,0.000
plant.place,26,88.369,50984356,140.118,42.834,39.714,2.076,0.000,0.000,0.000,18.793,20.202,31.632,16.204,60.567,49.812,3.198,1.083,35.449,2.474,4.477,34.513,2.760,11.319,15.806,1.260,0.056
soil.edit,27,1.953,13638344,43.074,36.537,36.545,0.000,0.000,0.000,0.000,0.000,0.000,0.000,0.000,3.910,1.708,0.108,0.554,0.118,1.028,3.872,29.988,2.377,8.687,14.138,0.949,0.000
plant.place,27,86.706,51499250,139.464,42.576,39.468,1.996,0.000,0.000,0.000,18.880,18.462,31.732,15.984,57.762,46.956,3.067,1.050,34.051,2.109,4.418,34.327,2.765,11.449,16.040,1.276,0.058
soil.edit,28,2.103,11761210,37.081,30.225,30.232,0.000,0.000,0.000,0.000,0.000,0.000,0.000,0.000,4.314,1.877,0.107,0.495,0.117,1.257,3.175,24.806,1.997,7.192,11.684,0.789,0.000
plant.place,28,85.158,49247069,130.143,36.709,33.615,1.976,0.000,0.000,0.000,17.372,19.291,31.599,15.344,57.512,46.930,3.236,0.975,34.456,2.051,3.767,29.614,2.340,9.987,13.711,1.109,0.056
soil.edit,29,1.844,9529986,32.055,24.541,24.547,0.000,0.000,0.000,0.000,0.000,0.000,0.000,0.000,3.343,1.350,0.104,0.384,0.095,0.864,2.645,20.065,1.614,5.648,9.153,0.608,0.000
plant.place,29,83.613,46992628,122.054,29.319,26.381,2.116,0.000,0.000,0.000,17.703,18.719,30.575,15.120,56.091,45.751,3.380,0.900,33.942,1.935,3.129,23.485,1.913,8.050,10.442,0.886,0.058
soil.edit,30,1.878,7275712,23.898,17.308,17.312,0.000,0.000,0.000,0.000,0.000,0.000,0.000,0.000,3.118,1.193,0.098,0.294,0.098,0.794,1.890,14.093,1.177,3.957,6.275,0.450,0.000
plant.place,30,121.250,44768640,175.608,44.777,38.565,2.506,0.000,0.000,0.000,17.734,18.089,43.151,39.520,70.422,52.387,3.364,1.141,33.214,2.727,7.124,33.172,3.590,11.325,14.420,1.458,0.048
soil.edit,31,2.916,10508842,53.833,42.686,42.694,0.000,0.000,0.000,0.000,0.000,0.000,0.000,0.000,6.214,2.592,0.256,0.659,0.116,1.808,6.548,32.486,3.325,9.228,14.981,1.188,0.000
plant.place,31,408.978,48727266,456.977,45.131,31.813,2.484,0.000,0.000,0.000,36.367,28.708,151.308,190.397,203.699,173.887,4.619,1.247,123.536,5.264,7.406,33.381,3.183,13.115,15.251,1.616,0.080
soil.edit,32,1.924,13721868,43.130,35.992,36.001,0.000,0.000,0.000,0.000,0.000,0.000,0.000,0.000,3.868,1.654,0.100,0.521,0.112,1.013,3.982,29.365,2.364,8.448,13.735,0.937,0.000
plant.place,32,90.555,54155089,147.495,47.086,43.894,1.981,0.000,0.000,0.000,20.083,20.104,32.190,16.619,61.709,49.137,4.534,1.113,35.150,2.109,5.211,37.623,2.970,11.729,16.526,1.303,0.053
soil.edit,33,2.075,14192914,45.481,38.852,38.860,0.000,0.000,0.000,0.000,0.000,0.000,0.000,0.000,4.647,2.062,0.230,0.582,0.091,1.379,4.347,31.636,2.572,9.027,14.771,1.003,0.000
plant.place,33,92.904,52101868,147.100,44.770,41.502,2.003,0.000,0.000,0.000,19.935,20.574,33.590,17.133,63.417,51.987,3.261,1.060,36.880,2.164,4.832,35.981,2.816,11.880,16.782,1.307,0.058
soil.edit,34,1.995,11922176,38.617,31.606,31.613,0.000,0.000,0.000,0.000,0.000,0.000,0.000,0.000,3.766,1.561,0.151,0.458,0.112,0.983,3.467,25.825,2.045,7.372,11.952,0.803,0.000
plant.place,34,91.833,50221721,139.591,37.458,34.208,1.992,0.000,0.000,0.000,19.425,20.787,33.394,16.626,63.087,51.915,3.282,1.029,36.416,2.392,4.042,30.040,2.408,10.102,13.842,1.146,0.054
soil.edit,35,1.864,9787608,30.969,24.281,24.287,0.000,0.000,0.000,0.000,0.000,0.000,0.000,0.000,3.468,1.376,0.127,0.392,0.095,0.883,2.704,19.805,1.570,5.586,9.063,0.624,0.000
plant.place,35,95.679,47726724,136.640,32.228,28.669,1.949,0.000,0.000,0.000,20.771,20.707,34.703,17.851,64.381,52.658,3.374,0.985,38.017,2.075,3.586,25.629,2.113,8.609,11.230,0.947,0.054
chest.open,36,50.161,11254823,105.227,0.000,0.001,0.000,40.380,1.482,0.018,0.000,0.000,0.000,0.000,0.562,0.368,0.000,0.053,0.000,0.313,0.000,0.000,0.000,0.000,0.000,0.000,0.000
chest.open,36,49.074,11285238,107.769,0.000,0.002,0.000,38.708,1.452,0.016,0.000,0.000,0.000,0.000,0.565,0.379,0.000,0.054,0.000,0.323,0.000,0.000,0.000,0.000,0.000,0.000,0.000
bed.place,36,76.728,29510320,86.360,0.000,0.002,0.000,0.000,0.000,0.000,19.439,20.447,33.762,0.035,57.922,51.954,2.998,0.664,38.120,1.889,0.000,0.000,0.000,0.000,0.000,0.000,0.000
water.walk,36,0.001,314584,4.478,0.000,0.000,0.000,0.000,0.000,0.000,0.000,0.000,0.000,0.000,0.418,0.189,0.000,0.031,0.000,0.157,0.000,0.000,0.000,0.000,0.000,0.000,0.000
water.walk,36,0.001,318758,3.540,0.000,0.001,0.000,0.000,0.000,0.000,0.000,0.000,0.000,0.000,0.218,0.087,0.000,0.021,0.000,0.066,0.000,0.000,0.000,0.000,0.000,0.000,0.000
water.walk,36,0.001,318910,3.374,0.000,0.000,0.000,0.000,0.000,0.000,0.000,0.000,0.000,0.000,0.214,0.097,0.000,0.021,0.000,0.075,0.000,0.000,0.000,0.000,0.000,0.000,0.000
water.walk,36,0.001,319062,4.103,0.000,0.001,0.000,0.000,0.000,0.000,0.000,0.000,0.000,0.000,0.204,0.094,0.000,0.020,0.000,0.073,0.000,0.000,0.000,0.000,0.000,0.000,0.000
water.walk,36,0.001,319214,4.057,0.000,0.001,0.000,0.000,0.000,0.000,0.000,0.000,0.000,0.000,0.239,0.100,0.000,0.023,0.000,0.077,0.000,0.000,0.000,0.000,0.000,0.000,0.000
water.walk,36,0.000,3356137,17.028,0.000,0.000,0.000,0.000,0.000,0.000,0.000,0.000,0.000,0.000,2.180,1.511,0.000,0.177,0.000,1.328,0.000,0.000,0.000,0.000,0.000,0.000,0.000
water.walk,36,0.001,426374,6.029,0.000,0.001,0.000,0.000,0.000,0.000,0.000,0.000,0.000,0.000,0.607,0.447,0.000,0.028,0.000,0.418,0.000,0.000,0.000,0.000,0.000,0.000,0.000
water.walk,36,0.000,362230,5.691,0.000,0.001,0.000,0.000,0.000,0.000,0.000,0.000,0.000,0.000,0.207,0.091,0.000,0.020,0.000,0.071,0.000,0.000,0.000,0.000,0.000,0.000,0.000
water.walk,36,0.001,319822,3.868,0.000,0.000,0.000,0.000,0.000,0.000,0.000,0.000,0.000,0.000,0.233,0.098,0.000,0.023,0.000,0.075,0.000,0.000,0.000,0.000,0.000,0.000,0.000
water.walk,36,0.001,319974,3.574,0.000,0.001,0.000,0.000,0.000,0.000,0.000,0.000,0.000,0.000,0.232,0.092,0.000,0.022,0.000,0.070,0.000,0.000,0.000,0.000,0.000,0.000,0.000
water.walk,36,0.001,384418,6.150,0.000,0.000,0.000,0.000,0.000,0.000,0.000,0.000,0.000,0.000,0.685,0.510,0.000,0.035,0.000,0.474,0.000,0.000,0.000,0.000,0.000,0.000,0.000
water.walk,36,0.001,362838,5.221,0.000,0.001,0.000,0.000,0.000,0.000,0.000,0.000,0.000,0.000,0.231,0.095,0.000,0.023,0.000,0.072,0.000,0.000,0.000,0.000,0.000,0.000,0.000
water.walk,36,0.000,320430,3.797,0.000,0.000,0.000,0.000,0.000,0.000,0.000,0.000,0.000,0.000,0.208,0.090,0.000,0.020,0.000,0.069,0.000,0.000,0.000,0.000,0.000,0.000,0.000
water.walk,36,0.001,320582,3.638,0.000,0.000,0.000,0.000,0.000,0.000,0.000,0.000,0.000,0.000,0.206,0.087,0.000,0.020,0.000,0.067,0.000,0.000,0.000,0.000,0.000,0.000,0.000
water.walk,36,0.001,385026,5.210,0.000,0.001,0.000,0.000,0.000,0.000,0.000,0.000,0.000,0.000,0.613,0.461,0.000,0.025,0.000,0.436,0.000,0.000,0.000,0.000,0.000,0.000,0.000
water.walk,36,0.001,363446,5.463,0.000,0.001,0.000,0.000,0.000,0.000,0.000,0.000,0.000,0.000,0.240,0.104,0.000,0.025,0.000,0.079,0.000,0.000,0.000,0.000,0.000,0.000,0.000
water.walk,36,0.001,321038,3.550,0.000,0.000,0.000,0.000,0.000,0.000,0.000,0.000,0.000,0.000,0.218,0.096,0.000,0.022,0.000,0.074,0.000,0.000,0.000,0.000,0.000,0.000,0.000
water.walk,36,0.001,321190,4.190,0.000,0.001,0.000,0.000,0.000,0.000,0.000,0.000,0.000,0.000,0.266,0.097,0.000,0.024,0.000,0.073,0.000,0.000,0.000,0.000,0.000,0.000,0.000
water.walk,36,0.001,385634,5.874,0.000,0.001,0.000,0.000,0.000,0.000,0.000,0.000,0.000,0.000,0.793,0.595,0.000,0.031,0.000,0.564,0.000,0.000,0.000,0.000,0.000,0.000,0.000
water.walk,36,0.000,364054,5.194,0.000,0.001,0.000,0.000,0.000,0.000,0.000,0.000,0.000,0.000,0.211,0.097,0.000,0.018,0.000,0.079,0.000,0.000,0.000,0.000,0.000,0.000,0.000
water.walk,36,0.001,321598,3.679,0.000,0.001,0.000,0.000,0.000,0.000,0.000,0.000,0.000,0.000,0.242,0.097,0.000,0.022,0.000,0.075,0.000,0.000,0.000,0.000,0.000,0.000,0.000
water.walk,36,0.001,342202,5.198,0.000,0.001,0.000,0.000,0.000,0.000,0.000,0.000,0.000,0.000,0.240,0.096,0.000,0.019,0.000,0.076,0.000,0.000,0.000,0.000,0.000,0.000,0.000
water.walk,36,0.001,393109,5.282,0.000,0.001,0.000,0.000,0.000,0.000,0.000,0.000,0.000,0.000,0.671,0.514,0.000,0.029,0.000,0.484,0.000,0.000,0.000,0.000,0.000,0.000,0.000
water.walk,36,0.001,364614,5.771,0.000,0.001,0.000,0.000,0.000,0.000,0.000,0.000,0.000,0.000,0.261,0.104,0.000,0.026,0.000,0.078,0.000,0.000,0.000,0.000,0.000,0.000,0.000
water.walk,36,0.001,322206,4.395,0.000,0.001,0.000,0.000,0.000,0.000,0.000,0.000,0.000,0.000,0.235,0.103,0.000,0.024,0.000,0.079,0.000,0.000,0.000,0.000,0.000,0.000,0.000
water.walk,36,0.001,322358,3.474,0.000,0.000,0.000,0.000,0.000,0.000,0.000,0.000,0.000,0.000,0.240,0.112,0.000,0.022,0.000,0.089,0.000,0.000,0.000,0.000,0.000,0.000,0.000
water.walk,36,0.001,440108,5.176,0.000,0.000,0.000,0.000,0.000,0.000,0.000,0.000,0.000,0.000,0.864,0.656,0.000,0.028,0.000,0.627,0.000,0.000,0.000,0.000,0.000,0.000,0.000
water.walk,36,0.001,1463181,9.894,0.000,0.000,2.728,0.000,0.000,0.000,0.000,0.000,0.000,0.000,0.842,0.525,0.000,0.071,0.000,0.452,0.000,0.000,0.000,0.615,0.000,0.071,0.064
water.walk,36,0.001,323272,3.529,0.000,0.000,0.000,0.000,0.000,0.000,0.000,0.000,0.000,0.000,0.249,0.105,0.000,0.026,0.000,0.079,0.000,0.000,0.000,0.000,0.000,0.000,0.000
water.walk,36,0.000,387714,5.252,0.000,0.001,0.000,0.000,0.000,0.000,0.000,0.000,0.000,0.000,0.632,0.481,0.000,0.029,0.000,0.452,0.000,0.000,0.000,0.000,0.000,0.000,0.000
water.walk,36,0.001,375346,5.963,0.000,0.001,0.000,0.000,0.000,0.000,0.000,0.000,0.000,0.000,0.241,0.101,0.000,0.024,0.000,0.076,0.000,0.000,0.000,0.000,0.000,0.000,0.000
water.walk,36,0.001,323726,3.746,0.000,0.001,0.000,0.000,0.000,0.000,0.000,0.000,0.000,0.000,0.246,0.107,0.000,0.023,0.000,0.083,0.000,0.000,0.000,0.000,0.000,0.000,0.000
water.walk,36,0.000,323930,3.519,0.000,0.000,0.000,0.000,0.000,0.000,0.000,0.000,0.000,0.000,0.205,0.090,0.000,0.020,0.000,0.070,0.000,0.000,0.000,0.000,0.000,0.000,0.000
water.walk,36,0.000,324030,3.272,0.000,0.001,0.000,0.000,0.000,0.000,0.000,0.000,0.000,0.000,0.199,0.086,0.000,0.019,0.000,0.066,0.000,0.000,0.000,0.000,0.000,0.000,0.000
water.walk,36,0.001,388474,5.598,0.000,0.000,0.000,0.000,0.000,0.000,0.000,0.000,0.000,0.000,0.675,0.513,0.000,0.032,0.000,0.481,0.000,0.000,0.000,0.000,0.000,0.000,0.000
water.walk,36,0.000,366894,5.085,0.000,0.001,0.000,0.000,0.000,0.000,0.000,0.000,0.000,0.000,0.210,0.090,0.000,0.020,0.000,0.069,0.000,0.000,0.000,0.000,0.000,0.000,0.000
water.walk,36,0.001,324486,3.663,0.000,0.001,0.000,0.000,0.000,0.000,0.000,0.000,0.000,0.000,0.232,0.098,0.000,0.023,0.000,0.074,0.000,0.000,0.000,0.000,0.000,0.000,0.000
water.walk,36,0.001,324638,4.111,0.000,0.001,0.000,0.000,0.000,0.000,0.000,0.000,0.000,0.000,0.204,0.086,0.000,0.020,0.000,0.065,0.000,0.000,0.000,0.000,0.000,0.000,0.000
water.walk,36,0.001,389082,4.852,0.000,0.001,0.000,0.000,0.000,0.000,0.000,0.000,0.000,0.000,0.664,0.511,0.000,0.034,0.000,0.476,0.000,0.000,0.000,0.000,0.000,0.000,0.000
water.walk,36,0.000,367502,5.004,0.000,0.001,0.000,0.000,0.000,0.000,0.000,0.000,0.000,0.000,0.244,0.105,0.000,0.022,0.000,0.083,0.000,0.000,0.000,0.000,0.000,0.000,0.000
water.walk,36,0.000,325094,3.878,0.000,0.001,0.000,0.000,0.000,0.000,0.000,0.000,0.000,0.000,0.224,0.094,0.000,0.022,0.000,0.071,0.000,0.000,0.000,0.000,0.000,0.000,0.000
water.walk,36,0.001,325246,3.737,0.000,0.001,0.000,0.000,0.000,0.000,0.000,0.000,0.000,0.000,0.252,0.103,0.000,0.023,0.000,0.080,0.000,0.000,0.000,0.000,0.000,0.000,0.000
water.walk,36,0.000,389690,4.653,0.000,0.001,0.000,0.000,0.000,0.000,0.000,0.000,0.000,0.000,0.645,0.495,0.000,0.028,0.000,0.467,0.000,0.000,0.000,0.000,0.000,0.000,0.000
water.walk,36,0.001,368110,4.735,0.000,0.001,0.000,0.000,0.000,0.000,0.000,0.000,0.000,0.000,0.210,0.094,0.000,0.024,0.000,0.070,0.000,0.000,0.000,0.000,0.000,0.000,0.000
water.walk,36,0.000,325702,3.496,0.000,0.001,0.000,0.000,0.000,0.000,0.000,0.000,0.000,0.000,0.200,0.087,0.000,0.019,0.000,0.068,0.000,0.000,0.000,0.000,0.000,0.000,0.000
water.walk,36,0.001,325854,4.026,0.000,0.000,0.000,0.000,0.000,0.000,0.000,0.000,0.000,0.000,0.236,0.104,0.000,0.024,0.000,0.078,0.000,0.000,0.000,0.000,0.000,0.000,0.000
water.walk,36,0.001,326006,2.950,0.000,0.000,0.000,0.000,0.000,0.000,0.000,0.000,0.000,0.000,0.184,0.084,0.000,0.019,0.000,0.065,0.000,0.000,0.000,0.000,0.000,0.000,0.000
water.walk,36,0.001,390450,5.362,0.000,0.000,0.000,0.000,0.000,0.000,0.000,0.000,0.000,0.000,0.695,0.496,0.000,0.034,0.000,0.461,0.000,0.000,0.000,0.000,0.000,0.000,0.000
water.walk,36,0.001,368870,5.785,0.000,0.001,0.000,0.000,0.000,0.000,0.000,0.000,0.000,0.000,0.253,0.109,0.000,0.026,0.000,0.083,0.000,0.000,0.000,0.000,0.000,0.000,0.000
water.walk,36,0.001,326462,3.641,0.000,0.001,0.000,0.000,0.000,0.000,0.000,0.000,0.000,0.000,0.238,0.103,0.000,0.023,0.000,0.079,0.000,0.000,0.000,0.000,0.000,0.000,0.000
water.walk,36,0.001,326614,3.417,0.000,0.000,0.000,0.000,0.000,0.000,0.000,0.000,0.000,0.000,0.207,0.090,0.000,0.021,0.000,0.068,0.000,0.000,0.000,0.000,0.000,0.000,0.000
water.walk,36,0.001,391058,4.546,0.000,0.000,0.000,0.000,0.000,0.000,0.000,0.000,0.000,0.000,0.620,0.458,0.000,0.025,0.000,0.433,0.000,0.000,0.000,0.000,0.000,0.000,0.000
water.walk,36,0.000,369478,5.326,0.000,0.000,0.000,0.000,0.000,0.000,0.000,0.000,0.000,0.000,0.203,0.089,0.000,0.019,0.000,0.069,0.000,0.000,0.000,0.000,0.000,0.000,0.000
water.walk,36,0.001,521853,6.013,0.000,0.001,0.000,0.000,0.000,0.000,0.000,0.000,0.000,0.000,0.852,0.529,0.000,0.070,0.000,0.457,0.000,0.000,0.000,0.000,0.000,0.000,0.000
water.walk,36,0.001,334137,4.259,0.000,0.001,0.000,0.000,0.000,0.000,0.000,0.000,0.000,0.000,0.246,0.111,0.000,0.023,0.000,0.087,0.000,0.000,0.000,0.000,0.000,0.000,0.000
water.walk,36,0.001,391666,5.439,0.000,0.001,0.000,0.000,0.000,0.000,0.000,0.000,0.000,0.000,0.686,0.506,0.000,0.037,0.000,0.468,0.000,0.000,0.000,0.000,0.000,0.000,0.000
water.walk,36,0.001,370086,5.100,0.000,0.001,0.000,0.000,0.000,0.000,0.000,0.000,0.000,0.000,0.227,0.095,0.000,0.020,0.000,0.075,0.000,0.000,0.000,0.000,0.000,0.000,0.000
water.walk,36,0.001,327678,3.541,0.000,0.001,0.000,0.000,0.000,0.000,0.000,0.000,0.000,0.000,0.228,0.095,0.000,0.024,0.000,0.071,0.000,0.000,0.000,0.000,0.000,0.000,0.000
water.walk,36,0.000,327830,3.454,0.000,0.001,0.000,0.000,0.000,0.000,0.000,0.000,0.000,0.000,0.196,0.085,0.000,0.018,0.000,0.066,0.000,0.000,0.000,0.000,0.000,0.000,0.000
water.walk,36,0.001,392274,5.528,0.000,0.000,0.000,0.000,0.000,0.000,0.000,0.000,0.000,0.000,0.734,0.539,0.000,0.039,0.000,0.499,0.000,0.000,0.000,0.000,0.000,0.000,0.000
water.walk,36,0.001,370694,5.323,0.000,0.000,0.000,0.000,0.000,0.000,0.000,0.000,0.000,0.000,0.209,0.093,0.000,0.022,0.000,0.070,0.000,0.000,0.000,0.000,0.000,0.000,0.000
water.walk,36,0.001,328286,3.621,0.000,0.001,0.000,0.000,0.000,0.000,0.000,0.000,0.000,0.000,0.227,0.098,0.000,0.021,0.000,0.077,0.000,0.000,0.000,0.000,0.000,0.000,0.000
water.walk,36,0.001,328438,3.996,0.000,0.000,0.000,0.000,0.000,0.000,0.000,0.000,0.000,0.000,0.209,0.097,0.000,0.021,0.000,0.075,0.000,0.000,0.000,0.000,0.000,0.000,0.000
water.walk,36,0.001,328590,3.775,0.000,0.001,0.000,0.000,0.000,0.000,0.000,0.000,0.000,0.000,0.244,0.102,0.000,0.023,0.000,0.078,0.000,0.000,0.000,0.000,0.000,0.000,0.000
water.walk,36,0.000,393034,4.862,0.000,0.001,0.000,0.000,0.000,0.000,0.000,0.000,0.000,0.000,0.655,0.491,0.000,0.030,0.000,0.461,0.000,0.000,0.000,0.000,0.000,0.000,0.000
water.walk,36,0.001,371454,4.881,0.000,0.001,0.000,0.000,0.000,0.000,0.000,0.000,0.000,0.000,0.221,0.101,0.000,0.023,0.000,0.077,0.000,0.000,0.000,0.000,0.000,0.000,0.000
water.walk,36,0.001,329046,4.081,0.000,0.001,0.000,0.000,0.000,0.000,0.000,0.000,0.000,0.000,0.241,0.098,0.000,0.026,0.000,0.072,0.000,0.000,0.000,0.000,0.000,0.000,0.000
water.walk,36,0.001,329198,3.413,0.000,0.001,0.000,0.000,0.000,0.000,0.000,0.000,0.000,0.000,0.207,0.091,0.000,0.021,0.000,0.070,0.000,0.000,0.000,0.000,0.000,0.000,0.000
water.walk,36,0.001,393642,5.553,0.000,0.001,0.000,0.000,0.000,0.000,0.000,0.000,0.000,0.000,0.643,0.480,0.000,0.027,0.000,0.453,0.000,0.000,0.000,0.000,0.000,0.000,0.000
water.walk,36,0.001,372062,5.852,0.000,0.000,0.000,0.000,0.000,0.000,0.000,0.000,0.000,0.000,0.224,0.095,0.000,0.023,0.000,0.071,0.000,0.000,0.000,0.000,0.000,0.000,0.000
water.walk,36,0.001,329654,3.592,0.000,0.000,0.000,0.000,0.000,0.000,0.000,0.000,0.000,0.000,0.233,0.102,0.000,0.021,0.000,0.081,0.000,0.000,0.000,0.000,0.000,0.000,0.000
water.walk,36,0.001,329806,3.334,0.000,0.001,0.000,0.000,0.000,0.000,0.000,0.000,0.000,0.000,0.203,0.089,0.000,0.019,0.000,0.069,0.000,0.000,0.000,0.000,0.000,0.000,0.000
water.walk,36,0.000,394250,4.725,0.000,0.000,0.000,0.000,0.000,0.000,0.000,0.000,0.000,0.000,0.651,0.495,0.000,0.027,0.000,0.468,0.000,0.000,0.000,0.000,0.000,0.000,0.000
water.walk,36,0.000,372670,5.300,0.000,0.001,0.000,0.000,0.000,0.000,0.000,0.000,0.000,0.000,0.221,0.098,0.000,0.022,0.000,0.076,0.000,0.000,0.000,0.000,0.000,0.000,0.000
water.walk,36,0.001,330262,3.349,0.000,0.001,0.000,0.000,0.000,0.000,0.000,0.000,0.000,0.000,0.221,0.101,0.000,0.021,0.000,0.080,0.000,0.000,0.000,0.000,0.000,0.000,0.000
water.walk,36,0.001,330414,3.546,0.000,0.000,0.000,0.000,0.000,0.000,0.000,0.000,0.000,0.000,0.226,0.098,0.000,0.023,0.000,0.075,0.000,0.000,0.000,0.000,0.000,0.000,0.000
water.walk,36,0.001,330618,4.024,0.000,0.001,0.000,0.000,0.000,0.000,0.000,0.000,0.000,0.000,0.254,0.110,0.000,0.027,0.000,0.083,0.000,0.000,0.000,0.000,0.000,0.000,0.000
water.walk,36,0.001,448316,5.488,0.000,0.001,0.000,0.000,0.000,0.000,0.000,0.000,0.000,0.000,0.894,0.680,0.000,0.030,0.000,0.650,0.000,0.000,0.000,0.000,0.000,0.000,0.000
water.walk,36,0.001,1322182,7.964,0.000,0.000,2.581,0.000,0.000,0.000,0.000,0.000,0.000,0.000,0.201,0.089,0.000,0.019,0.000,0.069,0.000,0.000,0.000,0.588,0.000,0.069,0.057
water.walk,36,0.001,506195,5.601,0.000,0.000,0.000,0.000,0.000,0.000,0.000,0.000,0.000,0.000,0.869,0.537,0.000,0.069,0.000,0.466,0.000,0.000,0.000,0.000,0.000,0.000,0.000
water.walk,36,0.001,395922,4.641,0.000,0.001,0.000,0.000,0.000,0.000,0.000,0.000,0.000,0.000,0.628,0.478,0.000,0.028,0.000,0.449,0.000,0.000,0.000,0.000,0.000,0.000,0.000
water.walk,36,0.001,374342,4.895,0.000,0.001,0.000,0.000,0.000,0.000,0.000,0.000,0.000,0.000,0.226,0.101,0.000,0.023,0.000,0.078,0.000,0.000,0.000,0.000,0.000,0.000,0.000
water.walk,36,0.001,331934,4.236,0.000,0.001,0.000,0.000,0.000,0.000,0.000,0.000,0.000,0.000,0.218,0.096,0.000,0.022,0.000,0.075,0.000,0.000,0.000,0.000,0.000,0.000,0.000
water.walk,36,0.001,332086,3.840,0.000,0.001,0.000,0.000,0.000,0.000,0.000,0.000,0.000,0.000,0.242,0.106,0.000,0.024,0.000,0.082,0.000,0.000,0.000,0.000,0.000,0.000,0.000
water.walk,36,0.001,396530,5.255,0.000,0.000,0.000,0.000,0.000,0.000,0.000,0.000,0.000,0.000,0.679,0.516,0.000,0.030,0.000,0.485,0.000,0.000,0.000,0.000,0.000,0.000,0.000
water.walk,36,0.001,395018,5.872,0.000,0.000,0.000,0.000,0.000,0.000,0.000,0.000,0.000,0.000,0.217,0.093,0.000,0.022,0.000,0.071,0.000,0.000,0.000,0.000,0.000,0.000,0.000
water.walk,36,0.001,339457,4.731,0.000,0.001,0.000,0.000,0.000,0.000,0.000,0.000,0.000,0.000,0.250,0.111,0.000,0.023,0.000,0.087,0.000,0.000,0.000,0.000,0.000,0.000,0.000
water.walk,36,0.001,332694,3.522,0.000,0.000,0.000,0.000,0.000,0.000,0.000,0.000,0.000,0.000,0.237,0.097,0.000,0.024,0.000,0.072,0.000,0.000,0.000,0.000,0.000,0.000,0.000
water.walk,36,0.001,397138,4.743,0.000,0.000,0.000,0.000,0.000,0.000,0.000,0.000,0.000,0.000,0.644,0.489,0.000,0.028,0.000,0.461,0.000,0.000,0.000,0.000,0.000,0.000,0.000
water.walk,36,0.000,375558,4.627,0.000,0.001,0.000,0.000,0.000,0.000,0.000,0.000,0.000,0.000,0.208,0.097,0.000,0.019,0.000,0.078,0.000,0.000,0.000,0.000,0.000,0.000,0.000
water.walk,36,0.000,333150,4.091,0.000,0.001,0.000,0.000,0.000,0.000,0.000,0.000,0.000,0.000,0.238,0.104,0.000,0.024,0.000,0.080,0.000,0.000,0.000,0.000,0.000,0.000,0.000
water.walk,36,0.001,333302,3.319,0.000,0.001,0.000,0.000,0.000,0.000,0.000,0.000,0.000,0.000,0.200,0.088,0.000,0.018,0.000,0.069,0.000,0.000,0.000,0.000,0.000,0.000,0.000
water.walk,36,0.000,333454,3.088,0.000,0.000,0.000,0.000,0.000,0.000,0.000,0.000,0.000,0.000,0.195,0.082,0.000,0.019,0.000,0.063,0.000,0.000,0.000,0.000,0.000,0.000,0.000
water.walk,36,0.000,397898,4.460,0.000,0.001,0.000,0.000,0.000,0.000,0.000,0.000,0.000,0.000,0.619,0.476,0.000,0.024,0.000,0.451,0.000,0.000,0.000,0.000,0.000,0.000,0.000
water.walk,36,0.001,376318,5.293,0.000,0.001,0.000,0.000,0.000,0.000,0.000,0.000,0.000,0.000,0.217,0.094,0.000,0.021,0.000,0.072,0.000,0.000,0.000,0.000,0.000,0.000,0.000
water.walk,36,0.000,333910,3.617,0.000,0.001,0.000,0.000,0.000,0.000,0.000,0.000,0.000,0.000,0.207,0.096,0.000,0.021,0.000,0.075,0.000,0.000,0.000,0.000,0.000,0.000,0.000
water.walk,36,0.000,348146,3.212,0.000,0.000,0.000,0.000,0.000,0.000,0.000,0.000,0.000,0.000,0.197,0.090,0.000,0.021,0.000,0.069,0.000,0.000,0.000,0.000,0.000,0.000,0.000
water.walk,36,0.000,334214,3.212,0.000,0.001,0.000,0.000,0.000,0.000,0.000,0.000,0.000,0.000,0.201,0.085,0.000,0.019,0.000,0.066,0.000,0.000,0.000,0.000,0.000,0.000,0.000
water.walk,36,0.000,398658,5.299,0.000,0.001,0.000,0.000,0.000,0.000,0.000,0.000,0.000,0.000,0.626,0.470,0.000,0.026,0.000,0.444,0.000,0.000,0.000,0.000,0.000,0.000,0.000
water.walk,36,0.001,377078,5.026,0.000,0.001,0.000,0.000,0.000,0.000,0.000,0.000,0.000,0.000,0.234,0.100,0.000,0.023,0.000,0.077,0.000,0.000,0.000,0.000,0.000,0.000,0.000
water.walk,36,0.000,334670,3.443,0.000,0.000,0.000,0.000,0.000,0.000,0.000,0.000,0.000,0.000,0.216,0.092,0.000,0.021,0.000,0.071,0.000,0.000,0.000,0.000,0.000,0.000,0.000
water.walk,36,0.001,334822,3.845,0.000,0.001,0.000,0.000,0.000,0.000,0.000,0.000,0.000,0.000,0.249,0.115,0.000,0.028,0.000,0.087,0.000,0.000,0.000,0.000,0.000,0.000,0.000
water.walk,36,0.000,399266,4.405,0.000,0.000,0.000,0.000,0.000,0.000,0.000,0.000,0.000,0.000,0.626,0.481,0.000,0.025,0.000,0.456,0.000,0.000,0.000,0.000,0.000,0.000,0.000
water.walk,36,0.001,377686,4.734,0.000,0.001,0.000,0.000,0.000,0.000,0.000,0.000,0.000,0.000,0.215,0.091,0.000,0.021,0.000,0.070,0.000,0.000,0.000,0.000,0.000,0.000,0.000
water.walk,36,0.000,335278,3.233,0.000,0.001,0.000,0.000,0.000,0.000,0.000,0.000,0.000,0.000,0.194,0.089,0.000,0.018,0.000,0.071,0.000,0.000,0.000,0.000,0.000,0.000,0.000
water.walk,36,0.001,335430,3.359,0.000,0.000,0.000,0.000,0.000,0.000,0.000,0.000,0.000,0.000,0.200,0.087,0.000,0.019,0.000,0.068,0.000,0.000,0.000,0.000,0.000,0.000,0.000
water.walk,36,0.001,335582,3.662,0.000,0.001,0.000,0.000,0.000,0.000,0.000,0.000,0.000,0.000,0.234,0.106,0.000,0.023,0.000,0.082,0.000,0.000,0.000,0.000,0.000,0.000,0.000
water.walk,36,0.001,574741,6.189,0.000,0.001,0.000,0.000,0.000,0.000,0.000,0.000,0.000,0.000,1.220,0.885,0.000,0.070,0.000,0.812,0.000,0.000,0.000,0.000,0.000,0.000,0.000
water.walk,36,0.001,378446,4.719,0.000,0.001,0.000,0.000,0.000,0.000,0.000,0.000,0.000,0.000,0.211,0.094,0.000,0.021,0.000,0.073,0.000,0.000,0.000,0.000,0.000,0.000,0.000
water.walk,36,0.000,336038,3.872,0.000,0.001,0.000,0.000,0.000,0.000,0.000,0.000,0.000,0.000,0.200,0.084,0.000,0.022,0.000,0.062,0.000,0.000,0.000,0.000,0.000,0.000,0.000
water.walk,36,0.001,336190,3.373,0.000,0.000,0.000,0.000,0.000,0.000,0.000,0.000,0.000,0.000,0.209,0.089,0.000,0.021,0.000,0.068,0.000,0.000,0.000,0.000,0.000,0.000,0.000
water.walk,36,0.000,400634,4.536,0.000,0.001,0.000,0.000,0.000,0.000,0.000,0.000,0.000,0.000,0.606,0.457,0.000,0.024,0.000,0.433,0.000,0.000,0.000,0.000,0.000,0.000,0.000
water.walk,36,0.000,379054,4.741,0.000,0.000,0.000,0.000,0.000,0.000,0.000,0.000,0.000,0.000,0.197,0.089,0.000,0.019,0.000,0.070,0.000,0.000,0.000,0.000,0.000,0.000,0.000
water.walk,36,0.001,336646,3.969,0.000,0.001,0.000,0.000,0.000,0.000,0.000,0.000,0.000,0.000,0.255,0.107,0.000,0.025,0.000,0.081,0.000,0.000,0.000,0.000,0.000,0.000,0.000
water.walk,36,0.001,336798,3.811,0.000,0.000,0.000,0.000,0.000,0.000,0.000,0.000,0.000,0.000,0.231,0.099,0.000,0.021,0.000,0.077,0.000,0.000,0.000,0.000,0.000,0.000,0.000
water.walk,36,0.001,336950,4.068,0.000,0.000,0.000,0.000,0.000,0.000,0.000,0.000,0.000,0.000,0.231,0.099,0.000,0.025,0.000,0.073,0.000,0.000,0.000,0.000,0.000,0.000,0.000
water.walk,36,0.001,401394,5.882,0.000,0.000,0.000,0.000,0.000,0.000,0.000,0.000,0.000,0.000,0.691,0.511,0.000,0.035,0.000,0.476,0.000,0.000,0.000,0.000,0.000,0.000,0.000
water.walk,36,0.001,379814,5.176,0.000,0.000,0.000,0.000,0.000,0.000,0.000,0.000,0.000,0.000,0.241,0.100,0.000,0.026,0.000,0.074,0.000,0.000,0.000,0.000,0.000,0.000,0.000
water.walk,36,0.000,337406,3.501,0.000,0.001,0.000,0.000,0.000,0.000,0.000,0.000,0.000,0.000,0.227,0.101,0.000,0.024,0.000,0.077,0.000,0.000,0.000,0.000,0.000,0.000,0.000
water.walk,36,0.000,342823,3.403,0.000,0.000,0.000,0.000,0.000,0.000,0.000,0.000,0.000,0.000,0.200,0.086,0.000,0.020,0.000,0.066,0.000,0.000,0.000,0.000,0.000,0.000,0.000
water.walk,36,0.001,402054,5.203,0.000,0.001,0.000,0.000,0.000,0.000,0.000,0.000,0.000,0.000,0.662,0.491,0.000,0.027,0.000,0.464,0.000,0.000,0.000,0.000,0.000,0.000,0.000
water.walk,36,0.005,380422,4.890,0.000,0.000,0.000,0.000,0.000,0.000,0.000,0.000,0.000,0.000,0.210,0.095,0.000,0.019,0.000,0.076,0.000,0.000,0.000,0.000,0.000,0.000,0.000
water.walk,36,0.001,338014,3.349,0.000,0.001,0.000,0.000,0.000,0.000,0.000,0.000,0.000,0.000,0.223,0.092,0.000,0.021,0.000,0.071,0.000,0.000,0.000,0.000,0.000,0.000,0.000
water.walk,36,0.001,338166,3.828,0.000,0.000,0.000,0.000,0.000,0.000,0.000,0.000,0.000,0.000,0.233,0.102,0.000,0.023,0.000,0.079,0.000,0.000,0.000,0.000,0.000,0.000,0.000
water.walk,36,0.001,338318,3.980,0.000,0.001,0.000,0.000,0.000,0.000,0.000,0.000,0.000,0.000,0.243,0.107,0.000,0.025,0.000,0.082,0.000,0.000,0.000,0.000,0.000,0.000,0.000
water.walk,36,0.000,402762,4.556,0.000,0.001,0.000,0.000,0.000,0.000,0.000,0.000,0.000,0.000,0.634,0.475,0.000,0.026,0.000,0.449,0.000,0.000,0.000,0.000,0.000,0.000,0.000
water.walk,36,0.001,381182,4.812,0.000,0.001,0.000,0.000,0.000,0.000,0.000,0.000,0.000,0.000,0.228,0.099,0.000,0.022,0.000,0.076,0.000,0.000,0.000,0.000,0.000,0.000,0.000
water.walk,36,0.001,338774,3.528,0.000,0.001,0.000,0.000,0.000,0.000,0.000,0.000,0.000,0.000,0.220,0.093,0.000,0.021,0.000,0.072,0.000,0.000,0.000,0.000,0.000,0.000,0.000
water.walk,36,0.001,338926,4.456,0.000,0.001,0.000,0.000,0.000,0.000,0.000,0.000,0.000,0.000,0.246,0.110,0.000,0.024,0.000,0.086,0.000,0.000,0.000,0.000,0.000,0.000,0.000
water.walk,36,0.001,403370,4.905,0.000,0.000,0.000,0.000,0.000,0.000,0.000,0.000,0.000,0.000,0.663,0.499,0.000,0.034,0.000,0.465,0.000,0.000,0.000,0.000,0.000,0.000,0.000
water.walk,36,0.001,381790,5.109,0.000,0.001,0.000,0.000,0.000,0.000,0.000,0.000,0.000,0.000,0.211,0.093,0.000,0.021,0.000,0.072,0.000,0.000,0.000,0.000,0.000,0.000,0.000
water.walk,36,0.001,339382,4.254,0.000,0.001,0.000,0.000,0.000,0.000,0.000,0.000,0.000,0.000,0.255,0.103,0.000,0.024,0.000,0.079,0.000,0.000,0.000,0.000,0.000,0.000,0.000
water.walk,36,0.001,339534,3.345,0.000,0.000,0.000,0.000,0.000,0.000,0.000,0.000,0.000,0.000,0.210,0.091,0.000,0.022,0.000,0.069,0.000,0.000,0.000,0.000,0.000,0.000,0.000
water.walk,36,0.000,457284,4.842,0.000,0.000,0.000,0.000,0.000,0.000,0.000,0.000,0.000,0.000,0.858,0.662,0.000,0.027,0.000,0.635,0.000,0.000,0.000,0.000,0.000,0.000,0.000
water.walk,36,0.001,1532045,9.603,0.000,0.000,2.651,0.000,0.000,0.000,0.000,0.000,0.000,0.000,0.850,0.529,0.000,0.066,0.000,0.461,0.000,0.000,0.000,0.578,0.000,0.061,0.057
water.walk,36,0.001,340448,3.574,0.000,0.001,0.000,0.000,0.000,0.000,0.000,0.000,0.000,0.000,0.218,0.091,0.000,0.022,0.000,0.068,0.000,0.000,0.000,0.000,0.000,0.000,0.000
water.walk,36,0.001,340598,3.246,0.000,0.000,0.000,0.000,0.000,0.000,0.000,0.000,0.000,0.000,0.202,0.089,0.000,0.020,0.000,0.069,0.000,0.000,0.000,0.000,0.000,0.000,0.000
water.walk,36,0.000,405042,4.345,0.000,0.001,0.000,0.000,0.000,0.000,0.000,0.000,0.000,0.000,0.606,0.457,0.000,0.024,0.000,0.433,0.000,0.000,0.000,0.000,0.000,0.000,0.000
water.walk,36,0.001,383462,5.449,0.000,0.001,0.000,0.000,0.000,0.000,0.000,0.000,0.000,0.000,0.257,0.102,0.000,0.023,0.000,0.078,0.000,0.000,0.000,0.000,0.000,0.000,0.000
water.walk,36,0.001,341054,3.331,0.000,0.001,0.000,0.000,0.000,0.000,0.000,0.000,0.000,0.000,0.212,0.093,0.000,0.021,0.000,0.072,0.000,0.000,0.000,0.000,0.000,0.000,0.000
water.walk,36,0.000,341206,3.254,0.000,0.000,0.000,0.000,0.000,0.000,0.000,0.000,0.000,0.000,0.200,0.087,0.000,0.020,0.000,0.067,0.000,0.000,0.000,0.000,0.000,0.000,0.000
water.walk,36,0.000,341358,3.590,0.000,0.000,0.000,0.000,0.000,0.000,0.000,0.000,0.000,0.000,0.203,0.092,0.000,0.018,0.000,0.073,0.000,0.000,0.000,0.000,0.000,0.000,0.000
water.walk,36,0.001,405802,5.496,0.000,0.001,0.000,0.000,0.000,0.000,0.000,0.000,0.000,0.000,0.724,0.540,0.000,0.037,0.000,0.502,0.000,0.000,0.000,0.000,0.000,0.000,0.000
water.walk,36,0.000,384222,5.463,0.000,0.001,0.000,0.000,0.000,0.000,0.000,0.000,0.000,0.000,0.214,0.099,0.000,0.019,0.000,0.080,0.000,0.000,0.000,0.000,0.000,0.000,0.000
water.walk,36,0.000,341814,3.652,0.000,0.001,0.000,0.000,0.000,0.000,0.000,0.000,0.000,0.000,0.239,0.100,0.000,0.025,0.000,0.075,0.000,0.000,0.000,0.000,0.000,0.000,0.000
water.walk,36,0.000,341966,4.026,0.000,0.001,0.000,0.000,0.000,0.000,0.000,0.000,0.000,0.000,0.209,0.092,0.000,0.018,0.000,0.074,0.000,0.000,0.000,0.000,0.000,0.000,0.000
water.walk,36,0.001,406410,5.782,0.000,0.001,0.000,0.000,0.000,0.000,0.000,0.000,0.000,0.000,0.730,0.545,0.000,0.037,0.000,0.508,0.000,0.000,0.000,0.000,0.000,0.000,0.000
water.walk,36,0.001,384830,5.304,0.000,0.001,0.000,0.000,0.000,0.000,0.000,0.000,0.000,0.000,0.225,0.097,0.000,0.023,0.000,0.073,0.000,0.000,0.000,0.000,0.000,0.000,0.000
water.walk,36,0.001,342422,3.857,0.000,0.001,0.000,0.000,0.000,0.000,0.000,0.000,0.000,0.000,0.248,0.109,0.000,0.026,0.000,0.084,0.000,0.000,0.000,0.000,0.000,0.000,0.000
water.walk,36,0.000,342574,3.485,0.000,0.001,0.000,0.000,0.000,0.000,0.000,0.000,0.000,0.000,0.211,0.090,0.000,0.021,0.000,0.069,0.000,0.000,0.000,0.000,0.000,0.000,0.000
water.walk,36,0.001,407018,4.577,0.000,0.000,0.000,0.000,0.000,0.000,0.000,0.000,0.000,0.000,0.618,0.471,0.000,0.025,0.000,0.445,0.000,0.000,0.000,0.000,0.000,0.000,0.000
water.walk,36,0.000,385438,4.619,0.000,0.001,0.000,0.000,0.000,0.000,0.000,0.000,0.000,0.000,0.192,0.085,0.000,0.017,0.000,0.067,0.000,0.000,0.000,0.000,0.000,0.000,0.000
water.walk,36,0.000,363098,4.446,0.000,0.001,0.000,0.000,0.000,0.000,0.000,0.000,0.000,0.000,0.206,0.087,0.000,0.018,0.000,0.068,0.000,0.000,0.000,0.000,0.000,0.000,0.000
water.walk,36,0.001,350097,4.353,0.000,0.001,0.000,0.000,0.000,0.000,0.000,0.000,0.000,0.000,0.233,0.097,0.000,0.024,0.000,0.073,0.000,0.000,0.000,0.000,0.000,0.000,0.000
water.walk,36,0.001,407626,5.066,0.000,0.000,0.000,0.000,0.000,0.000,0.000,0.000,0.000,0.000,0.678,0.513,0.000,0.033,0.000,0.479,0.000,0.000,0.000,0.000,0.000,0.000,0.000
water.walk,36,0.001,386046,5.155,0.000,0.001,0.000,0.000,0.000,0.000,0.000,0.000,0.000,0.000,0.214,0.094,0.000,0.021,0.000,0.073,0.000,0.000,0.000,0.000,0.000,0.000,0.000
water.walk,36,0.001,343638,4.362,0.000,0.001,0.000,0.000,0.000,0.000,0.000,0.000,0.000,0.000,0.277,0.121,0.000,0.031,0.000,0.089,0.000,0.000,0.000,0.000,0.000,0.000,0.000
water.walk,36,0.001,343790,3.725,0.000,0.001,0.000,0.000,0.000,0.000,0.000,0.000,0.000,0.000,0.225,0.098,0.000,0.022,0.000,0.075,0.000,0.000,0.000,0.000,0.000,0.000,0.000
water.walk,36,0.000,343942,3.416,0.000,0.000,0.000,0.000,0.000,0.000,0.000,0.000,0.000,0.000,0.200,0.086,0.000,0.018,0.000,0.068,0.000,0.000,0.000,0.000,0.000,0.000,0.000
water.walk,36,0.000,408386,5.061,0.000,0.001,0.000,0.000,0.000,0.000,0.000,0.000,0.000,0.000,0.633,0.476,0.000,0.025,0.000,0.450,0.000,0.000,0.000,0.000,0.000,0.000,0.000
water.walk,36,0.001,386806,5.142,0.000,0.001,0.000,0.000,0.000,0.000,0.000,0.000,0.000,0.000,0.257,0.109,0.000,0.025,0.000,0.084,0.000,0.000,0.000,0.000,0.000,0.000,0.000
water.walk,36,0.001,519113,5.277,0.000,0.001,0.000,0.000,0.000,0.000,0.000,0.000,0.000,0.000,0.875,0.543,0.000,0.073,0.000,0.468,0.000,0.000,0.000,0.000,0.000,0.000,0.000
water.walk,36,0.001,344550,3.301,0.000,0.000,0.000,0.000,0.000,0.000,0.000,0.000,0.000,0.000,0.216,0.092,0.000,0.022,0.000,0.070,0.000,0.000,0.000,0.000,0.000,0.000,0.000
water.walk,36,0.000,409046,5.374,0.000,0.001,0.000,0.000,0.000,0.000,0.000,0.000,0.000,0.000,0.676,0.507,0.000,0.029,0.000,0.477,0.000,0.000,0.000,0.000,0.000,0.000,0.000
water.walk,36,0.001,387414,4.929,0.000,0.001,0.000,0.000,0.000,0.000,0.000,0.000,0.000,0.000,0.211,0.091,0.000,0.020,0.000,0.071,0.000,0.000,0.000,0.000,0.000,0.000,0.000
water.walk,36,0.001,345006,3.623,0.000,0.001,0.000,0.000,0.000,0.000,0.000,0.000,0.000,0.000,0.212,0.095,0.000,0.021,0.000,0.074,0.000,0.000,0.000,0.000,0.000,0.000,0.000
water.walk,36,0.001,345158,3.837,0.000,0.001,0.000,0.000,0.000,0.000,0.000,0.000,0.000,0.000,0.238,0.103,0.000,0.023,0.000,0.079,0.000,0.000,0.000,0.000,0.000,0.000,0.000
water.walk,36,0.000,409602,4.492,0.000,0.000,0.000,0.000,0.000,0.000,0.000,0.000,0.000,0.000,0.624,0.473,0.000,0.025,0.000,0.447,0.000,0.000,0.000,0.000,0.000,0.000,0.000
water.walk,36,0.001,396256,5.291,0.000,0.001,0.000,0.000,0.000,0.000,0.000,0.000,0.000,0.000,0.355,0.158,0.000,0.027,0.000,0.131,0.000,0.000,0.000,0.000,0.000,0.000,0.000
water.walk,36,0.001,345614,3.751,0.000,0.001,0.000,0.000,0.000,0.000,0.000,0.000,0.000,0.000,0.256,0.110,0.000,0.025,0.000,0.085,0.000,0.000,0.000,0.000,0.000,0.000,0.000
water.walk,36,0.000,345766,3.643,0.000,0.000,0.000,0.000,0.000,0.000,0.000,0.000,0.000,0.000,0.208,0.087,0.000,0.021,0.000,0.065,0.000,0.000,0.000,0.000,0.000,0.000,0.000
water.walk,36,0.001,345918,3.501,0.000,0.000,0.000,0.000,0.000,0.000,0.000,0.000,0.000,0.000,0.228,0.097,0.000,0.022,0.000,0.074,0.000,0.000,0.000,0.000,0.000,0.000,0.000
water.walk,36,0.000,410362,4.693,0.000,0.000,0.000,0.000,0.000,0.000,0.000,0.000,0.000,0.000,0.654,0.498,0.000,0.025,0.000,0.473,0.000,0.000,0.000,0.000,0.000,0.000,0.000
water.walk,36,0.001,388782,4.959,0.000,0.001,0.000,0.000,0.000,0.000,0.000,0.000,0.000,0.000,0.226,0.095,0.000,0.022,0.000,0.073,0.000,0.000,0.000,0.000,0.000,0.000,0.000
water.walk,36,0.001,346374,4.135,0.000,0.001,0.000,0.000,0.000,0.000,0.000,0.000,0.000,0.000,0.210,0.093,0.000,0.020,0.000,0.073,0.000,0.000,0.000,0.000,0.000,0.000,0.000
water.walk,36,0.001,346526,3.293,0.000,0.001,0.000,0.000,0.000,0.000,0.000,0.000,0.000,0.000,0.224,0.096,0.000,0.021,0.000,0.075,0.000,0.000,0.000,0.000,0.000,0.000,0.000
water.walk,36,0.001,410970,4.447,0.000,0.000,0.000,0.000,0.000,0.000,0.000,0.000,0.000,0.000,0.632,0.483,0.000,0.028,0.000,0.454,0.000,0.000,0.000,0.000,0.000,0.000,0.000
water.walk,36,0.001,389390,5.153,0.000,0.000,0.000,0.000,0.000,0.000,0.000,0.000,0.000,0.000,0.197,0.088,0.000,0.019,0.000,0.068,0.000,0.000,0.000,0.000,0.000,0.000,0.000
water.walk,36,0.001,346982,3.071,0.000,0.000,0.000,0.000,0.000,0.000,0.000,0.000,0.000,0.000,0.205,0.088,0.000,0.021,0.000,0.066,0.000,0.000,0.000,0.000,0.000,0.000,0.000
water.walk,36,0.000,347134,3.408,0.000,0.001,0.000,0.000,0.000,0.000,0.000,0.000,0.000,0.000,0.182,0.087,0.000,0.017,0.000,0.069,0.000,0.000,0.000,0.000,0.000,0.000,0.000
water.walk,36,0.000,347286,3.849,0.000,0.000,0.000,0.000,0.000,0.000,0.000,0.000,0.000,0.000,0.313,0.141,0.000,0.034,0.000,0.106,0.000,0.000,0.000,0.000,0.000,0.000,0.000
water.walk,36,0.000,411730,5.328,0.000,0.001,0.000,0.000,0.000,0.000,0.000,0.000,0.000,0.000,0.670,0.510,0.000,0.028,0.000,0.482,0.000,0.000,0.000,0.000,0.000,0.000,0.000
water.walk,36,0.001,390150,5.433,0.000,0.001,0.000,0.000,0.000,0.000,0.000,0.000,0.000,0.000,0.254,0.108,0.000,0.026,0.000,0.081,0.000,0.000,0.000,0.000,0.000,0.000,0.000
water.walk,36,0.000,347742,3.568,0.000,0.001,0.000,0.000,0.000,0.000,0.000,0.000,0.000,0.000,0.220,0.097,0.000,0.020,0.000,0.076,0.000,0.000,0.000,0.000,0.000,0.000,0.000
water.walk,36,0.001,347894,3.985,0.000,0.001,0.000,0.000,0.000,0.000,0.000,0.000,0.000,0.000,0.231,0.104,0.000,0.025,0.000,0.079,0.000,0.000,0.000,0.000,0.000,0.000,0.000
water.walk,36,0.001,412338,5.552,0.000,0.001,0.000,0.000,0.000,0.000,0.000,0.000,0.000,0.000,0.724,0.540,0.000,0.032,0.000,0.507,0.000,0.000,0.000,0.000,0.000,0.000,0.000
water.walk,36,0.001,396023,5.098,0.000,0.001,0.000,0.000,0.000,0.000,0.000,0.000,0.000,0.000,0.231,0.102,0.000,0.025,0.000,0.076,0.000,0.000,0.000,0.000,0.000,0.000,0.000
water.walk,36,0.001,348350,3.845,0.000,0.001,0.000,0.000,0.000,0.000,0.000,0.000,0.000,0.000,0.219,0.095,0.000,0.020,0.000,0.075,0.000,0.000,0.000,0.000,0.000,0.000,0.000
water.walk,36,0.001,3358216,15.974,0.000,0.001,0.000,0.000,0.000,0.000,0.000,0.000,0.000,0.000,1.876,1.218,0.000,0.184,0.000,1.028,0.000,0.000,0.000,0.000,0.000,0.000,0.000
water.walk,36,0.001,412950,5.227,0.000,0.001,0.000,0.000,0.000,0.000,0.000,0.000,0.000,0.000,0.596,0.450,0.000,0.027,0.000,0.423,0.000,0.000,0.000,0.000,0.000,0.000,0.000
water.walk,36,0.001,391366,5.243,0.000,0.000,0.000,0.000,0.000,0.000,0.000,0.000,0.000,0.000,0.249,0.103,0.000,0.025,0.000,0.077,0.000,0.000,0.000,0.000,0.000,0.000,0.000
water.walk,36,0.000,413250,4.249,0.000,0.000,0.000,0.000,0.000,0.000,0.000,0.000,0.000,0.000,0.557,0.422,0.000,0.026,0.000,0.395,0.000,0.000,0.000,0.000,0.000,0.000,0.000
water.walk,36,0.001,391670,5.893,0.000,0.006,0.000,0.000,0.000,0.000,0.000,0.000,0.000,0.000,0.223,0.094,0.000,0.022,0.000,0.072,0.000,0.000,0.000,0.000,0.000,0.000,0.000
water.walk,36,0.002,349262,3.703,0.000,0.001,0.000,0.000,0.000,0.000,0.000,0.000,0.000,0.000,0.257,0.118,0.000,0.027,0.000,0.091,0.000,0.000,0.000,0.000,0.000,0.000,0.000
water.walk,36,0.001,349414,3.342,0.000,0.001,0.000,0.000,0.000,0.000,0.000,0.000,0.000,0.000,0.204,0.087,0.000,0.019,0.000,0.067,0.000,0.000,0.000,0.000,0.000,0.000,0.000
water.walk,36,0.001,413858,4.952,0.000,0.001,0.000,0.000,0.000,0.000,0.000,0.000,0.000,0.000,0.694,0.540,0.000,0.027,0.000,0.512,0.000,0.000,0.000,0.000,0.000,0.000,0.000
water.walk,36,0.001,392278,5.302,0.000,0.001,0.000,0.000,0.000,0.000,0.000,0.000,0.000,0.000,0.199,0.089,0.000,0.018,0.000,0.070,0.000,0.000,0.000,0.000,0.000,0.000,0.000
water.walk,36,0.001,349870,4.428,0.000,0.001,0.000,0.000,0.000,0.000,0.000,0.000,0.000,0.000,0.249,0.106,0.000,0.024,0.000,0.082,0.000,0.000,0.000,0.000,0.000,0.000,0.000
water.walk,36,0.001,350022,3.750,0.000,0.001,0.000,0.000,0.000,0.000,0.000,0.000,0.000,0.000,0.251,0.110,0.000,0.028,0.000,0.081,0.000,0.000,0.000,0.000,0.000,0.000,0.000
water.walk,36,0.001,414466,4.755,0.000,0.000,0.000,0.000,0.000,0.000,0.000,0.000,0.000,0.000,0.666,0.505,0.000,0.033,0.000,0.472,0.000,0.000,0.000,0.000,0.000,0.000,0.000
water.walk,36,0.001,392886,5.344,0.000,0.001,0.000,0.000,0.000,0.000,0.000,0.000,0.000,0.000,0.206,0.089,0.000,0.018,0.000,0.071,0.000,0.000,0.000,0.000,0.000,0.000,0.000
water.walk,36,0.001,350478,3.561,0.000,0.001,0.000,0.000,0.000,0.000,0.000,0.000,0.000,0.000,0.222,0.095,0.000,0.021,0.000,0.075,0.000,0.000,0.000,0.000,0.000,0.000,0.000
water.walk,36,0.001,350630,3.552,0.000,0.001,0.000,0.000,0.000,0.000,0.000,0.000,0.000,0.000,0.210,0.095,0.000,0.020,0.000,0.075,0.000,0.000,0.000,0.000,0.000,0.000,0.000
water.walk,36,0.001,364866,3.419,0.000,0.000,0.000,0.000,0.000,0.000,0.000,0.000,0.000,0.000,0.211,0.094,0.000,0.021,0.000,0.073,0.000,0.000,0.000,0.000,0.000,0.000,0.000
water.walk,36,0.001,468532,5.362,0.000,0.001,0.000,0.000,0.000,0.000,0.000,0.000,0.000,0.000,0.880,0.661,0.000,0.031,0.000,0.630,0.000,0.000,0.000,0.000,0.000,0.000,0.000
water.walk,36,0.000,1402454,8.324,0.000,0.000,2.639,0.000,0.000,0.000,0.000,0.000,0.000,0.000,0.208,0.094,0.000,0.027,0.000,0.067,0.000,0.000,0.000,0.574,0.000,0.068,0.060
water.walk,36,0.001,351696,4.042,0.000,0.001,0.000,0.000,0.000,0.000,0.000,0.000,0.000,0.000,0.233,0.100,0.000,0.025,0.000,0.075,0.000,0.000,0.000,0.000,0.000,0.000,0.000
water.walk,36,0.001,416138,4.723,0.000,0.000,0.000,0.000,0.000,0.000,0.000,0.000,0.000,0.000,0.656,0.498,0.000,0.032,0.000,0.466,0.000,0.000,0.000,0.000,0.000,0.000,0.000
water.walk,36,0.001,394558,4.880,0.000,0.001,0.000,0.000,0.000,0.000,0.000,0.000,0.000,0.000,0.204,0.089,0.000,0.021,0.000,0.069,0.000,0.000,0.000,0.000,0.000,0.000,0.000
water.walk,36,0.001,352150,3.508,0.000,0.001,0.000,0.000,0.000,0.000,0.000,0.000,0.000,0.000,0.217,0.097,0.000,0.020,0.000,0.076,0.000,0.000,0.000,0.000,0.000,0.000,0.000
water.walk,36,0.001,352302,4.126,0.000,0.001,0.000,0.000,0.000,0.000,0.000,0.000,0.000,0.000,0.206,0.087,0.000,0.019,0.000,0.068,0.000,0.000,0.000,0.000,0.000,0.000,0.000
water.walk,36,0.001,352454,3.678,0.000,0.001,0.000,0.000,0.000,0.000,0.000,0.000,0.000,0.000,0.228,0.096,0.000,0.023,0.000,0.074,0.000,0.000,0.000,0.000,0.000,0.000,0.000
water.walk,36,0.000,591613,6.538,0.000,0.000,0.000,0.000,0.000,0.000,0.000,0.000,0.000,0.000,1.220,0.883,0.000,0.074,0.000,0.806,0.000,0.000,0.000,0.000,0.000,0.000,0.000
water.walk,36,0.001,395318,5.315,0.000,0.001,0.000,0.000,0.000,0.000,0.000,0.000,0.000,0.000,0.230,0.095,0.000,0.023,0.000,0.071,0.000,0.000,0.000,0.000,0.000,0.000,0.000
water.walk,36,0.001,352910,4.213,0.000,0.000,0.000,0.000,0.000,0.000,0.000,0.000,0.000,0.000,0.285,0.111,0.000,0.027,0.000,0.084,0.000,0.000,0.000,0.000,0.000,0.000,0.000
water.walk,36,0.000,373130,4.367,0.000,0.001,0.000,0.000,0.000,0.000,0.000,0.000,0.000,0.000,0.215,0.091,0.000,0.021,0.000,0.070,0.000,0.000,0.000,0.000,0.000,0.000,0.000
water.walk,36,0.001,424421,6.209,0.000,0.000,0.000,0.000,0.000,0.000,0.000,0.000,0.000,0.000,0.674,0.503,0.000,0.033,0.000,0.469,0.000,0.000,0.000,0.000,0.000,0.000,0.000
water.walk,36,0.001,395926,5.037,0.000,0.001,0.000,0.000,0.000,0.000,0.000,0.000,0.000,0.000,0.245,0.104,0.000,0.025,0.000,0.078,0.000,0.000,0.000,0.000,0.000,0.000,0.000
water.walk,36,0.001,353518,3.437,0.000,0.001,0.000,0.000,0.000,0.000,0.000,0.000,0.000,0.000,0.212,0.090,0.000,0.020,0.000,0.069,0.000,0.000,0.000,0.000,0.000,0.000,0.000
water.walk,36,0.001,353670,3.402,0.000,0.000,0.000,0.000,0.000,0.000,0.000,0.000,0.000,0.000,0.193,0.086,0.000,0.019,0.000,0.066,0.000,0.000,0.000,0.000,0.000,0.000,0.000
water.walk,36,0.001,418114,4.737,0.000,0.001,0.000,0.000,0.000,0.000,0.000,0.000,0.000,0.000,0.652,0.498,0.000,0.033,0.000,0.465,0.000,0.000,0.000,0.000,0.000,0.000,0.000
water.walk,36,0.001,396534,5.328,0.000,0.001,0.000,0.000,0.000,0.000,0.000,0.000,0.000,0.000,0.247,0.102,0.000,0.024,0.000,0.078,0.000,0.000,0.000,0.000,0.000,0.000,0.000
water.walk,36,0.002,354126,3.434,0.000,0.000,0.000,0.000,0.000,0.000,0.000,0.000,0.000,0.000,0.207,0.095,0.000,0.021,0.000,0.074,0.000,0.000,0.000,0.000,0.000,0.000,0.000
water.walk,36,0.001,354278,3.377,0.000,0.001,0.000,0.000,0.000,0.000,0.000,0.000,0.000,0.000,0.201,0.084,0.000,0.019,0.000,0.064,0.000,0.000,0.000,0.000,0.000,0.000,0.000
water.walk,36,0.001,418722,5.248,0.000,0.001,0.000,0.000,0.000,0.000,0.000,0.000,0.000,0.000,0.625,0.467,0.000,0.029,0.000,0.438,0.000,0.000,0.000,0.000,0.000,0.000,0.000
water.walk,36,0.001,397142,5.054,0.000,0.001,0.000,0.000,0.000,0.000,0.000,0.000,0.000,0.000,0.237,0.101,0.000,0.025,0.000,0.076,0.000,0.000,0.000,0.000,0.000,0.000,0.000
water.walk,36,0.001,354734,3.478,0.000,0.001,0.000,0.000,0.000,0.000,0.000,0.000,0.000,0.000,0.234,0.105,0.000,0.022,0.000,0.082,0.000,0.000,0.000,0.000,0.000,0.000,0.000
water.walk,36,0.001,354886,4.450,0.000,0.001,0.000,0.000,0.000,0.000,0.000,0.000,0.000,0.000,0.229,0.102,0.000,0.024,0.000,0.078,0.000,0.000,0.000,0.000,0.000,0.000,0.000
water.walk,36,0.001,355038,3.555,0.000,0.001,0.000,0.000,0.000,0.000,0.000,0.000,0.000,0.000,0.242,0.104,0.000,0.024,0.000,0.079,0.000,0.000,0.000,0.000,0.000,0.000,0.000
water.walk,36,0.001,419482,4.690,0.000,0.001,0.000,0.000,0.000,0.000,0.000,0.000,0.000,0.000,0.611,0.466,0.000,0.026,0.000,0.440,0.000,0.000,0.000,0.000,0.000,0.000,0.000
water.walk,36,0.001,397902,5.011,0.000,0.001,0.000,0.000,0.000,0.000,0.000,0.000,0.000,0.000,0.215,0.099,0.000,0.021,0.000,0.078,0.000,0.000,0.000,0.000,0.000,0.000,0.000
water.walk,36,0.001,355494,4.090,0.000,0.001,0.000,0.000,0.000,0.000,0.000,0.000,0.000,0.000,0.220,0.097,0.000,0.023,0.000,0.073,0.000,0.000,0.000,0.000,0.000,0.000,0.000
water.walk,36,0.001,355646,3.450,0.000,0.000,0.000,0.000,0.000,0.000,0.000,0.000,0.000,0.000,0.229,0.096,0.000,0.022,0.000,0.074,0.000,0.000,0.000,0.000,0.000,0.000,0.000
water.walk,36,0.001,420090,4.734,0.000,0.000,0.000,0.000,0.000,0.000,0.000,0.000,0.000,0.000,0.628,0.478,0.000,0.027,0.000,0.451,0.000,0.000,0.000,0.000,0.000,0.000,0.000
water.walk,36,0.000,398510,4.633,0.000,0.001,0.000,0.000,0.000,0.000,0.000,0.000,0.000,0.000,0.207,0.091,0.000,0.017,0.000,0.074,0.000,0.000,0.000,0.000,0.000,0.000,0.000
water.walk,36,0.000,356102,3.979,0.000,0.001,0.000,0.000,0.000,0.000,0.000,0.000,0.000,0.000,0.203,0.088,0.000,0.018,0.000,0.070,0.000,0.000,0.000,0.000,0.000,0.000,0.000
water.walk,36,0.001,356254,4.020,0.000,0.001,0.000,0.000,0.000,0.000,0.000,0.000,0.000,0.000,0.255,0.107,0.000,0.026,0.000,0.081,0.000,0.000,0.000,0.000,0.000,0.000,0.000
water.walk,36,0.001,356406,3.454,0.000,0.001,0.000,0.000,0.000,0.000,0.000,0.000,0.000,0.000,0.210,0.094,0.000,0.021,0.000,0.073,0.000,0.000,0.000,0.000,0.000,0.000,0.000
water.walk,36,0.001,420850,4.952,0.000,0.001,0.000,0.000,0.000,0.000,0.000,0.000,0.000,0.000,0.657,0.495,0.000,0.030,0.000,0.464,0.000,0.000,0.000,0.000,0.000,0.000,0.000
water.walk,36,0.000,573985,7.000,0.000,0.001,0.000,0.000,0.000,0.000,0.000,0.000,0.000,0.000,0.870,0.541,0.000,0.075,0.000,0.465,0.000,0.000,0.000,0.000,0.000,0.000,0.000
water.walk,36,0.001,356862,3.419,0.000,0.001,0.000,0.000,0.000,0.000,0.000,0.000,0.000,0.000,0.220,0.091,0.000,0.020,0.000,0.071,0.000,0.000,0.000,0.000,0.000,0.000,0.000
water.walk,36,0.000,421306,4.947,0.000,0.001,0.000,0.000,0.000,0.000,0.000,0.000,0.000,0.000,0.618,0.466,0.000,0.025,0.000,0.440,0.000,0.000,0.000,0.000,0.000,0.000,0.000
water.walk,36,0.001,399726,5.301,0.000,0.001,0.000,0.000,0.000,0.000,0.000,0.000,0.000,0.000,0.249,0.100,0.000,0.024,0.000,0.075,0.000,0.000,0.000,0.000,0.000,0.000,0.000
water.walk,36,0.001,357318,3.644,0.000,0.001,0.000,0.000,0.000,0.000,0.000,0.000,0.000,0.000,0.234,0.101,0.000,0.025,0.000,0.075,0.000,0.000,0.000,0.000,0.000,0.000,0.000
water.walk,36,0.000,357470,3.203,0.000,0.000,0.000,0.000,0.000,0.000,0.000,0.000,0.000,0.000,0.217,0.092,0.000,0.022,0.000,0.070,0.000,0.000,0.000,0.000,0.000,0.000,0.000
water.walk,36,0.000,357622,3.266,0.000,0.000,0.000,0.000,0.000,0.000,0.000,0.000,0.000,0.000,0.195,0.085,0.000,0.018,0.000,0.067,0.000,0.000,0.000,0.000,0.000,0.000,0.000
water.walk,36,0.000,422066,5.015,0.000,0.001,0.000,0.000,0.000,0.000,0.000,0.000,0.000,0.000,0.616,0.470,0.000,0.026,0.000,0.444,0.000,0.000,0.000,0.000,0.000,0.000,0.000
water.walk,36,0.002,400486,5.168,0.000,0.001,0.000,0.000,0.000,0.000,0.000,0.000,0.000,0.000,0.244,0.102,0.000,0.028,0.000,0.074,0.000,0.000,0.000,0.000,0.000,0.000,0.000
water.walk,36,0.001,363395,3.454,0.000,0.001,0.000,0.000,0.000,0.000,0.000,0.000,0.000,0.000,0.226,0.099,0.000,0.022,0.000,0.076,0.000,0.000,0.000,0.000,0.000,0.000,0.000
water.walk,36,0.001,358230,3.774,0.000,0.001,0.000,0.000,0.000,0.000,0.000,0.000,0.000,0.000,0.238,0.102,0.000,0.022,0.000,0.080,0.000,0.000,0.000,0.000,0.000,0.000,0.000
water.walk,36,0.001,358382,4.062,0.000,0.001,0.000,0.000,0.000,0.000,0.000,0.000,0.000,0.000,0.206,0.088,0.000,0.019,0.000,0.069,0.000,0.000,0.000,0.000,0.000,0.000,0.000
water.walk,36,0.001,422826,5.261,0.000,0.001,0.000,0.000,0.000,0.000,0.000,0.000,0.000,0.000,0.666,0.500,0.000,0.031,0.000,0.468,0.000,0.000,0.000,0.000,0.000,0.000,0.000
water.walk,36,0.001,401246,5.058,0.000,0.001,0.000,0.000,0.000,0.000,0.000,0.000,0.000,0.000,0.204,0.096,0.000,0.023,0.000,0.073,0.000,0.000,0.000,0.000,0.000,0.000,0.000
water.walk,36,0.001,358838,3.880,0.000,0.001,0.000,0.000,0.000,0.000,0.000,0.000,0.000,0.000,0.241,0.106,0.000,0.026,0.000,0.080,0.000,0.000,0.000,0.000,0.000,0.000,0.000
water.walk,36,0.000,358990,3.273,0.000,0.001,0.000,0.000,0.000,0.000,0.000,0.000,0.000,0.000,0.204,0.089,0.000,0.020,0.000,0.068,0.000,0.000,0.000,0.000,0.000,0.000,0.000
water.walk,36,0.000,423434,4.597,0.000,0.000,0.000,0.000,0.000,0.000,0.000,0.000,0.000,0.000,0.621,0.470,0.000,0.027,0.000,0.443,0.000,0.000,0.000,0.000,0.000,0.000,0.000
water.walk,36,0.001,401854,4.691,0.000,0.001,0.000,0.000,0.000,0.000,0.000,0.000,0.000,0.000,0.199,0.089,0.000,0.024,0.000,0.066,0.000,0.000,0.000,0.000,0.000,0.000,0.000
water.walk,36,0.001,359446,3.774,0.000,0.001,0.000,0.000,0.000,0.000,0.000,0.000,0.000,0.000,0.204,0.089,0.000,0.018,0.000,0.070,0.000,0.000,0.000,0.000,0.000,0.000,0.000
water.walk,36,0.001,359598,3.676,0.000,0.000,0.000,0.000,0.000,0.000,0.000,0.000,0.000,0.000,0.245,0.107,0.000,0.024,0.000,0.082,0.000,0.000,0.000,0.000,0.000,0.000,0.000
water.walk,36,0.000,359750,3.717,0.000,0.001,0.000,0.000,0.000,0.000,0.000,0.000,0.000,0.000,0.204,0.089,0.000,0.021,0.000,0.067,0.000,0.000,0.000,0.000,0.000,0.000,0.000
water.walk,36,0.001,477500,4.842,0.000,0.001,0.000,0.000,0.000,0.000,0.000,0.000,0.000,0.000,0.870,0.654,0.000,0.029,0.000,0.625,0.000,0.000,0.000,0.000,0.000,0.000,0.000
water.walk,36,0.001,1438354,8.372,0.000,0.000,2.815,0.000,0.000,0.000,0.000,0.000,0.000,0.000,0.200,0.089,0.000,0.019,0.000,0.070,0.000,0.000,0.000,0.586,0.000,0.068,0.058
water.walk,36,0.000,360664,3.604,0.000,0.001,0.000,0.000,0.000,0.000,0.000,0.000,0.000,0.000,0.236,0.103,0.000,0.024,0.000,0.079,0.000,0.000,0.000,0.000,0.000,0.000,0.000
water.walk,36,0.000,425106,5.189,0.000,0.001,0.000,0.000,0.000,0.000,0.000,0.000,0.000,0.000,0.633,0.471,0.000,0.026,0.000,0.445,0.000,0.000,0.000,0.000,0.000,0.000,0.000
water.walk,36,0.001,403526,4.916,0.000,0.001,0.000,0.000,0.000,0.000,0.000,0.000,0.000,0.000,0.229,0.101,0.000,0.025,0.000,0.076,0.000,0.000,0.000,0.000,0.000,0.000,0.000
water.walk,36,0.001,535833,4.947,0.000,0.001,0.000,0.000,0.000,0.000,0.000,0.000,0.000,0.000,0.815,0.517,0.000,0.068,0.000,0.446,0.000,0.000,0.000,0.000,0.000,0.000,0.000
water.walk,36,0.001,361270,4.154,0.000,0.001,0.000,0.000,0.000,0.000,0.000,0.000,0.000,0.000,0.224,0.097,0.000,0.024,0.000,0.072,0.000,0.000,0.000,0.000,0.000,0.000,0.000
water.walk,36,0.000,425714,5.394,0.000,0.001,0.000,0.000,0.000,0.000,0.000,0.000,0.000,0.000,0.653,0.493,0.000,0.032,0.000,0.460,0.000,0.000,0.000,0.000,0.000,0.000,0.000
water.walk,36,0.001,404134,5.072,0.000,0.001,0.000,0.000,0.000,0.000,0.000,0.000,0.000,0.000,0.208,0.092,0.000,0.020,0.000,0.072,0.000,0.000,0.000,0.000,0.000,0.000,0.000
water.walk,36,0.001,361726,3.393,0.000,0.001,0.000,0.000,0.000,0.000,0.000,0.000,0.000,0.000,0.207,0.090,0.000,0.022,0.000,0.068,0.000,0.000,0.000,0.000,0.000,0.000,0.000
water.walk,36,0.001,361878,3.978,0.000,0.000,0.000,0.000,0.000,0.000,0.000,0.000,0.000,0.000,0.221,0.094,0.000,0.022,0.000,0.072,0.000,0.000,0.000,0.000,0.000,0.000,0.000
water.walk,36,0.001,426322,4.953,0.000,0.001,0.000,0.000,0.000,0.000,0.000,0.000,0.000,0.000,0.682,0.525,0.000,0.032,0.000,0.492,0.000,0.000,0.000,0.000,0.000,0.000,0.000
water.walk,36,0.001,404742,4.771,0.000,0.001,0.000,0.000,0.000,0.000,0.000,0.000,0.000,0.000,0.200,0.087,0.000,0.019,0.000,0.067,0.000,0.000,0.000,0.000,0.000,0.000,0.000
water.walk,36,0.000,368830,3.791,0.000,0.001,0.000,0.000,0.000,0.000,0.000,0.000,0.000,0.000,0.200,0.092,0.000,0.020,0.000,0.072,0.000,0.000,0.000,0.000,0.000,0.000,0.000
water.walk,36,0.001,362486,3.836,0.000,0.001,0.000,0.000,0.000,0.000,0.000,0.000,0.000,0.000,0.245,0.102,0.000,0.022,0.000,0.079,0.000,0.000,0.000,0.000,0.000,0.000,0.000
water.walk,36,0.001,362638,3.774,0.000,0.001,0.000,0.000,0.000,0.000,0.000,0.000,0.000,0.000,0.247,0.106,0.000,0.025,0.000,0.081,0.000,0.000,0.000,0.000,0.000,0.000,0.000
water.walk,36,0.000,427082,4.526,0.000,0.000,0.000,0.000,0.000,0.000,0.000,0.000,0.000,0.000,0.646,0.469,0.000,0.026,0.000,0.443,0.000,0.000,0.000,0.000,0.000,0.000,0.000
water.walk,36,0.000,405502,4.953,0.000,0.001,0.000,0.000,0.000,0.000,0.000,0.000,0.000,0.000,0.193,0.087,0.000,0.017,0.000,0.069,0.000,0.000,0.000,0.000,0.000,0.000,0.000
water.walk,36,0.001,363094,3.777,0.000,0.000,0.000,0.000,0.000,0.000,0.000,0.000,0.000,0.000,0.252,0.107,0.000,0.026,0.000,0.080,0.000,0.000,0.000,0.000,0.000,0.000,0.000
water.walk,36,0.000,363246,3.380,0.000,0.000,0.000,0.000,0.000,0.000,0.000,0.000,0.000,0.000,0.198,0.089,0.000,0.019,0.000,0.070,0.000,0.000,0.000,0.000,0.000,0.000,0.000
water.walk,36,0.001,363398,3.384,0.000,0.001,0.000,0.000,0.000,0.000,0.000,0.000,0.000,0.000,0.206,0.092,0.000,0.018,0.000,0.074,0.000,0.000,0.000,0.000,0.000,0.000,0.000
water.walk,36,0.000,447910,5.480,0.000,0.001,0.000,0.000,0.000,0.000,0.000,0.000,0.000,0.000,0.643,0.483,0.000,0.029,0.000,0.453,0.000,0.000,0.000,0.000,0.000,0.000,0.000
water.walk,36,0.000,413177,6.278,0.000,0.001,0.000,0.000,0.000,0.000,0.000,0.000,0.000,0.000,0.246,0.106,0.000,0.026,0.000,0.079,0.000,0.000,0.000,0.000,0.000,0.000,0.000
water.walk,36,0.001,363854,3.930,0.000,0.001,0.000,0.000,0.000,0.000,0.000,0.000,0.000,0.000,0.267,0.110,0.000,0.027,0.000,0.083,0.000,0.000,0.000,0.000,0.000,0.000,0.000
water.walk,36,0.001,364006,3.421,0.000,0.000,0.000,0.000,0.000,0.000,0.000,0.000,0.000,0.000,0.201,0.086,0.000,0.019,0.000,0.067,0.000,0.000,0.000,0.000,0.000,0.000,0.000
water.walk,36,0.000,428450,5.157,0.000,0.000,0.000,0.000,0.000,0.000,0.000,0.000,0.000,0.000,0.621,0.473,0.000,0.027,0.000,0.445,0.000,0.000,0.000,0.000,0.000,0.000,0.000
water.walk,36,0.001,406870,5.518,0.000,0.001,0.000,0.000,0.000,0.000,0.000,0.000,0.000,0.000,0.251,0.104,0.000,0.024,0.000,0.079,0.000,0.000,0.000,0.000,0.000,0.000,0.000
water.walk,36,0.001,364462,3.620,0.000,0.001,0.000,0.000,0.000,0.000,0.000,0.000,0.000,0.000,0.226,0.100,0.000,0.028,0.000,0.072,0.000,0.000,0.000,0.000,0.000,0.000,0.000
water.walk,36,0.000,364614,4.112,0.000,0.001,0.000,0.000,0.000,0.000,0.000,0.000,0.000,0.000,0.198,0.087,0.000,0.020,0.000,0.067,0.000,0.000,0.000,0.000,0.000,0.000,0.000
water.walk,36,0.001,429058,5.161,0.000,0.000,0.000,0.000,0.000,0.000,0.000,0.000,0.000,0.000,0.655,0.493,0.000,0.032,0.000,0.461,0.000,0.000,0.000,0.000,0.000,0.000,0.000
water.walk,36,0.001,407478,4.954,0.000,0.001,0.000,0.000,0.000,0.000,0.000,0.000,0.000,0.000,0.242,0.110,0.000,0.024,0.000,0.086,0.000,0.000,0.000,0.000,0.000,0.000,0.000
water.walk,36,0.000,365122,3.559,0.000,0.001,0.000,0.000,0.000,0.000,0.000,0.000,0.000,0.000,0.207,0.088,0.000,0.020,0.000,0.068,0.000,0.000,0.000,0.000,0.000,0.000,0.000
water.walk,36,0.000,539937,5.042,0.000,0.000,0.000,0.000,0.000,0.000,0.000,0.000,0.000,0.000,0.823,0.518,0.000,0.065,0.000,0.451,0.000,0.000,0.000,0.000,0.000,0.000,0.000
water.walk,36,0.001,429666,4.919,0.000,0.001,0.000,0.000,0.000,0.000,0.000,0.000,0.000,0.000,0.649,0.481,0.000,0.033,0.000,0.448,0.000,0.000,0.000,0.000,0.000,0.000,0.000
water.walk,36,0.000,408086,4.862,0.000,0.001,0.000,0.000,0.000,0.000,0.000,0.000,0.000,0.000,0.208,0.094,0.000,0.020,0.000,0.074,0.000,0.000,0.000,0.000,0.000,0.000,0.000
water.walk,36,0.001,365678,3.566,0.000,0.001,0.000,0.000,0.000,0.000,0.000,0.000,0.000,0.000,0.223,0.093,0.000,0.022,0.000,0.070,0.000,0.000,0.000,0.000,0.000,0.000,0.000
water.walk,36,0.001,365830,4.061,0.000,0.001,0.000,0.000,0.000,0.000,0.000,0.000,0.000,0.000,0.233,0.102,0.000,0.024,0.000,0.078,0.000,0.000,0.000,0.000,0.000,0.000,0.000
water.walk,36,0.001,430274,5.181,0.000,0.001,0.000,0.000,0.000,0.000,0.000,0.000,0.000,0.000,0.682,0.516,0.000,0.031,0.000,0.484,0.000,0.000,0.000,0.000,0.000,0.000,0.000
water.walk,36,0.001,408694,4.780,0.000,0.001,0.000,0.000,0.000,0.000,0.000,0.000,0.000,0.000,0.209,0.089,0.000,0.019,0.000,0.070,0.000,0.000,0.000,0.000,0.000,0.000,0.000
water.walk,36,0.000,366286,4.003,0.000,0.001,0.000,0.000,0.000,0.000,0.000,0.000,0.000,0.000,0.215,0.098,0.000,0.019,0.000,0.078,0.000,0.000,0.000,0.000,0.000,0.000,0.000
water.walk,36,0.003,366438,4.888,0.000,0.000,0.000,0.000,0.000,0.000,0.000,0.000,0.000,0.000,0.313,0.131,0.000,0.035,0.000,0.095,0.000,0.000,0.000,0.000,0.000,0.000,0.000
water.walk,36,0.001,430882,5.087,0.000,0.001,0.000,0.000,0.000,0.000,0.000,0.000,0.000,0.000,0.677,0.519,0.000,0.031,0.000,0.487,0.000,0.000,0.000,0.000,0.000,0.000,0.000
water.walk,36,0.000,409302,5.754,0.000,0.000,0.000,0.000,0.000,0.000,0.000,0.000,0.000,0.000,0.226,0.096,0.000,0.021,0.000,0.075,0.000,0.000,0.000,0.000,0.000,0.000,0.000
water.walk,36,0.001,366894,3.875,0.000,0.001,0.000,0.000,0.000,0.000,0.000,0.000,0.000,0.000,0.253,0.111,0.000,0.024,0.000,0.086,0.000,0.000,0.000,0.000,0.000,0.000,0.000
water.walk,36,0.001,367046,3.677,0.000,0.001,0.000,0.000,0.000,0.000,0.000,0.000,0.000,0.000,0.197,0.090,0.000,0.019,0.000,0.071,0.000,0.000,0.000,0.000,0.000,0.000,0.000
water.walk,36,0.001,367198,3.490,0.000,0.001,0.000,0.000,0.000,0.000,0.000,0.000,0.000,0.000,0.228,0.094,0.000,0.023,0.000,0.070,0.000,0.000,0.000,0.000,0.000,0.000,0.000
water.walk,36,0.000,431642,4.598,0.000,0.001,0.000,0.000,0.000,0.000,0.000,0.000,0.000,0.000,0.632,0.479,0.000,0.026,0.000,0.453,0.000,0.000,0.000,0.000,0.000,0.000,0.000
water.walk,36,0.001,410062,5.617,0.000,0.001,0.000,0.000,0.000,0.000,0.000,0.000,0.000,0.000,0.261,0.108,0.000,0.027,0.000,0.081,0.000,0.000,0.000,0.000,0.000,0.000,0.000
water.walk,36,0.001,367654,3.642,0.000,0.001,0.000,0.000,0.000,0.000,0.000,0.000,0.000,0.000,0.214,0.096,0.000,0.022,0.000,0.074,0.000,0.000,0.000,0.000,0.000,0.000,0.000
water.walk,36,0.000,367806,3.540,0.000,0.001,0.000,0.000,0.000,0.000,0.000,0.000,0.000,0.000,0.194,0.088,0.000,0.018,0.000,0.070,0.000,0.000,0.000,0.000,0.000,0.000,0.000
water.walk,36,0.000,499640,5.423,0.000,0.001,0.000,0.000,0.000,0.000,0.000,0.000,0.000,0.000,0.863,0.649,0.000,0.028,0.000,0.620,0.000,0.000,0.000,0.000,0.000,0.000,0.000
water.walk,36,0.001,1470658,8.324,0.000,0.000,2.690,0.000,0.000,0.000,0.000,0.000,0.000,0.000,0.211,0.099,0.000,0.020,0.000,0.078,0.000,0.000,0.000,0.579,0.000,0.064,0.059
water.walk,36,0.001,388788,4.955,0.000,0.001,0.000,0.000,0.000,0.000,0.000,0.000,0.000,0.000,0.239,0.102,0.000,0.026,0.000,0.075,0.000,0.000,0.000,0.000,0.000,0.000,0.000
water.walk,36,0.001,440077,5.848,0.000,0.000,0.000,0.000,0.000,0.000,0.000,0.000,0.000,0.000,0.694,0.523,0.000,0.036,0.000,0.486,0.000,0.000,0.000,0.000,0.000,0.000,0.000
water.walk,36,0.001,411582,5.079,0.000,0.001,0.000,0.000,0.000,0.000,0.000,0.000,0.000,0.000,0.226,0.096,0.000,0.021,0.000,0.075,0.000,0.000,0.000,0.000,0.000,0.000,0.000
water.walk,36,0.001,369174,4.860,0.000,0.001,0.000,0.000,0.000,0.000,0.000,0.000,0.000,0.000,0.265,0.113,0.000,0.027,0.000,0.085,0.000,0.000,0.000,0.000,0.000,0.000,0.000
water.walk,36,0.001,369326,3.703,0.000,0.000,0.000,0.000,0.000,0.000,0.000,0.000,0.000,0.000,0.260,0.109,0.000,0.025,0.000,0.083,0.000,0.000,0.000,0.000,0.000,0.000,0.000
water.walk,36,0.001,608485,6.194,0.000,0.000,0.000,0.000,0.000,0.000,0.000,0.000,0.000,0.000,1.242,0.899,0.000,0.076,0.000,0.821,0.000,0.000,0.000,0.000,0.000,0.000,0.000
water.walk,36,0.001,412190,5.533,0.000,0.001,0.000,0.000,0.000,0.000,0.000,0.000,0.000,0.000,0.213,0.092,0.000,0.020,0.000,0.072,0.000,0.000,0.000,0.000,0.000,0.000,0.000
water.walk,36,0.001,369782,3.871,0.000,0.001,0.000,0.000,0.000,0.000,0.000,0.000,0.000,0.000,0.258,0.108,0.000,0.029,0.000,0.078,0.000,0.000,0.000,0.000,0.000,0.000,0.000
water.walk,36,0.001,369934,3.583,0.000,0.000,0.000,0.000,0.000,0.000,0.000,0.000,0.000,0.000,0.221,0.097,0.000,0.023,0.000,0.074,0.000,0.000,0.000,0.000,0.000,0.000,0.000
water.walk,36,0.001,434378,4.717,0.000,0.000,0.000,0.000,0.000,0.000,0.000,0.000,0.000,0.000,0.635,0.478,0.000,0.030,0.000,0.448,0.000,0.000,0.000,0.000,0.000,0.000,0.000
water.walk,36,0.001,412798,5.494,0.000,0.001,0.000,0.000,0.000,0.000,0.000,0.000,0.000,0.000,0.213,0.094,0.000,0.021,0.000,0.072,0.000,0.000,0.000,0.000,0.000,0.000,0.000
water.walk,36,0.001,370390,3.727,0.000,0.000,0.000,0.000,0.000,0.000,0.000,0.000,0.000,0.000,0.248,0.102,0.000,0.026,0.000,0.076,0.000,0.000,0.000,0.000,0.000,0.000,0.000
water.walk,36,0.000,370542,3.342,0.000,0.001,0.000,0.000,0.000,0.000,0.000,0.000,0.000,0.000,0.201,0.094,0.000,0.021,0.000,0.073,0.000,0.000,0.000,0.000,0.000,0.000,0.000
water.walk,36,0.001,370694,3.623,0.000,0.000,0.000,0.000,0.000,0.000,0.000,0.000,0.000,0.000,0.220,0.097,0.000,0.021,0.000,0.075,0.000,0.000,0.000,0.000,0.000,0.000,0.000
water.walk,36,0.001,435138,5.135,0.000,0.001,0.000,0.000,0.000,0.000,0.000,0.000,0.000,0.000,0.632,0.474,0.000,0.029,0.000,0.444,0.000,0.000,0.000,0.000,0.000,0.000,0.000
water.walk,36,0.001,413558,5.461,0.000,0.001,0.000,0.000,0.000,0.000,0.000,0.000,0.000,0.000,0.239,0.103,0.000,0.024,0.000,0.078,0.000,0.000,0.000,0.000,0.000,0.000,0.000
water.walk,36,0.000,371150,3.606,0.000,0.001,0.000,0.000,0.000,0.000,0.000,0.000,0.000,0.000,0.234,0.100,0.000,0.022,0.000,0.078,0.000,0.000,0.000,0.000,0.000,0.000,0.000
water.walk,36,0.000,371302,3.913,0.000,0.001,0.000,0.000,0.000,0.000,0.000,0.000,0.000,0.000,0.200,0.090,0.000,0.021,0.000,0.069,0.000,0.000,0.000,0.000,0.000,0.000,0.000
water.walk,36,0.001,435746,4.993,0.000,0.001,0.000,0.000,0.000,0.000,0.000,0.000,0.000,0.000,0.692,0.531,0.000,0.032,0.000,0.498,0.000,0.000,0.000,0.000,0.000,0.000,0.000
water.walk,36,0.001,414166,5.459,0.000,0.001,0.000,0.000,0.000,0.000,0.000,0.000,0.000,0.000,0.233,0.100,0.000,0.022,0.000,0.078,0.000,0.000,0.000,0.000,0.000,0.000,0.000
water.walk,36,0.001,371758,3.584,0.000,0.001,0.000,0.000,0.000,0.000,0.000,0.000,0.000,0.000,0.223,0.099,0.000,0.023,0.000,0.076,0.000,0.000,0.000,0.000,0.000,0.000,0.000
water.walk,36,0.001,371962,3.751,0.000,0.001,0.000,0.000,0.000,0.000,0.000,0.000,0.000,0.000,0.206,0.090,0.000,0.019,0.000,0.070,0.000,0.000,0.000,0.000,0.000,0.000,0.000
water.walk,36,0.001,436354,5.489,0.000,0.001,0.000,0.000,0.000,0.000,0.000,0.000,0.000,0.000,0.729,0.546,0.000,0.032,0.000,0.514,0.000,0.000,0.000,0.000,0.000,0.000,0.000
