action,plants,actionMs,allocatedBytes,maxFrameMs,plantInfoMs,worldChangedMs,guideMs,inventoryBuildMs,inventoryInitMs,inventorySubscribeMs,createMs,cloneMs,spawnMs,variantMs,writeMs,replayMs,installMs,findReplayMs,expandReplayMs,placementValidationMs,traitsMs,measureMs,scoreMs,selectStageMs,matchesMs,requirementsMs,isReadyMs
chest.open,0,76.326,14611277,125.058,0.000,0.002,0.000,46.498,3.820,0.356,0.000,0.000,0.000,0.000,5.747,3.158,0.056,0.493,1.355,1.299,0.000,0.000,0.000,0.000,0.000,0.000,0.000
chest.open,0,51.700,10904047,89.089,0.000,0.002,0.000,42.324,1.534,0.018,0.000,0.000,0.000,0.000,0.604,0.391,0.000,0.054,0.000,0.335,0.000,0.000,0.000,0.000,0.000,0.000,0.000
bed.place,0,77.575,26835222,84.071,0.000,0.001,0.000,0.000,0.000,0.000,18.897,19.830,35.189,0.058,57.147,50.668,2.266,0.646,37.365,1.863,0.000,0.000,0.000,0.000,0.000,0.000,0.000
water.walk,0,0.042,160428,4.717,0.000,0.001,0.000,0.000,0.000,0.000,0.000,0.000,0.000,0.000,0.392,0.188,0.000,0.035,0.000,0.152,0.000,0.000,0.000,0.000,0.000,0.000,0.000
water.walk,0,0.001,164356,4.659,0.000,0.001,0.000,0.000,0.000,0.000,0.000,0.000,0.000,0.000,0.272,0.115,0.000,0.029,0.000,0.085,0.000,0.000,0.000,0.000,0.000,0.000,0.000
water.walk,0,0.001,164508,3.654,0.000,0.000,0.000,0.000,0.000,0.000,0.000,0.000,0.000,0.000,0.240,0.104,0.000,0.022,0.000,0.081,0.000,0.000,0.000,0.000,0.000,0.000,0.000
water.walk,0,0.001,4351223,21.060,0.000,0.001,0.000,0.000,0.000,0.000,0.000,0.000,0.000,0.000,1.878,1.286,0.000,0.141,0.000,1.140,0.000,0.000,0.000,0.000,0.000,0.000,0.000
water.walk,0,0.001,408454,7.667,0.000,0.001,0.000,0.000,0.000,0.000,0.000,0.000,0.000,0.000,0.676,0.508,0.000,0.035,0.000,0.472,0.000,0.000,0.000,0.000,0.000,0.000,0.000
water.walk,0,0.001,207524,5.933,0.000,0.000,0.000,0.000,0.000,0.000,0.000,0.000,0.000,0.000,0.251,0.105,0.000,0.023,0.000,0.082,0.000,0.000,0.000,0.000,0.000,0.000,0.000
water.walk,0,0.001,165116,3.522,0.000,0.001,0.000,0.000,0.000,0.000,0.000,0.000,0.000,0.000,0.227,0.099,0.000,0.022,0.000,0.076,0.000,0.000,0.000,0.000,0.000,0.000,0.000
water.walk,0,0.000,229560,5.381,0.000,0.001,0.000,0.000,0.000,0.000,0.000,0.000,0.000,0.000,0.650,0.493,0.000,0.027,0.000,0.466,0.000,0.000,0.000,0.000,0.000,0.000,0.000
water.walk,0,0.001,218336,6.190,0.000,0.001,0.000,0.000,0.000,0.000,0.000,0.000,0.000,0.000,0.236,0.107,0.000,0.024,0.000,0.083,0.000,0.000,0.000,0.000,0.000,0.000,0.000
water.walk,0,0.001,165572,4.046,0.000,0.001,0.000,0.000,0.000,0.000,0.000,0.000,0.000,0.000,0.252,0.107,0.000,0.024,0.000,0.082,0.000,0.000,0.000,0.000,0.000,0.000,0.000
water.walk,0,0.002,165724,3.719,0.000,0.001,0.000,0.000,0.000,0.000,0.000,0.000,0.000,0.000,0.252,0.102,0.000,0.024,0.000,0.077,0.000,0.000,0.000,0.000,0.000,0.000,0.000
water.walk,0,0.001,230168,5.499,0.000,0.001,0.000,0.000,0.000,0.000,0.000,0.000,0.000,0.000,0.733,0.558,0.000,0.036,0.000,0.522,0.000,0.000,0.000,0.000,0.000,0.000,0.000
water.walk,0,0.001,208588,4.924,0.000,0.001,0.000,0.000,0.000,0.000,0.000,0.000,0.000,0.000,0.215,0.095,0.000,0.023,0.000,0.071,0.000,0.000,0.000,0.000,0.000,0.000,0.000
water.walk,0,0.001,166180,4.150,0.000,0.000,0.000,0.000,0.000,0.000,0.000,0.000,0.000,0.000,0.242,0.100,0.000,0.022,0.000,0.077,0.000,0.000,0.000,0.000,0.000,0.000,0.000
water.walk,0,0.001,166332,4.184,0.000,0.001,0.000,0.000,0.000,0.000,0.000,0.000,0.000,0.000,0.245,0.114,0.000,0.025,0.000,0.089,0.000,0.000,0.000,0.000,0.000,0.000,0.000
water.walk,0,0.001,230776,5.004,0.000,0.001,0.000,0.000,0.000,0.000,0.000,0.000,0.000,0.000,0.681,0.521,0.000,0.035,0.000,0.486,0.000,0.000,0.000,0.000,0.000,0.000,0.000
water.walk,0,0.000,209196,4.726,0.000,0.000,0.000,0.000,0.000,0.000,0.000,0.000,0.000,0.000,0.193,0.086,0.000,0.020,0.000,0.066,0.000,0.000,0.000,0.000,0.000,0.000,0.000
water.walk,0,0.001,166788,4.345,0.000,0.000,0.000,0.000,0.000,0.000,0.000,0.000,0.000,0.000,0.246,0.108,0.000,0.026,0.000,0.082,0.000,0.000,0.000,0.000,0.000,0.000,0.000
water.walk,0,0.002,166940,3.557,0.000,0.000,0.000,0.000,0.000,0.000,0.000,0.000,0.000,0.000,0.207,0.087,0.000,0.021,0.000,0.066,0.000,0.000,0.000,0.000,0.000,0.000,0.000
water.walk,0,0.001,167092,4.226,0.000,0.001,0.000,0.000,0.000,0.000,0.000,0.000,0.000,0.000,0.237,0.102,0.000,0.024,0.000,0.078,0.000,0.000,0.000,0.000,0.000,0.000,0.000
water.walk,0,0.001,231536,4.699,0.000,0.000,0.000,0.000,0.000,0.000,0.000,0.000,0.000,0.000,0.698,0.534,0.000,0.026,0.000,0.508,0.000,0.000,0.000,0.000,0.000,0.000,0.000
water.walk,0,0.001,209956,5.539,0.000,0.001,0.000,0.000,0.000,0.000,0.000,0.000,0.000,0.000,0.195,0.085,0.000,0.018,0.000,0.067,0.000,0.000,0.000,0.000,0.000,0.000,0.000
water.walk,0,0.001,167548,4.010,0.000,0.001,0.000,0.000,0.000,0.000,0.000,0.000,0.000,0.000,0.257,0.110,0.000,0.028,0.000,0.082,0.000,0.000,0.000,0.000,0.000,0.000,0.000
water.walk,0,0.001,167700,3.465,0.000,0.001,0.000,0.000,0.000,0.000,0.000,0.000,0.000,0.000,0.222,0.099,0.000,0.021,0.000,0.078,0.000,0.000,0.000,0.000,0.000,0.000,0.000
water.walk,0,0.001,305246,5.638,0.000,0.000,0.000,0.000,0.000,0.000,0.000,0.000,0.000,0.000,0.855,0.652,0.000,0.027,0.000,0.624,0.000,0.000,0.000,0.000,0.000,0.000,0.000
water.walk,0,0.001,491652,7.886,0.000,0.000,0.243,0.000,0.000,0.000,0.000,0.000,0.000,0.000,0.915,0.571,0.000,0.082,0.000,0.487,0.000,0.000,0.000,0.000,0.000,0.000,0.000
water.walk,0,0.001,168612,3.835,0.000,0.001,0.000,0.000,0.000,0.000,0.000,0.000,0.000,0.000,0.255,0.111,0.000,0.024,0.000,0.086,0.000,0.000,0.000,0.000,0.000,0.000,0.000
water.walk,0,0.001,233056,4.818,0.000,0.001,0.000,0.000,0.000,0.000,0.000,0.000,0.000,0.000,0.647,0.497,0.000,0.027,0.000,0.470,0.000,0.000,0.000,0.000,0.000,0.000,0.000
water.walk,0,0.001,211476,5.365,0.000,0.001,0.000,0.000,0.000,0.000,0.000,0.000,0.000,0.000,0.234,0.099,0.000,0.023,0.000,0.075,0.000,0.000,0.000,0.000,0.000,0.000,0.000
water.walk,0,0.001,169068,3.184,0.000,0.001,0.000,0.000,0.000,0.000,0.000,0.000,0.000,0.000,0.211,0.094,0.000,0.021,0.000,0.073,0.000,0.000,0.000,0.000,0.000,0.000,0.000
water.walk,0,0.000,169220,3.268,0.000,0.001,0.000,0.000,0.000,0.000,0.000,0.000,0.000,0.000,0.202,0.090,0.000,0.021,0.000,0.068,0.000,0.000,0.000,0.000,0.000,0.000,0.000
water.walk,0,0.001,169424,3.813,0.000,0.000,0.000,0.000,0.000,0.000,0.000,0.000,0.000,0.000,0.209,0.092,0.000,0.020,0.000,0.071,0.000,0.000,0.000,0.000,0.000,0.000,0.000
water.walk,0,0.001,233816,4.965,0.000,0.000,0.000,0.000,0.000,0.000,0.000,0.000,0.000,0.000,0.663,0.493,0.000,0.033,0.000,0.459,0.000,0.000,0.000,0.000,0.000,0.000,0.000
water.walk,0,0.001,212236,5.291,0.000,0.000,0.000,0.000,0.000,0.000,0.000,0.000,0.000,0.000,0.225,0.100,0.000,0.023,0.000,0.077,0.000,0.000,0.000,0.000,0.000,0.000,0.000
water.walk,0,0.001,169828,4.124,0.000,0.001,0.000,0.000,0.000,0.000,0.000,0.000,0.000,0.000,0.240,0.101,0.000,0.021,0.000,0.080,0.000,0.000,0.000,0.000,0.000,0.000,0.000
water.walk,0,0.001,169980,4.162,0.000,0.001,0.000,0.000,0.000,0.000,0.000,0.000,0.000,0.000,0.226,0.098,0.000,0.024,0.000,0.073,0.000,0.000,0.000,0.000,0.000,0.000,0.000
water.walk,0,0.001,234424,5.226,0.000,0.001,0.000,0.000,0.000,0.000,0.000,0.000,0.000,0.000,0.759,0.560,0.000,0.036,0.000,0.523,0.000,0.000,0.000,0.000,0.000,0.000,0.000
water.walk,0,0.000,212844,4.926,0.000,0.001,0.000,0.000,0.000,0.000,0.000,0.000,0.000,0.000,0.199,0.088,0.000,0.019,0.000,0.068,0.000,0.000,0.000,0.000,0.000,0.000,0.000
water.walk,0,0.001,170436,3.604,0.000,0.001,0.000,0.000,0.000,0.000,0.000,0.000,0.000,0.000,0.217,0.098,0.000,0.020,0.000,0.078,0.000,0.000,0.000,0.000,0.000,0.000,0.000
water.walk,0,0.002,170588,4.047,0.000,0.001,0.000,0.000,0.000,0.000,0.000,0.000,0.000,0.000,0.248,0.099,0.000,0.023,0.000,0.076,0.000,0.000,0.000,0.000,0.000,0.000,0.000
water.walk,0,0.003,235032,5.160,0.000,0.001,0.000,0.000,0.000,0.000,0.000,0.000,0.000,0.000,0.667,0.500,0.000,0.033,0.000,0.466,0.000,0.000,0.000,0.000,0.000,0.000,0.000
water.walk,0,0.001,213452,5.437,0.000,0.001,0.000,0.000,0.000,0.000,0.000,0.000,0.000,0.000,0.228,0.096,0.000,0.022,0.000,0.073,0.000,0.000,0.000,0.000,0.000,0.000,0.000
water.walk,0,0.001,171044,4.068,0.000,0.002,0.000,0.000,0.000,0.000,0.000,0.000,0.000,0.000,0.229,0.099,0.000,0.022,0.000,0.076,0.000,0.000,0.000,0.000,0.000,0.000,0.000
water.walk,0,0.001,171196,3.580,0.000,0.001,0.000,0.000,0.000,0.000,0.000,0.000,0.000,0.000,0.226,0.097,0.000,0.022,0.000,0.074,0.000,0.000,0.000,0.000,0.000,0.000,0.000
water.walk,0,0.000,171348,3.326,0.000,0.001,0.000,0.000,0.000,0.000,0.000,0.000,0.000,0.000,0.200,0.086,0.000,0.018,0.000,0.067,0.000,0.000,0.000,0.000,0.000,0.000,0.000
water.walk,0,0.001,235792,4.780,0.000,0.001,0.000,0.000,0.000,0.000,0.000,0.000,0.000,0.000,0.624,0.474,0.000,0.025,0.000,0.449,0.000,0.000,0.000,0.000,0.000,0.000,0.000
water.walk,0,0.001,214212,5.199,0.000,0.001,0.000,0.000,0.000,0.000,0.000,0.000,0.000,0.000,0.236,0.106,0.000,0.025,0.000,0.081,0.000,0.000,0.000,0.000,0.000,0.000,0.000
water.walk,0,0.001,171804,3.360,0.000,0.001,0.000,0.000,0.000,0.000,0.000,0.000,0.000,0.000,0.221,0.103,0.000,0.020,0.000,0.082,0.000,0.000,0.000,0.000,0.000,0.000,0.000
water.walk,0,0.000,171956,3.254,0.000,0.001,0.000,0.000,0.000,0.000,0.000,0.000,0.000,0.000,0.190,0.082,0.000,0.017,0.000,0.064,0.000,0.000,0.000,0.000,0.000,0.000,0.000
water.walk,0,0.001,236400,4.933,0.000,0.001,0.000,0.000,0.000,0.000,0.000,0.000,0.000,0.000,0.642,0.483,0.000,0.025,0.000,0.458,0.000,0.000,0.000,0.000,0.000,0.000,0.000
water.walk,0,0.001,214820,5.648,0.000,0.000,0.000,0.000,0.000,0.000,0.000,0.000,0.000,0.000,0.231,0.099,0.000,0.023,0.000,0.076,0.000,0.000,0.000,0.000,0.000,0.000,0.000
water.walk,0,0.001,347127,5.751,0.000,0.001,0.000,0.000,0.000,0.000,0.000,0.000,0.000,0.000,0.987,0.605,0.000,0.074,0.000,0.529,0.000,0.000,0.000,0.000,0.000,0.000,0.000
water.walk,0,0.001,172564,3.572,0.000,0.001,0.000,0.000,0.000,0.000,0.000,0.000,0.000,0.000,0.234,0.103,0.000,0.020,0.000,0.082,0.000,0.000,0.000,0.000,0.000,0.000,0.000
water.walk,0,0.001,237008,5.329,0.000,0.001,0.000,0.000,0.000,0.000,0.000,0.000,0.000,0.000,0.723,0.565,0.000,0.032,0.000,0.532,0.000,0.000,0.000,0.000,0.000,0.000,0.000
water.walk,0,0.001,215428,5.089,0.000,0.000,0.000,0.000,0.000,0.000,0.000,0.000,0.000,0.000,0.229,0.098,0.000,0.021,0.000,0.077,0.000,0.000,0.000,0.000,0.000,0.000,0.000
water.walk,0,0.002,173020,3.226,0.000,0.000,0.000,0.000,0.000,0.000,0.000,0.000,0.000,0.000,0.207,0.091,0.000,0.020,0.000,0.071,0.000,0.000,0.000,0.000,0.000,0.000,0.000
water.walk,0,0.001,192968,5.424,0.000,0.001,0.000,0.000,0.000,0.000,0.000,0.000,0.000,0.000,0.298,0.140,0.000,0.034,0.000,0.101,0.000,0.000,0.000,0.000,0.000,0.000,0.000
water.walk,0,0.001,244579,5.622,0.000,0.000,0.000,0.000,0.000,0.000,0.000,0.000,0.000,0.000,0.592,0.450,0.000,0.032,0.000,0.417,0.000,0.000,0.000,0.000,0.000,0.000,0.000
water.walk,0,0.001,222951,6.369,0.000,0.000,0.000,0.000,0.000,0.000,0.000,0.000,0.000,0.000,0.302,0.121,0.000,0.029,0.000,0.091,0.000,0.000,0.000,0.000,0.000,0.000,0.000
water.walk,0,0.001,173628,3.908,0.000,0.001,0.000,0.000,0.000,0.000,0.000,0.000,0.000,0.000,0.246,0.110,0.000,0.021,0.000,0.088,0.000,0.000,0.000,0.000,0.000,0.000,0.000
water.walk,0,0.000,173780,3.018,0.000,0.000,0.000,0.000,0.000,0.000,0.000,0.000,0.000,0.000,0.198,0.088,0.000,0.019,0.000,0.069,0.000,0.000,0.000,0.000,0.000,0.000,0.000
water.walk,0,0.001,238224,5.604,0.000,0.000,0.000,0.000,0.000,0.000,0.000,0.000,0.000,0.000,0.644,0.439,0.000,0.036,0.000,0.402,0.000,0.000,0.000,0.000,0.000,0.000,0.000
water.walk,0,0.001,216644,5.321,0.000,0.001,0.000,0.000,0.000,0.000,0.000,0.000,0.000,0.000,0.243,0.111,0.000,0.022,0.000,0.089,0.000,0.000,0.000,0.000,0.000,0.000,0.000
water.walk,0,0.001,174236,4.735,0.000,0.001,0.000,0.000,0.000,0.000,0.000,0.000,0.000,0.000,0.314,0.136,0.000,0.027,0.000,0.108,0.000,0.000,0.000,0.000,0.000,0.000,0.000
water.walk,0,0.001,188472,4.105,0.000,0.001,0.000,0.000,0.000,0.000,0.000,0.000,0.000,0.000,0.236,0.102,0.000,0.025,0.000,0.077,0.000,0.000,0.000,0.000,0.000,0.000,0.000
water.walk,0,0.001,238832,5.018,0.000,0.001,0.000,0.000,0.000,0.000,0.000,0.000,0.000,0.000,0.716,0.550,0.000,0.027,0.000,0.523,0.000,0.000,0.000,0.000,0.000,0.000,0.000
water.walk,0,0.001,217252,5.411,0.000,0.001,0.000,0.000,0.000,0.000,0.000,0.000,0.000,0.000,0.207,0.089,0.000,0.018,0.000,0.071,0.000,0.000,0.000,0.000,0.000,0.000,0.000
water.walk,0,0.001,174844,3.973,0.000,0.001,0.000,0.000,0.000,0.000,0.000,0.000,0.000,0.000,0.258,0.110,0.000,0.028,0.000,0.082,0.000,0.000,0.000,0.000,0.000,0.000,0.000
water.walk,0,0.001,174996,3.718,0.000,0.001,0.000,0.000,0.000,0.000,0.000,0.000,0.000,0.000,0.235,0.101,0.000,0.023,0.000,0.078,0.000,0.000,0.000,0.000,0.000,0.000,0.000
water.walk,0,0.001,239440,4.526,0.000,0.001,0.000,0.000,0.000,0.000,0.000,0.000,0.000,0.000,0.635,0.484,0.000,0.025,0.000,0.458,0.000,0.000,0.000,0.000,0.000,0.000,0.000
water.walk,0,0.001,217860,5.162,0.000,0.001,0.000,0.000,0.000,0.000,0.000,0.000,0.000,0.000,0.205,0.090,0.000,0.021,0.000,0.069,0.000,0.000,0.000,0.000,0.000,0.000,0.000
water.walk,0,0.001,175452,3.848,0.000,0.001,0.000,0.000,0.000,0.000,0.000,0.000,0.000,0.000,0.229,0.105,0.000,0.028,0.000,0.076,0.000,0.000,0.000,0.000,0.000,0.000,0.000
water.walk,0,0.001,175604,4.323,0.000,0.001,0.000,0.000,0.000,0.000,0.000,0.000,0.000,0.000,0.256,0.114,0.000,0.027,0.000,0.087,0.000,0.000,0.000,0.000,0.000,0.000,0.000
water.walk,0,0.001,175808,3.906,0.000,0.001,0.000,0.000,0.000,0.000,0.000,0.000,0.000,0.000,0.206,0.089,0.000,0.020,0.000,0.069,0.000,0.000,0.000,0.000,0.000,0.000,0.000
water.walk,0,0.001,293506,5.306,0.000,0.001,0.000,0.000,0.000,0.000,0.000,0.000,0.000,0.000,0.878,0.672,0.000,0.031,0.000,0.640,0.000,0.000,0.000,0.000,0.000,0.000,0.000
water.walk,0,0.000,342246,5.277,0.000,0.000,0.230,0.000,0.000,0.000,0.000,0.000,0.000,0.000,0.211,0.099,0.000,0.017,0.000,0.082,0.000,0.000,0.000,0.000,0.000,0.000,0.000
water.walk,0,0.001,351383,5.986,0.000,0.000,0.000,0.000,0.000,0.000,0.000,0.000,0.000,0.000,0.884,0.540,0.000,0.070,0.000,0.468,0.000,0.000,0.000,0.000,0.000,0.000,0.000
water.walk,0,0.002,241112,4.731,0.000,0.001,0.000,0.000,0.000,0.000,0.000,0.000,0.000,0.000,0.646,0.487,0.000,0.028,0.000,0.458,0.000,0.000,0.000,0.000,0.000,0.000,0.000
water.walk,0,0.001,219532,5.070,0.000,0.001,0.000,0.000,0.000,0.000,0.000,0.000,0.000,0.000,0.197,0.086,0.000,0.018,0.000,0.067,0.000,0.000,0.000,0.000,0.000,0.000,0.000
water.walk,0,0.001,177124,4.100,0.000,0.001,0.000,0.000,0.000,0.000,0.000,0.000,0.000,0.000,0.259,0.105,0.000,0.024,0.000,0.080,0.000,0.000,0.000,0.000,0.000,0.000,0.000
water.walk,0,0.001,177276,4.373,0.000,0.001,0.000,0.000,0.000,0.000,0.000,0.000,0.000,0.000,0.252,0.107,0.000,0.027,0.000,0.080,0.000,0.000,0.000,0.000,0.000,0.000,0.000
water.walk,0,0.001,241720,4.593,0.000,0.000,0.000,0.000,0.000,0.000,0.000,0.000,0.000,0.000,0.652,0.493,0.000,0.031,0.000,0.461,0.000,0.000,0.000,0.000,0.000,0.000,0.000
water.walk,0,0.001,220140,4.770,0.000,0.001,0.000,0.000,0.000,0.000,0.000,0.000,0.000,0.000,0.197,0.086,0.000,0.020,0.000,0.067,0.000,0.000,0.000,0.000,0.000,0.000,0.000
water.walk,0,0.001,177732,3.836,0.000,0.001,0.000,0.000,0.000,0.000,0.000,0.000,0.000,0.000,0.215,0.094,0.000,0.019,0.000,0.074,0.000,0.000,0.000,0.000,0.000,0.000,0.000
water.walk,0,0.001,177884,3.868,0.000,0.001,0.000,0.000,0.000,0.000,0.000,0.000,0.000,0.000,0.244,0.105,0.000,0.023,0.000,0.082,0.000,0.000,0.000,0.000,0.000,0.000,0.000
water.walk,0,0.001,178036,3.145,0.000,0.000,0.000,0.000,0.000,0.000,0.000,0.000,0.000,0.000,0.203,0.089,0.000,0.022,0.000,0.067,0.000,0.000,0.000,0.000,0.000,0.000,0.000
water.walk,0,0.001,242480,5.035,0.000,0.001,0.000,0.000,0.000,0.000,0.000,0.000,0.000,0.000,0.829,0.660,0.000,0.044,0.000,0.615,0.000,0.000,0.000,0.000,0.000,0.000,0.000
water.walk,0,0.002,240696,6.269,0.000,0.001,0.000,0.000,0.000,0.000,0.000,0.000,0.000,0.000,0.249,0.100,0.000,0.024,0.000,0.076,0.000,0.000,0.000,0.000,0.000,0.000,0.000
water.walk,0,0.001,185407,4.142,0.000,0.001,0.000,0.000,0.000,0.000,0.000,0.000,0.000,0.000,0.240,0.106,0.000,0.024,0.000,0.081,0.000,0.000,0.000,0.000,0.000,0.000,0.000
water.walk,0,0.001,178644,3.373,0.000,0.001,0.000,0.000,0.000,0.000,0.000,0.000,0.000,0.000,0.225,0.097,0.000,0.019,0.000,0.077,0.000,0.000,0.000,0.000,0.000,0.000,0.000
water.walk,0,0.000,243088,4.520,0.000,0.001,0.000,0.000,0.000,0.000,0.000,0.000,0.000,0.000,0.624,0.478,0.000,0.024,0.000,0.454,0.000,0.000,0.000,0.000,0.000,0.000,0.000
water.walk,0,0.001,221508,5.182,0.000,0.001,0.000,0.000,0.000,0.000,0.000,0.000,0.000,0.000,0.206,0.092,0.000,0.023,0.000,0.068,0.000,0.000,0.000,0.000,0.000,0.000,0.000
water.walk,0,0.001,179100,3.430,0.000,0.001,0.000,0.000,0.000,0.000,0.000,0.000,0.000,0.000,0.214,0.091,0.000,0.021,0.000,0.069,0.000,0.000,0.000,0.000,0.000,0.000,0.000
water.walk,0,0.001,179252,4.045,0.000,0.001,0.000,0.000,0.000,0.000,0.000,0.000,0.000,0.000,0.225,0.098,0.000,0.021,0.000,0.076,0.000,0.000,0.000,0.000,0.000,0.000,0.000
water.walk,0,0.001,179404,3.821,0.000,0.001,0.000,0.000,0.000,0.000,0.000,0.000,0.000,0.000,0.235,0.099,0.000,0.022,0.000,0.077,0.000,0.000,0.000,0.000,0.000,0.000,0.000
water.walk,0,0.001,243848,4.303,0.000,0.000,0.000,0.000,0.000,0.000,0.000,0.000,0.000,0.000,0.591,0.432,0.000,0.030,0.000,0.401,0.000,0.000,0.000,0.000,0.000,0.000,0.000
water.walk,0,0.000,222268,4.857,0.000,0.001,0.000,0.000,0.000,0.000,0.000,0.000,0.000,0.000,0.180,0.086,0.000,0.017,0.000,0.069,0.000,0.000,0.000,0.000,0.000,0.000,0.000
water.walk,0,0.001,179860,3.732,0.000,0.001,0.000,0.000,0.000,0.000,0.000,0.000,0.000,0.000,0.281,0.116,0.000,0.021,0.000,0.095,0.000,0.000,0.000,0.000,0.000,0.000,0.000
water.walk,0,0.001,180012,4.551,0.000,0.001,0.000,0.000,0.000,0.000,0.000,0.000,0.000,0.000,0.212,0.096,0.000,0.020,0.000,0.075,0.000,0.000,0.000,0.000,0.000,0.000,0.000
water.walk,0,0.001,244456,5.321,0.000,0.001,0.000,0.000,0.000,0.000,0.000,0.000,0.000,0.000,0.800,0.623,0.000,0.033,0.000,0.589,0.000,0.000,0.000,0.000,0.000,0.000,0.000
water.walk,0,0.001,222876,4.954,0.000,0.001,0.000,0.000,0.000,0.000,0.000,0.000,0.000,0.000,0.215,0.101,0.000,0.023,0.000,0.077,0.000,0.000,0.000,0.000,0.000,0.000,0.000
water.walk,0,0.001,180468,4.124,0.000,0.001,0.000,0.000,0.000,0.000,0.000,0.000,0.000,0.000,0.227,0.103,0.000,0.021,0.000,0.081,0.000,0.000,0.000,0.000,0.000,0.000,0.000
water.walk,0,0.001,180620,4.066,0.000,0.000,0.000,0.000,0.000,0.000,0.000,0.000,0.000,0.000,0.256,0.110,0.000,0.024,0.000,0.085,0.000,0.000,0.000,0.000,0.000,0.000,0.000
water.walk,0,0.001,426275,6.960,0.000,0.001,0.000,0.000,0.000,0.000,0.000,0.000,0.000,0.000,1.354,1.005,0.000,0.078,0.000,0.925,0.000,0.000,0.000,0.000,0.000,0.000,0.000
water.walk,0,0.000,223484,4.881,0.000,0.002,0.000,0.000,0.000,0.000,0.000,0.000,0.000,0.000,0.203,0.093,0.000,0.018,0.000,0.074,0.000,0.000,0.000,0.000,0.000,0.000,0.000
water.walk,0,0.001,181076,3.190,0.000,0.000,0.000,0.000,0.000,0.000,0.000,0.000,0.000,0.000,0.198,0.089,0.000,0.022,0.000,0.067,0.000,0.000,0.000,0.000,0.000,0.000,0.000
water.walk,0,0.001,181228,4.213,0.000,0.001,0.000,0.000,0.000,0.000,0.000,0.000,0.000,0.000,0.317,0.133,0.000,0.031,0.000,0.102,0.000,0.000,0.000,0.000,0.000,0.000,0.000
water.walk,0,0.000,245672,4.934,0.000,0.000,0.000,0.000,0.000,0.000,0.000,0.000,0.000,0.000,0.669,0.503,0.000,0.025,0.000,0.476,0.000,0.000,0.000,0.000,0.000,0.000,0.000
water.walk,0,0.001,224092,5.734,0.000,0.001,0.000,0.000,0.000,0.000,0.000,0.000,0.000,0.000,0.237,0.102,0.000,0.021,0.000,0.081,0.000,0.000,0.000,0.000,0.000,0.000,0.000
water.walk,0,0.001,181684,3.928,0.000,0.001,0.000,0.000,0.000,0.000,0.000,0.000,0.000,0.000,0.250,0.108,0.000,0.025,0.000,0.082,0.000,0.000,0.000,0.000,0.000,0.000,0.000
water.walk,0,0.001,181836,3.265,0.000,0.000,0.000,0.000,0.000,0.000,0.000,0.000,0.000,0.000,0.193,0.084,0.000,0.018,0.000,0.065,0.000,0.000,0.000,0.000,0.000,0.000,0.000
water.walk,0,0.001,246280,4.246,0.000,0.000,0.000,0.000,0.000,0.000,0.000,0.000,0.000,0.000,0.743,0.580,0.000,0.031,0.000,0.548,0.000,0.000,0.000,0.000,0.000,0.000,0.000
water.walk,0,0.000,224700,4.369,0.000,0.000,0.000,0.000,0.000,0.000,0.000,0.000,0.000,0.000,0.183,0.082,0.000,0.017,0.000,0.065,0.000,0.000,0.000,0.000,0.000,0.000,0.000
water.walk,0,0.001,182292,4.238,0.000,0.001,0.000,0.000,0.000,0.000,0.000,0.000,0.000,0.000,0.313,0.125,0.000,0.024,0.000,0.101,0.000,0.000,0.000,0.000,0.000,0.000,0.000
water.walk,0,0.001,182444,3.659,0.000,0.003,0.000,0.000,0.000,0.000,0.000,0.000,0.000,0.000,0.241,0.096,0.000,0.022,0.000,0.073,0.000,0.000,0.000,0.000,0.000,0.000,0.000
water.walk,0,0.001,182596,3.417,0.000,0.001,0.000,0.000,0.000,0.000,0.000,0.000,0.000,0.000,0.216,0.090,0.000,0.020,0.000,0.069,0.000,0.000,0.000,0.000,0.000,0.000,0.000
water.walk,0,0.001,247092,5.349,0.000,0.002,0.000,0.000,0.000,0.000,0.000,0.000,0.000,0.000,0.694,0.529,0.000,0.032,0.000,0.496,0.000,0.000,0.000,0.000,0.000,0.000,0.000
water.walk,0,0.001,225460,5.708,0.000,0.001,0.000,0.000,0.000,0.000,0.000,0.000,0.000,0.000,0.228,0.100,0.000,0.020,0.000,0.080,0.000,0.000,0.000,0.000,0.000,0.000,0.000
water.walk,0,0.001,183052,3.704,0.000,0.001,0.000,0.000,0.000,0.000,0.000,0.000,0.000,0.000,0.260,0.112,0.000,0.024,0.000,0.088,0.000,0.000,0.000,0.000,0.000,0.000,0.000
water.walk,0,0.001,183204,3.653,0.000,0.000,0.000,0.000,0.000,0.000,0.000,0.000,0.000,0.000,0.212,0.092,0.000,0.019,0.000,0.073,0.000,0.000,0.000,0.000,0.000,0.000,0.000
water.walk,0,0.001,267444,5.977,0.000,0.001,0.000,0.000,0.000,0.000,0.000,0.000,0.000,0.000,0.674,0.504,0.000,0.033,0.000,0.470,0.000,0.000,0.000,0.000,0.000,0.000,0.000
water.walk,0,0.001,232983,5.938,0.000,0.001,0.000,0.000,0.000,0.000,0.000,0.000,0.000,0.000,0.261,0.110,0.000,0.025,0.000,0.084,0.000,0.000,0.000,0.000,0.000,0.000,0.000
water.walk,0,0.001,183660,4.395,0.000,0.001,0.000,0.000,0.000,0.000,0.000,0.000,0.000,0.000,0.259,0.106,0.000,0.025,0.000,0.080,0.000,0.000,0.000,0.000,0.000,0.000,0.000
water.walk,0,0.001,183812,3.567,0.000,0.001,0.000,0.000,0.000,0.000,0.000,0.000,0.000,0.000,0.239,0.103,0.000,0.023,0.000,0.080,0.000,0.000,0.000,0.000,0.000,0.000,0.000
water.walk,0,0.000,248256,4.423,0.000,0.001,0.000,0.000,0.000,0.000,0.000,0.000,0.000,0.000,0.629,0.483,0.000,0.024,0.000,0.458,0.000,0.000,0.000,0.000,0.000,0.000,0.000
water.walk,0,0.001,226676,5.264,0.000,0.001,0.000,0.000,0.000,0.000,0.000,0.000,0.000,0.000,0.215,0.096,0.000,0.021,0.000,0.075,0.000,0.000,0.000,0.000,0.000,0.000,0.000
water.walk,0,0.001,184268,4.063,0.000,0.001,0.000,0.000,0.000,0.000,0.000,0.000,0.000,0.000,0.240,0.100,0.000,0.021,0.000,0.078,0.000,0.000,0.000,0.000,0.000,0.000,0.000
water.walk,0,0.001,184420,3.249,0.000,0.001,0.000,0.000,0.000,0.000,0.000,0.000,0.000,0.000,0.227,0.096,0.000,0.021,0.000,0.075,0.000,0.000,0.000,0.000,0.000,0.000,0.000
water.walk,0,0.000,184572,2.962,0.000,0.001,0.000,0.000,0.000,0.000,0.000,0.000,0.000,0.000,0.193,0.086,0.000,0.018,0.000,0.068,0.000,0.000,0.000,0.000,0.000,0.000,0.000
water.walk,0,0.001,302322,5.295,0.000,0.001,0.000,0.000,0.000,0.000,0.000,0.000,0.000,0.000,0.858,0.659,0.000,0.027,0.000,0.632,0.000,0.000,0.000,0.000,0.000,0.000,0.000
water.walk,0,0.001,552225,6.949,0.000,0.000,0.238,0.000,0.000,0.000,0.000,0.000,0.000,0.000,0.879,0.539,0.000,0.072,0.000,0.465,0.000,0.000,0.000,0.000,0.000,0.000,0.000
water.walk,0,0.001,185484,3.376,0.000,0.001,0.000,0.000,0.000,0.000,0.000,0.000,0.000,0.000,0.224,0.103,0.000,0.021,0.000,0.082,0.000,0.000,0.000,0.000,0.000,0.000,0.000
water.walk,0,0.001,185636,3.678,0.000,0.001,0.000,0.000,0.000,0.000,0.000,0.000,0.000,0.000,0.232,0.101,0.000,0.021,0.000,0.079,0.000,0.000,0.000,0.000,0.000,0.000,0.000
water.walk,0,0.001,250080,4.661,0.000,0.000,0.000,0.000,0.000,0.000,0.000,0.000,0.000,0.000,0.575,0.437,0.000,0.024,0.000,0.413,0.000,0.000,0.000,0.000,0.000,0.000,0.000
water.walk,0,0.001,228500,6.220,0.000,0.001,0.000,0.000,0.000,0.000,0.000,0.000,0.000,0.000,0.334,0.139,0.000,0.028,0.000,0.110,0.000,0.000,0.000,0.000,0.000,0.000,0.000
water.walk,0,0.001,186092,3.821,0.000,0.001,0.000,0.000,0.000,0.000,0.000,0.000,0.000,0.000,0.266,0.104,0.000,0.025,0.000,0.079,0.000,0.000,0.000,0.000,0.000,0.000,0.000
water.walk,0,0.001,186244,3.371,0.000,0.001,0.000,0.000,0.000,0.000,0.000,0.000,0.000,0.000,0.211,0.095,0.000,0.019,0.000,0.076,0.000,0.000,0.000,0.000,0.000,0.000,0.000
water.walk,0,0.001,250688,5.420,0.000,0.000,0.000,0.000,0.000,0.000,0.000,0.000,0.000,0.000,0.798,0.628,0.000,0.033,0.000,0.594,0.000,0.000,0.000,0.000,0.000,0.000,0.000
water.walk,0,0.001,229108,4.661,0.000,0.001,0.000,0.000,0.000,0.000,0.000,0.000,0.000,0.000,0.197,0.085,0.000,0.019,0.000,0.066,0.000,0.000,0.000,0.000,0.000,0.000,0.000
water.walk,0,0.001,186700,4.060,0.000,0.001,0.000,0.000,0.000,0.000,0.000,0.000,0.000,0.000,0.253,0.106,0.000,0.024,0.000,0.082,0.000,0.000,0.000,0.000,0.000,0.000,0.000
water.walk,0,0.001,186852,4.757,0.000,0.001,0.000,0.000,0.000,0.000,0.000,0.000,0.000,0.000,0.306,0.110,0.000,0.024,0.000,0.085,0.000,0.000,0.000,0.000,0.000,0.000,0.000
water.walk,0,0.001,251296,5.737,0.000,0.001,0.000,0.000,0.000,0.000,0.000,0.000,0.000,0.000,0.782,0.596,0.000,0.040,0.000,0.556,0.000,0.000,0.000,0.000,0.000,0.000,0.000
water.walk,0,0.001,229716,5.384,0.000,0.001,0.000,0.000,0.000,0.000,0.000,0.000,0.000,0.000,0.253,0.109,0.000,0.026,0.000,0.083,0.000,0.000,0.000,0.000,0.000,0.000,0.000
water.walk,0,0.001,187308,3.561,0.000,0.001,0.000,0.000,0.000,0.000,0.000,0.000,0.000,0.000,0.205,0.090,0.000,0.019,0.000,0.070,0.000,0.000,0.000,0.000,0.000,0.000,0.000
water.walk,0,0.001,187460,4.164,0.000,0.000,0.000,0.000,0.000,0.000,0.000,0.000,0.000,0.000,0.249,0.114,0.000,0.024,0.000,0.090,0.000,0.000,0.000,0.000,0.000,0.000,0.000
water.walk,0,0.000,251904,4.260,0.000,0.001,0.000,0.000,0.000,0.000,0.000,0.000,0.000,0.000,0.637,0.485,0.000,0.027,0.000,0.458,0.000,0.000,0.000,0.000,0.000,0.000,0.000
water.walk,0,0.001,230324,4.702,0.000,0.001,0.000,0.000,0.000,0.000,0.000,0.000,0.000,0.000,0.213,0.093,0.000,0.020,0.000,0.072,0.000,0.000,0.000,0.000,0.000,0.000,0.000
water.walk,0,0.001,187916,3.662,0.000,0.001,0.000,0.000,0.000,0.000,0.000,0.000,0.000,0.000,0.210,0.090,0.000,0.018,0.000,0.071,0.000,0.000,0.000,0.000,0.000,0.000,0.000
water.walk,0,0.001,188068,3.575,0.000,0.000,0.000,0.000,0.000,0.000,0.000,0.000,0.000,0.000,0.198,0.086,0.000,0.022,0.000,0.064,0.000,0.000,0.000,0.000,0.000,0.000,0.000
water.walk,0,0.001,188220,2.783,0.000,0.000,0.000,0.000,0.000,0.000,0.000,0.000,0.000,0.000,0.193,0.088,0.000,0.019,0.000,0.068,0.000,0.000,0.000,0.000,0.000,0.000,0.000
water.walk,0,0.001,252664,5.490,0.000,0.001,0.000,0.000,0.000,0.000,0.000,0.000,0.000,0.000,0.830,0.600,0.000,0.039,0.000,0.560,0.000,0.000,0.000,0.000,0.000,0.000,0.000
water.walk,0,0.001,231084,5.486,0.000,0.001,0.000,0.000,0.000,0.000,0.000,0.000,0.000,0.000,0.216,0.096,0.000,0.020,0.000,0.076,0.000,0.000,0.000,0.000,0.000,0.000,0.000
water.walk,0,0.001,193941,3.797,0.000,0.001,0.000,0.000,0.000,0.000,0.000,0.000,0.000,0.000,0.252,0.107,0.000,0.022,0.000,0.085,0.000,0.000,0.000,0.000,0.000,0.000,0.000
water.walk,0,0.000,188828,3.334,0.000,0.001,0.000,0.000,0.000,0.000,0.000,0.000,0.000,0.000,0.216,0.097,0.000,0.020,0.000,0.076,0.000,0.000,0.000,0.000,0.000,0.000,0.000
water.walk,0,0.000,253272,5.324,0.000,0.001,0.000,0.000,0.000,0.000,0.000,0.000,0.000,0.000,0.653,0.493,0.000,0.026,0.000,0.467,0.000,0.000,0.000,0.000,0.000,0.000,0.000
water.walk,0,0.001,231692,5.153,0.000,0.001,0.000,0.000,0.000,0.000,0.000,0.000,0.000,0.000,0.259,0.118,0.000,0.030,0.000,0.087,0.000,0.000,0.000,0.000,0.000,0.000,0.000
water.walk,0,0.001,363999,4.420,0.000,0.001,0.000,0.000,0.000,0.000,0.000,0.000,0.000,0.000,0.726,0.455,0.000,0.066,0.000,0.388,0.000,0.000,0.000,0.000,0.000,0.000,0.000
water.walk,0,0.001,189436,4.523,0.000,0.001,0.000,0.000,0.000,0.000,0.000,0.000,0.000,0.000,0.330,0.139,0.000,0.031,0.000,0.107,0.000,0.000,0.000,0.000,0.000,0.000,0.000
water.walk,0,0.001,253880,5.520,0.000,0.001,0.000,0.000,0.000,0.000,0.000,0.000,0.000,0.000,0.717,0.552,0.000,0.026,0.000,0.525,0.000,0.000,0.000,0.000,0.000,0.000,0.000
water.walk,0,0.001,232352,5.381,0.000,0.001,0.000,0.000,0.000,0.000,0.000,0.000,0.000,0.000,0.255,0.102,0.000,0.024,0.000,0.078,0.000,0.000,0.000,0.000,0.000,0.000,0.000
water.walk,0,0.001,189892,3.371,0.000,0.000,0.000,0.000,0.000,0.000,0.000,0.000,0.000,0.000,0.204,0.092,0.000,0.020,0.000,0.072,0.000,0.000,0.000,0.000,0.000,0.000,0.000
water.walk,0,0.001,190044,4.685,0.000,0.001,0.000,0.000,0.000,0.000,0.000,0.000,0.000,0.000,0.323,0.131,0.000,0.029,0.000,0.102,0.000,0.000,0.000,0.000,0.000,0.000,0.000
water.walk,0,0.000,254488,5.682,0.000,0.001,0.000,0.000,0.000,0.000,0.000,0.000,0.000,0.000,0.760,0.577,0.000,0.042,0.000,0.534,0.000,0.000,0.000,0.000,0.000,0.000,0.000
water.walk,0,0.001,232908,5.229,0.000,0.001,0.000,0.000,0.000,0.000,0.000,0.000,0.000,0.000,0.236,0.102,0.000,0.018,0.000,0.084,0.000,0.000,0.000,0.000,0.000,0.000,0.000
water.walk,0,0.001,198734,3.739,0.000,0.001,0.000,0.000,0.000,0.000,0.000,0.000,0.000,0.000,0.411,0.178,0.000,0.031,0.000,0.147,0.000,0.000,0.000,0.000,0.000,0.000,0.000
water.walk,0,0.001,190652,4.028,0.000,0.001,0.000,0.000,0.000,0.000,0.000,0.000,0.000,0.000,0.241,0.115,0.000,0.019,0.000,0.096,0.000,0.000,0.000,0.000,0.000,0.000,0.000
water.walk,0,0.001,255096,4.564,0.000,0.001,0.000,0.000,0.000,0.000,0.000,0.000,0.000,0.000,0.663,0.516,0.000,0.029,0.000,0.486,0.000,0.000,0.000,0.000,0.000,0.000,0.000
water.walk,0,0.000,233516,4.860,0.000,0.001,0.000,0.000,0.000,0.000,0.000,0.000,0.000,0.000,0.198,0.085,0.000,0.017,0.000,0.067,0.000,0.000,0.000,0.000,0.000,0.000,0.000
water.walk,0,0.000,191108,3.960,0.000,0.001,0.000,0.000,0.000,0.000,0.000,0.000,0.000,0.000,0.217,0.091,0.000,0.021,0.000,0.070,0.000,0.000,0.000,0.000,0.000,0.000,0.000
water.walk,0,0.001,191260,4.590,0.000,0.001,0.000,0.000,0.000,0.000,0.000,0.000,0.000,0.000,0.274,0.120,0.000,0.026,0.000,0.094,0.000,0.000,0.000,0.000,0.000,0.000,0.000
water.walk,0,0.001,205496,3.630,0.000,0.001,0.000,0.000,0.000,0.000,0.000,0.000,0.000,0.000,0.230,0.103,0.000,0.026,0.000,0.076,0.000,0.000,0.000,0.000,0.000,0.000,0.000
water.walk,0,0.001,255856,4.909,0.000,0.001,0.000,0.000,0.000,0.000,0.000,0.000,0.000,0.000,0.661,0.508,0.000,0.031,0.000,0.475,0.000,0.000,0.000,0.000,0.000,0.000,0.000
water.walk,0,0.001,234276,4.506,0.000,0.000,0.000,0.000,0.000,0.000,0.000,0.000,0.000,0.000,0.217,0.096,0.000,0.024,0.000,0.072,0.000,0.000,0.000,0.000,0.000,0.000,0.000
water.walk,0,0.001,191868,3.791,0.000,0.001,0.000,0.000,0.000,0.000,0.000,0.000,0.000,0.000,0.233,0.096,0.000,0.020,0.000,0.075,0.000,0.000,0.000,0.000,0.000,0.000,0.000
water.walk,0,0.001,192020,3.472,0.000,0.001,0.000,0.000,0.000,0.000,0.000,0.000,0.000,0.000,0.235,0.116,0.000,0.029,0.000,0.086,0.000,0.000,0.000,0.000,0.000,0.000,0.000
water.walk,0,0.001,256464,4.967,0.000,0.001,0.000,0.000,0.000,0.000,0.000,0.000,0.000,0.000,0.702,0.538,0.000,0.033,0.000,0.505,0.000,0.000,0.000,0.000,0.000,0.000,0.000
water.walk,0,0.000,234884,5.406,0.000,0.001,0.000,0.000,0.000,0.000,0.000,0.000,0.000,0.000,0.213,0.103,0.000,0.019,0.000,0.083,0.000,0.000,0.000,0.000,0.000,0.000,0.000
water.walk,0,0.001,192476,3.598,0.000,0.000,0.000,0.000,0.000,0.000,0.000,0.000,0.000,0.000,0.253,0.103,0.000,0.023,0.000,0.080,0.000,0.000,0.000,0.000,0.000,0.000,0.000
water.walk,0,0.001,192628,3.384,0.000,0.001,0.000,0.000,0.000,0.000,0.000,0.000,0.000,0.000,0.226,0.109,0.000,0.019,0.000,0.090,0.000,0.000,0.000,0.000,0.000,0.000,0.000
water.walk,0,0.001,192780,3.623,0.000,0.001,0.000,0.000,0.000,0.000,0.000,0.000,0.000,0.000,0.218,0.104,0.000,0.020,0.000,0.083,0.000,0.000,0.000,0.000,0.000,0.000,0.000
water.walk,0,0.001,257224,4.428,0.000,0.000,0.000,0.000,0.000,0.000,0.000,0.000,0.000,0.000,0.610,0.469,0.000,0.027,0.000,0.441,0.000,0.000,0.000,0.000,0.000,0.000,0.000
water.walk,0,0.001,235644,5.250,0.000,0.001,0.000,0.000,0.000,0.000,0.000,0.000,0.000,0.000,0.276,0.097,0.000,0.025,0.000,0.072,0.000,0.000,0.000,0.000,0.000,0.000,0.000
water.walk,0,0.001,193236,3.546,0.000,0.001,0.000,0.000,0.000,0.000,0.000,0.000,0.000,0.000,0.259,0.106,0.000,0.021,0.000,0.085,0.000,0.000,0.000,0.000,0.000,0.000,0.000
water.walk,0,0.001,3208518,16.915,0.000,0.000,0.000,0.000,0.000,0.000,0.000,0.000,0.000,0.000,1.954,1.275,0.000,0.159,0.000,1.110,0.000,0.000,0.000,0.000,0.000,0.000,0.000
water.walk,0,0.001,263101,5.085,0.000,0.001,0.000,0.000,0.000,0.000,0.000,0.000,0.000,0.000,0.699,0.549,0.000,0.027,0.000,0.522,0.000,0.000,0.000,0.000,0.000,0.000,0.000
water.walk,0,0.001,236252,6.237,0.000,0.001,0.000,0.000,0.000,0.000,0.000,0.000,0.000,0.000,0.282,0.119,0.000,0.027,0.000,0.092,0.000,0.000,0.000,0.000,0.000,0.000,0.000
water.walk,0,0.001,258136,5.342,0.000,0.001,0.000,0.000,0.000,0.000,0.000,0.000,0.000,0.000,0.709,0.531,0.000,0.033,0.000,0.497,0.000,0.000,0.000,0.000,0.000,0.000,0.000
water.walk,0,0.001,236556,5.597,0.000,0.001,0.000,0.000,0.000,0.000,0.000,0.000,0.000,0.000,0.260,0.121,0.000,0.024,0.000,0.097,0.000,0.000,0.000,0.000,0.000,0.000,0.000
water.walk,0,0.000,194148,3.273,0.000,0.000,0.000,0.000,0.000,0.000,0.000,0.000,0.000,0.000,0.225,0.104,0.000,0.023,0.000,0.081,0.000,0.000,0.000,0.000,0.000,0.000,0.000
water.walk,0,0.000,258592,4.411,0.000,0.000,0.000,0.000,0.000,0.000,0.000,0.000,0.000,0.000,0.626,0.470,0.000,0.026,0.000,0.444,0.000,0.000,0.000,0.000,0.000,0.000,0.000
water.walk,0,0.001,237012,4.426,0.000,0.001,0.000,0.000,0.000,0.000,0.000,0.000,0.000,0.000,0.205,0.085,0.000,0.021,0.000,0.064,0.000,0.000,0.000,0.000,0.000,0.000,0.000
water.walk,0,0.000,194604,4.038,0.000,0.000,0.000,0.000,0.000,0.000,0.000,0.000,0.000,0.000,0.203,0.092,0.000,0.019,0.000,0.073,0.000,0.000,0.000,0.000,0.000,0.000,0.000
water.walk,0,0.001,194756,3.875,0.000,0.001,0.000,0.000,0.000,0.000,0.000,0.000,0.000,0.000,0.264,0.109,0.000,0.025,0.000,0.083,0.000,0.000,0.000,0.000,0.000,0.000,0.000
water.walk,0,0.000,194908,3.417,0.000,0.001,0.000,0.000,0.000,0.000,0.000,0.000,0.000,0.000,0.209,0.094,0.000,0.024,0.000,0.069,0.000,0.000,0.000,0.000,0.000,0.000,0.000
water.walk,0,0.000,259352,4.598,0.000,0.000,0.000,0.000,0.000,0.000,0.000,0.000,0.000,0.000,0.653,0.501,0.000,0.027,0.000,0.472,0.000,0.000,0.000,0.000,0.000,0.000,0.000
water.walk,0,0.001,237772,5.372,0.000,0.001,0.000,0.000,0.000,0.000,0.000,0.000,0.000,0.000,0.224,0.094,0.000,0.020,0.000,0.074,0.000,0.000,0.000,0.000,0.000,0.000,0.000
water.walk,0,0.001,195364,3.524,0.000,0.001,0.000,0.000,0.000,0.000,0.000,0.000,0.000,0.000,0.228,0.097,0.000,0.021,0.000,0.076,0.000,0.000,0.000,0.000,0.000,0.000,0.000
water.walk,0,0.001,195516,4.103,0.000,0.001,0.000,0.000,0.000,0.000,0.000,0.000,0.000,0.000,0.225,0.103,0.000,0.023,0.000,0.080,0.000,0.000,0.000,0.000,0.000,0.000,0.000
water.walk,0,0.001,195668,3.701,0.000,0.001,0.000,0.000,0.000,0.000,0.000,0.000,0.000,0.000,0.239,0.096,0.000,0.021,0.000,0.075,0.000,0.000,0.000,0.000,0.000,0.000,0.000
water.walk,0,0.001,313418,5.981,0.000,0.000,0.000,0.000,0.000,0.000,0.000,0.000,0.000,0.000,0.989,0.753,0.000,0.036,0.000,0.716,0.000,0.000,0.000,0.000,0.000,0.000,0.000
water.walk,0,0.001,421946,5.645,0.000,0.000,0.251,0.000,0.000,0.000,0.000,0.000,0.000,0.000,0.256,0.122,0.000,0.025,0.000,0.096,0.000,0.000,0.000,0.000,0.000,0.000,0.000
water.walk,0,0.001,196580,3.970,0.000,0.001,0.000,0.000,0.000,0.000,0.000,0.000,0.000,0.000,0.237,0.097,0.000,0.023,0.000,0.074,0.000,0.000,0.000,0.000,0.000,0.000,0.000
water.walk,0,0.001,261024,4.361,0.000,0.000,0.000,0.000,0.000,0.000,0.000,0.000,0.000,0.000,0.587,0.437,0.000,0.027,0.000,0.410,0.000,0.000,0.000,0.000,0.000,0.000,0.000
water.walk,0,0.000,239444,5.144,0.000,0.002,0.000,0.000,0.000,0.000,0.000,0.000,0.000,0.000,0.186,0.080,0.000,0.017,0.000,0.062,0.000,0.000,0.000,0.000,0.000,0.000,0.000
water.walk,0,0.001,197036,3.948,0.000,0.001,0.000,0.000,0.000,0.000,0.000,0.000,0.000,0.000,0.251,0.110,0.000,0.028,0.000,0.082,0.000,0.000,0.000,0.000,0.000,0.000,0.000
water.walk,0,0.000,197188,4.739,0.000,0.001,0.000,0.000,0.000,0.000,0.000,0.000,0.000,0.000,0.222,0.099,0.000,0.021,0.000,0.078,0.000,0.000,0.000,0.000,0.000,0.000,0.000
water.walk,0,0.001,372055,5.485,0.000,0.001,0.000,0.000,0.000,0.000,0.000,0.000,0.000,0.000,0.921,0.569,0.000,0.071,0.000,0.496,0.000,0.000,0.000,0.000,0.000,0.000,0.000
water.walk,0,0.001,261784,5.024,0.000,0.001,0.000,0.000,0.000,0.000,0.000,0.000,0.000,0.000,0.646,0.491,0.000,0.027,0.000,0.463,0.000,0.000,0.000,0.000,0.000,0.000,0.000
water.walk,0,0.001,240204,4.650,0.000,0.000,0.000,0.000,0.000,0.000,0.000,0.000,0.000,0.000,0.203,0.091,0.000,0.019,0.000,0.071,0.000,0.000,0.000,0.000,0.000,0.000,0.000
water.walk,0,0.001,197796,4.202,0.000,0.001,0.000,0.000,0.000,0.000,0.000,0.000,0.000,0.000,0.258,0.120,0.000,0.027,0.000,0.093,0.000,0.000,0.000,0.000,0.000,0.000,0.000
water.walk,0,0.000,197948,3.688,0.000,0.000,0.000,0.000,0.000,0.000,0.000,0.000,0.000,0.000,0.218,0.100,0.000,0.022,0.000,0.077,0.000,0.000,0.000,0.000,0.000,0.000,0.000
water.walk,0,0.001,262392,5.131,0.000,0.000,0.000,0.000,0.000,0.000,0.000,0.000,0.000,0.000,0.774,0.603,0.000,0.029,0.000,0.573,0.000,0.000,0.000,0.000,0.000,0.000,0.000
water.walk,0,0.001,240812,5.633,0.000,0.001,0.000,0.000,0.000,0.000,0.000,0.000,0.000,0.000,0.250,0.113,0.000,0.032,0.000,0.080,0.000,0.000,0.000,0.000,0.000,0.000,0.000
water.walk,0,0.001,198404,3.646,0.000,0.001,0.000,0.000,0.000,0.000,0.000,0.000,0.000,0.000,0.242,0.105,0.000,0.027,0.000,0.078,0.000,0.000,0.000,0.000,0.000,0.000,0.000
water.walk,0,0.000,198556,3.240,0.000,0.001,0.000,0.000,0.000,0.000,0.000,0.000,0.000,0.000,0.213,0.100,0.000,0.020,0.000,0.080,0.000,0.000,0.000,0.000,0.000,0.000,0.000
water.walk,0,0.001,263000,5.547,0.000,0.001,0.000,0.000,0.000,0.000,0.000,0.000,0.000,0.000,0.688,0.516,0.000,0.032,0.000,0.484,0.000,0.000,0.000,0.000,0.000,0.000,0.000
water.walk,0,0.001,246685,5.912,0.000,0.001,0.000,0.000,0.000,0.000,0.000,0.000,0.000,0.000,0.270,0.113,0.000,0.024,0.000,0.089,0.000,0.000,0.000,0.000,0.000,0.000,0.000
water.walk,0,0.000,199012,3.129,0.000,0.001,0.000,0.000,0.000,0.000,0.000,0.000,0.000,0.000,0.205,0.092,0.000,0.019,0.000,0.073,0.000,0.000,0.000,0.000,0.000,0.000,0.000
water.walk,0,0.001,199164,4.269,0.000,0.001,0.000,0.000,0.000,0.000,0.000,0.000,0.000,0.000,0.224,0.101,0.000,0.020,0.000,0.081,0.000,0.000,0.000,0.000,0.000,0.000,0.000
water.walk,0,0.001,263608,4.880,0.000,0.001,0.000,0.000,0.000,0.000,0.000,0.000,0.000,0.000,0.760,0.595,0.000,0.034,0.000,0.560,0.000,0.000,0.000,0.000,0.000,0.000,0.000
water.walk,0,0.001,242028,4.925,0.000,0.001,0.000,0.000,0.000,0.000,0.000,0.000,0.000,0.000,0.220,0.091,0.000,0.020,0.000,0.070,0.000,0.000,0.000,0.000,0.000,0.000,0.000
water.walk,0,0.001,199620,3.677,0.000,0.001,0.000,0.000,0.000,0.000,0.000,0.000,0.000,0.000,0.241,0.105,0.000,0.022,0.000,0.083,0.000,0.000,0.000,0.000,0.000,0.000,0.000
water.walk,0,0.001,199772,4.101,0.000,0.001,0.000,0.000,0.000,0.000,0.000,0.000,0.000,0.000,0.221,0.098,0.000,0.022,0.000,0.076,0.000,0.000,0.000,0.000,0.000,0.000,0.000
water.walk,0,0.001,264216,4.504,0.000,0.000,0.000,0.000,0.000,0.000,0.000,0.000,0.000,0.000,0.629,0.489,0.000,0.037,0.000,0.452,0.000,0.000,0.000,0.000,0.000,0.000,0.000
water.walk,0,0.000,242636,3.926,0.000,0.000,0.000,0.000,0.000,0.000,0.000,0.000,0.000,0.000,0.183,0.082,0.000,0.018,0.000,0.064,0.000,0.000,0.000,0.000,0.000,0.000,0.000
water.walk,0,0.001,200228,4.049,0.000,0.000,0.000,0.000,0.000,0.000,0.000,0.000,0.000,0.000,0.313,0.134,0.000,0.034,0.000,0.099,0.000,0.000,0.000,0.000,0.000,0.000,0.000
water.walk,0,0.000,200380,3.449,0.000,0.004,0.000,0.000,0.000,0.000,0.000,0.000,0.000,0.000,0.221,0.108,0.000,0.024,0.000,0.084,0.000,0.000,0.000,0.000,0.000,0.000,0.000
water.walk,0,0.001,200532,2.827,0.000,0.000,0.000,0.000,0.000,0.000,0.000,0.000,0.000,0.000,0.179,0.078,0.000,0.020,0.000,0.058,0.000,0.000,0.000,0.000,0.000,0.000,0.000
water.walk,0,0.001,264976,5.472,0.000,0.000,0.000,0.000,0.000,0.000,0.000,0.000,0.000,0.000,0.733,0.579,0.000,0.032,0.000,0.546,0.000,0.000,0.000,0.000,0.000,0.000,0.000
water.walk,0,0.000,243396,4.996,0.000,0.000,0.000,0.000,0.000,0.000,0.000,0.000,0.000,0.000,0.223,0.098,0.000,0.023,0.000,0.075,0.000,0.000,0.000,0.000,0.000,0.000,0.000
water.walk,0,0.001,200988,3.352,0.000,0.000,0.000,0.000,0.000,0.000,0.000,0.000,0.000,0.000,0.224,0.093,0.000,0.023,0.000,0.070,0.000,0.000,0.000,0.000,0.000,0.000,0.000
water.walk,0,0.001,201140,4.381,0.000,0.001,0.000,0.000,0.000,0.000,0.000,0.000,0.000,0.000,0.303,0.142,0.000,0.030,0.000,0.111,0.000,0.000,0.000,0.000,0.000,0.000,0.000
water.walk,0,0.001,201292,3.394,0.000,0.001,0.000,0.000,0.000,0.000,0.000,0.000,0.000,0.000,0.219,0.099,0.000,0.021,0.000,0.078,0.000,0.000,0.000,0.000,0.000,0.000,0.000
water.walk,0,0.001,265736,4.871,0.000,0.001,0.000,0.000,0.000,0.000,0.000,0.000,0.000,0.000,0.666,0.507,0.000,0.027,0.000,0.479,0.000,0.000,0.000,0.000,0.000,0.000,0.000
water.walk,0,0.000,418871,6.857,0.000,0.001,0.000,0.000,0.000,0.000,0.000,0.000,0.000,0.000,0.850,0.514,0.000,0.063,0.000,0.449,0.000,0.000,0.000,0.000,0.000,0.000,0.000
water.walk,0,0.001,201748,3.085,0.000,0.000,0.000,0.000,0.000,0.000,0.000,0.000,0.000,0.000,0.213,0.093,0.000,0.021,0.000,0.072,0.000,0.000,0.000,0.000,0.000,0.000,0.000
water.walk,0,0.001,201900,3.926,0.000,0.000,0.000,0.000,0.000,0.000,0.000,0.000,0.000,0.000,0.290,0.122,0.000,0.028,0.000,0.094,0.000,0.000,0.000,0.000,0.000,0.000,0.000
water.walk,0,0.000,266344,5.160,0.000,0.001,0.000,0.000,0.000,0.000,0.000,0.000,0.000,0.000,0.670,0.519,0.000,0.024,0.000,0.494,0.000,0.000,0.000,0.000,0.000,0.000,0.000
water.walk,0,0.001,244764,4.708,0.000,0.000,0.000,0.000,0.000,0.000,0.000,0.000,0.000,0.000,0.247,0.107,0.000,0.023,0.000,0.084,0.000,0.000,0.000,0.000,0.000,0.000,0.000
water.walk,0,0.001,202356,4.330,0.000,0.001,0.000,0.000,0.000,0.000,0.000,0.000,0.000,0.000,0.289,0.124,0.000,0.030,0.000,0.094,0.000,0.000,0.000,0.000,0.000,0.000,0.000
water.walk,0,0.001,202508,3.266,0.000,0.000,0.000,0.000,0.000,0.000,0.000,0.000,0.000,0.000,0.205,0.094,0.000,0.019,0.000,0.075,0.000,0.000,0.000,0.000,0.000,0.000,0.000
water.walk,0,0.001,266952,5.582,0.000,0.000,0.000,0.000,0.000,0.000,0.000,0.000,0.000,0.000,0.641,0.480,0.000,0.025,0.000,0.455,0.000,0.000,0.000,0.000,0.000,0.000,0.000
water.walk,0,0.001,245372,5.491,0.000,0.001,0.000,0.000,0.000,0.000,0.000,0.000,0.000,0.000,0.278,0.129,0.000,0.029,0.000,0.100,0.000,0.000,0.000,0.000,0.000,0.000,0.000
water.walk,0,0.001,203016,3.684,0.000,0.001,0.000,0.000,0.000,0.000,0.000,0.000,0.000,0.000,0.219,0.094,0.000,0.020,0.000,0.073,0.000,0.000,0.000,0.000,0.000,0.000,0.000
water.walk,0,0.001,203116,3.235,0.000,0.000,0.000,0.000,0.000,0.000,0.000,0.000,0.000,0.000,0.204,0.088,0.000,0.020,0.000,0.068,0.000,0.000,0.000,0.000,0.000,0.000,0.000
water.walk,0,0.000,203268,3.918,0.000,0.001,0.000,0.000,0.000,0.000,0.000,0.000,0.000,0.000,0.255,0.120,0.000,0.034,0.000,0.085,0.000,0.000,0.000,0.000,0.000,0.000,0.000
water.walk,0,0.001,267712,5.225,0.000,0.001,0.000,0.000,0.000,0.000,0.000,0.000,0.000,0.000,0.650,0.490,0.000,0.031,0.000,0.458,0.000,0.000,0.000,0.000,0.000,0.000,0.000
water.walk,0,0.001,246132,5.838,0.000,0.001,0.000,0.000,0.000,0.000,0.000,0.000,0.000,0.000,0.235,0.099,0.000,0.021,0.000,0.078,0.000,0.000,0.000,0.000,0.000,0.000,0.000
water.walk,0,0.001,203724,4.243,0.000,0.001,0.000,0.000,0.000,0.000,0.000,0.000,0.000,0.000,0.275,0.125,0.000,0.028,0.000,0.097,0.000,0.000,0.000,0.000,0.000,0.000,0.000
water.walk,0,0.001,209141,3.452,0.000,0.000,0.000,0.000,0.000,0.000,0.000,0.000,0.000,0.000,0.213,0.095,0.000,0.021,0.000,0.074,0.000,0.000,0.000,0.000,0.000,0.000,0.000
water.walk,0,0.001,274816,4.803,0.000,0.000,0.000,0.000,0.000,0.000,0.000,0.000,0.000,0.000,0.651,0.489,0.000,0.024,0.000,0.464,0.000,0.000,0.000,0.000,0.000,0.000,0.000
water.walk,0,0.001,247470,4.618,0.000,0.001,0.000,0.000,0.000,0.000,0.000,0.000,0.000,0.000,0.204,0.092,0.000,0.021,0.000,0.070,0.000,0.000,0.000,0.000,0.000,0.000,0.000
water.walk,0,0.000,216764,3.777,0.000,0.001,0.000,0.000,0.000,0.000,0.000,0.000,0.000,0.000,0.219,0.093,0.000,0.020,0.000,0.072,0.000,0.000,0.000,0.000,0.000,0.000,0.000
water.walk,0,0.001,210980,3.973,0.000,0.001,0.000,0.000,0.000,0.000,0.000,0.000,0.000,0.000,0.252,0.103,0.000,0.021,0.000,0.082,0.000,0.000,0.000,0.000,0.000,0.000,0.000
water.walk,0,0.001,322234,5.373,0.000,0.001,0.000,0.000,0.000,0.000,0.000,0.000,0.000,0.000,1.003,0.782,0.000,0.033,0.000,0.748,0.000,0.000,0.000,0.000,0.000,0.000,0.000
water.walk,0,0.001,457158,5.743,0.000,0.000,0.293,0.000,0.000,0.000,0.000,0.000,0.000,0.000,0.206,0.096,0.000,0.020,0.000,0.075,0.000,0.000,0.000,0.000,0.000,0.000,0.000
water.walk,0,0.001,205396,3.515,0.000,0.001,0.000,0.000,0.000,0.000,0.000,0.000,0.000,0.000,0.247,0.104,0.000,0.023,0.000,0.080,0.000,0.000,0.000,0.000,0.000,0.000,0.000
water.walk,0,0.001,205548,3.178,0.000,0.001,0.000,0.000,0.000,0.000,0.000,0.000,0.000,0.000,0.206,0.092,0.000,0.018,0.000,0.074,0.000,0.000,0.000,0.000,0.000,0.000,0.000
water.walk,0,0.001,269992,4.481,0.000,0.001,0.000,0.000,0.000,0.000,0.000,0.000,0.000,0.000,0.639,0.480,0.000,0.026,0.000,0.454,0.000,0.000,0.000,0.000,0.000,0.000,0.000
water.walk,0,0.001,248412,4.437,0.000,0.000,0.000,0.000,0.000,0.000,0.000,0.000,0.000,0.000,0.193,0.083,0.000,0.018,0.000,0.065,0.000,0.000,0.000,0.000,0.000,0.000,0.000
water.walk,0,0.001,380719,5.305,0.000,0.000,0.000,0.000,0.000,0.000,0.000,0.000,0.000,0.000,0.908,0.573,0.000,0.083,0.000,0.488,0.000,0.000,0.000,0.000,0.000,0.000,0.000
water.walk,0,0.000,206156,3.721,0.000,0.001,0.000,0.000,0.000,0.000,0.000,0.000,0.000,0.000,0.222,0.096,0.000,0.022,0.000,0.074,0.000,0.000,0.000,0.000,0.000,0.000,0.000
water.walk,0,0.001,206308,3.891,0.000,0.001,0.000,0.000,0.000,0.000,0.000,0.000,0.000,0.000,0.252,0.106,0.000,0.024,0.000,0.082,0.000,0.000,0.000,0.000,0.000,0.000,0.000
water.walk,0,0.001,270752,6.000,0.000,0.001,0.000,0.000,0.000,0.000,0.000,0.000,0.000,0.000,0.791,0.583,0.000,0.035,0.000,0.547,0.000,0.000,0.000,0.000,0.000,0.000,0.000
water.walk,0,0.002,249172,5.797,0.000,0.001,0.000,0.000,0.000,0.000,0.000,0.000,0.000,0.000,0.239,0.097,0.000,0.022,0.000,0.075,0.000,0.000,0.000,0.000,0.000,0.000,0.000
water.walk,0,0.001,206764,4.467,0.000,0.001,0.000,0.000,0.000,0.000,0.000,0.000,0.000,0.000,0.236,0.100,0.000,0.022,0.000,0.077,0.000,0.000,0.000,0.000,0.000,0.000,0.000
water.walk,0,0.001,271208,4.872,0.000,0.001,0.000,0.000,0.000,0.000,0.000,0.000,0.000,0.000,0.678,0.520,0.000,0.030,0.000,0.489,0.000,0.000,0.000,0.000,0.000,0.000,0.000
water.walk,0,0.001,249628,4.732,0.000,0.001,0.000,0.000,0.000,0.000,0.000,0.000,0.000,0.000,0.199,0.089,0.000,0.019,0.000,0.069,0.000,0.000,0.000,0.000,0.000,0.000,0.000
water.walk,0,0.001,207220,3.372,0.000,0.001,0.000,0.000,0.000,0.000,0.000,0.000,0.000,0.000,0.219,0.093,0.000,0.022,0.000,0.071,0.000,0.000,0.000,0.000,0.000,0.000,0.000
water.walk,0,0.001,207372,3.771,0.000,0.001,0.000,0.000,0.000,0.000,0.000,0.000,0.000,0.000,0.244,0.107,0.000,0.022,0.000,0.085,0.000,0.000,0.000,0.000,0.000,0.000,0.000
water.walk,0,0.001,207524,4.101,0.000,0.001,0.000,0.000,0.000,0.000,0.000,0.000,0.000,0.000,0.240,0.100,0.000,0.025,0.000,0.075,0.000,0.000,0.000,0.000,0.000,0.000,0.000
water.walk,0,0.001,271968,4.693,0.000,0.001,0.000,0.000,0.000,0.000,0.000,0.000,0.000,0.000,0.664,0.510,0.000,0.030,0.000,0.480,0.000,0.000,0.000,0.000,0.000,0.000,0.000
water.walk,0,0.001,250388,4.919,0.000,0.001,0.000,0.000,0.000,0.000,0.000,0.000,0.000,0.000,0.210,0.093,0.000,0.023,0.000,0.070,0.000,0.000,0.000,0.000,0.000,0.000,0.000
water.walk,0,0.001,207980,3.945,0.000,0.001,0.000,0.000,0.000,0.000,0.000,0.000,0.000,0.000,0.243,0.103,0.000,0.021,0.000,0.081,0.000,0.000,0.000,0.000,0.000,0.000,0.000
water.walk,0,0.001,208132,4.375,0.000,0.001,0.000,0.000,0.000,0.000,0.000,0.000,0.000,0.000,0.232,0.101,0.000,0.021,0.000,0.080,0.000,0.000,0.000,0.000,0.000,0.000,0.000
water.walk,0,0.001,286660,5.065,0.000,0.001,0.000,0.000,0.000,0.000,0.000,0.000,0.000,0.000,0.669,0.502,0.000,0.027,0.000,0.474,0.000,0.000,0.000,0.000,0.000,0.000,0.000
water.walk,0,0.000,250996,5.336,0.000,0.001,0.000,0.000,0.000,0.000,0.000,0.000,0.000,0.000,0.208,0.090,0.000,0.018,0.000,0.072,0.000,0.000,0.000,0.000,0.000,0.000,0.000
water.walk,0,0.001,208588,4.050,0.000,0.001,0.000,0.000,0.000,0.000,0.000,0.000,0.000,0.000,0.269,0.127,0.000,0.030,0.000,0.097,0.000,0.000,0.000,0.000,0.000,0.000,0.000
water.walk,0,0.001,208740,4.214,0.000,0.001,0.000,0.000,0.000,0.000,0.000,0.000,0.000,0.000,0.250,0.109,0.000,0.023,0.000,0.086,0.000,0.000,0.000,0.000,0.000,0.000,0.000
water.walk,0,0.001,273184,5.589,0.000,0.001,0.000,0.000,0.000,0.000,0.000,0.000,0.000,0.000,0.721,0.539,0.000,0.034,0.000,0.504,0.000,0.000,0.000,0.000,0.000,0.000,0.000
water.walk,0,0.001,251604,5.607,0.000,0.002,0.000,0.000,0.000,0.000,0.000,0.000,0.000,0.000,0.255,0.108,0.000,0.025,0.000,0.082,0.000,0.000,0.000,0.000,0.000,0.000,0.000
water.walk,0,0.001,214461,3.484,0.000,0.000,0.000,0.000,0.000,0.000,0.000,0.000,0.000,0.000,0.224,0.092,0.000,0.020,0.000,0.071,0.000,0.000,0.000,0.000,0.000,0.000,0.000
water.walk,0,0.001,209348,3.954,0.000,0.001,0.000,0.000,0.000,0.000,0.000,0.000,0.000,0.000,0.251,0.108,0.000,0.024,0.000,0.084,0.000,0.000,0.000,0.000,0.000,0.000,0.000
water.walk,0,0.001,209500,3.675,0.000,0.001,0.000,0.000,0.000,0.000,0.000,0.000,0.000,0.000,0.212,0.098,0.000,0.019,0.000,0.079,0.000,0.000,0.000,0.000,0.000,0.000,0.000
water.walk,0,0.001,273944,4.811,0.000,0.001,0.000,0.000,0.000,0.000,0.000,0.000,0.000,0.000,0.719,0.506,0.000,0.030,0.000,0.475,0.000,0.000,0.000,0.000,0.000,0.000,0.000
water.walk,0,0.001,252364,4.227,0.000,0.000,0.000,0.000,0.000,0.000,0.000,0.000,0.000,0.000,0.201,0.090,0.000,0.019,0.000,0.071,0.000,0.000,0.000,0.000,0.000,0.000,0.000
water.walk,0,0.001,384723,5.454,0.000,0.001,0.000,0.000,0.000,0.000,0.000,0.000,0.000,0.000,0.922,0.547,0.000,0.072,0.000,0.473,0.000,0.000,0.000,0.000,0.000,0.000,0.000
water.walk,0,0.001,210108,4.034,0.000,0.000,0.000,0.000,0.000,0.000,0.000,0.000,0.000,0.000,0.219,0.093,0.000,0.020,0.000,0.072,0.000,0.000,0.000,0.000,0.000,0.000,0.000
water.walk,0,0.001,274552,4.836,0.000,0.001,0.000,0.000,0.000,0.000,0.000,0.000,0.000,0.000,0.675,0.514,0.000,0.029,0.000,0.484,0.000,0.000,0.000,0.000,0.000,0.000,0.000
water.walk,0,0.001,252972,5.022,0.000,0.001,0.000,0.000,0.000,0.000,0.000,0.000,0.000,0.000,0.211,0.090,0.000,0.018,0.000,0.071,0.000,0.000,0.000,0.000,0.000,0.000,0.000
water.walk,0,0.001,210564,4.236,0.000,0.001,0.000,0.000,0.000,0.000,0.000,0.000,0.000,0.000,0.229,0.099,0.000,0.021,0.000,0.078,0.000,0.000,0.000,0.000,0.000,0.000,0.000
water.walk,0,0.001,210716,3.811,0.000,0.001,0.000,0.000,0.000,0.000,0.000,0.000,0.000,0.000,0.246,0.105,0.000,0.022,0.000,0.083,0.000,0.000,0.000,0.000,0.000,0.000,0.000
water.walk,0,0.000,275160,4.419,0.000,0.000,0.000,0.000,0.000,0.000,0.000,0.000,0.000,0.000,0.574,0.432,0.000,0.026,0.000,0.406,0.000,0.000,0.000,0.000,0.000,0.000,0.000
water.walk,0,0.001,253580,6.162,0.000,0.001,0.000,0.000,0.000,0.000,0.000,0.000,0.000,0.000,0.306,0.122,0.000,0.029,0.000,0.093,0.000,0.000,0.000,0.000,0.000,0.000,0.000
water.walk,0,0.001,211172,4.644,0.000,0.001,0.000,0.000,0.000,0.000,0.000,0.000,0.000,0.000,0.256,0.109,0.000,0.027,0.000,0.082,0.000,0.000,0.000,0.000,0.000,0.000,0.000
water.walk,0,0.001,211324,4.277,0.000,0.000,0.000,0.000,0.000,0.000,0.000,0.000,0.000,0.000,0.261,0.113,0.000,0.026,0.000,0.087,0.000,0.000,0.000,0.000,0.000,0.000,0.000
water.walk,0,0.001,275768,5.069,0.000,0.001,0.000,0.000,0.000,0.000,0.000,0.000,0.000,0.000,0.787,0.617,0.000,0.030,0.000,0.586,0.000,0.000,0.000,0.000,0.000,0.000,0.000
water.walk,0,0.001,254188,5.150,0.000,0.001,0.000,0.000,0.000,0.000,0.000,0.000,0.000,0.000,0.204,0.091,0.000,0.019,0.000,0.072,0.000,0.000,0.000,0.000,0.000,0.000,0.000
water.walk,0,0.001,211780,3.293,0.000,0.001,0.000,0.000,0.000,0.000,0.000,0.000,0.000,0.000,0.226,0.091,0.000,0.020,0.000,0.071,0.000,0.000,0.000,0.000,0.000,0.000,0.000
water.walk,0,0.000,211932,3.370,0.000,0.000,0.000,0.000,0.000,0.000,0.000,0.000,0.000,0.000,0.199,0.087,0.000,0.017,0.000,0.070,0.000,0.000,0.000,0.000,0.000,0.000,0.000
water.walk,0,0.005,276376,5.184,0.000,0.001,0.000,0.000,0.000,0.000,0.000,0.000,0.000,0.000,0.722,0.553,0.000,0.032,0.000,0.521,0.000,0.000,0.000,0.000,0.000,0.000,0.000
water.walk,0,0.001,254796,5.517,0.000,0.001,0.000,0.000,0.000,0.000,0.000,0.000,0.000,0.000,0.211,0.091,0.000,0.020,0.000,0.071,0.000,0.000,0.000,0.000,0.000,0.000,0.000
water.walk,0,0.001,212388,3.528,0.000,0.001,0.000,0.000,0.000,0.000,0.000,0.000,0.000,0.000,0.246,0.109,0.000,0.026,0.000,0.083,0.000,0.000,0.000,0.000,0.000,0.000,0.000
water.walk,0,0.000,212540,3.423,0.000,0.001,0.000,0.000,0.000,0.000,0.000,0.000,0.000,0.000,0.194,0.085,0.000,0.017,0.000,0.067,0.000,0.000,0.000,0.000,0.000,0.000,0.000
water.walk,0,0.000,212692,3.421,0.000,0.001,0.000,0.000,0.000,0.000,0.000,0.000,0.000,0.000,0.205,0.083,0.000,0.018,0.000,0.065,0.000,0.000,0.000,0.000,0.000,0.000,0.000
water.walk,0,0.001,330442,5.867,0.000,0.000,0.000,0.000,0.000,0.000,0.000,0.000,0.000,0.000,0.923,0.706,0.000,0.029,0.000,0.677,0.000,0.000,0.000,0.000,0.000,0.000,0.000
water.walk,0,0.001,489990,5.378,0.000,0.000,0.272,0.000,0.000,0.000,0.000,0.000,0.000,0.000,0.208,0.093,0.000,0.018,0.000,0.075,0.000,0.000,0.000,0.000,0.000,0.000,0.000
water.walk,0,0.001,213604,3.853,0.000,0.001,0.000,0.000,0.000,0.000,0.000,0.000,0.000,0.000,0.229,0.094,0.000,0.023,0.000,0.071,0.000,0.000,0.000,0.000,0.000,0.000,0.000
water.walk,0,0.001,213756,4.003,0.000,0.001,0.000,0.000,0.000,0.000,0.000,0.000,0.000,0.000,0.212,0.093,0.000,0.018,0.000,0.074,0.000,0.000,0.000,0.000,0.000,0.000,0.000
water.walk,0,0.001,278200,4.749,0.000,0.001,0.000,0.000,0.000,0.000,0.000,0.000,0.000,0.000,0.660,0.500,0.000,0.029,0.000,0.470,0.000,0.000,0.000,0.000,0.000,0.000,0.000
water.walk,0,0.001,256620,5.100,0.000,0.001,0.000,0.000,0.000,0.000,0.000,0.000,0.000,0.000,0.222,0.092,0.000,0.021,0.000,0.071,0.000,0.000,0.000,0.000,0.000,0.000,0.000
water.walk,0,0.001,214212,3.812,0.000,0.001,0.000,0.000,0.000,0.000,0.000,0.000,0.000,0.000,0.247,0.102,0.000,0.022,0.000,0.080,0.000,0.000,0.000,0.000,0.000,0.000,0.000
water.walk,0,0.001,214364,3.490,0.000,0.000,0.000,0.000,0.000,0.000,0.000,0.000,0.000,0.000,0.258,0.121,0.000,0.026,0.000,0.095,0.000,0.000,0.000,0.000,0.000,0.000,0.000
water.walk,0,0.001,453523,7.550,0.000,0.001,0.000,0.000,0.000,0.000,0.000,0.000,0.000,0.000,1.521,1.096,0.000,0.102,0.000,0.992,0.000,0.000,0.000,0.000,0.000,0.000,0.000
water.walk,0,0.001,262493,5.791,0.000,0.001,0.000,0.000,0.000,0.000,0.000,0.000,0.000,0.000,0.240,0.109,0.000,0.020,0.000,0.089,0.000,0.000,0.000,0.000,0.000,0.000,0.000
water.walk,0,0.001,214820,3.933,0.000,0.001,0.000,0.000,0.000,0.000,0.000,0.000,0.000,0.000,0.299,0.131,0.000,0.025,0.000,0.106,0.000,0.000,0.000,0.000,0.000,0.000,0.000
water.walk,0,0.001,214972,3.359,0.000,0.001,0.000,0.000,0.000,0.000,0.000,0.000,0.000,0.000,0.227,0.098,0.000,0.022,0.000,0.076,0.000,0.000,0.000,0.000,0.000,0.000,0.000
water.walk,0,0.001,279416,4.169,0.000,0.000,0.000,0.000,0.000,0.000,0.000,0.000,0.000,0.000,0.549,0.414,0.000,0.025,0.000,0.389,0.000,0.000,0.000,0.000,0.000,0.000,0.000
water.walk,0,0.001,257836,4.582,0.000,0.000,0.000,0.000,0.000,0.000,0.000,0.000,0.000,0.000,0.206,0.090,0.000,0.022,0.000,0.067,0.000,0.000,0.000,0.000,0.000,0.000,0.000
water.walk,0,0.001,215428,4.906,0.000,0.001,0.000,0.000,0.000,0.000,0.000,0.000,0.000,0.000,0.332,0.130,0.000,0.031,0.000,0.099,0.000,0.000,0.000,0.000,0.000,0.000,0.000
water.walk,0,0.000,215580,3.685,0.000,0.001,0.000,0.000,0.000,0.000,0.000,0.000,0.000,0.000,0.237,0.110,0.000,0.023,0.000,0.086,0.000,0.000,0.000,0.000,0.000,0.000,0.000
water.walk,0,0.000,280024,4.887,0.000,0.000,0.000,0.000,0.000,0.000,0.000,0.000,0.000,0.000,0.764,0.589,0.000,0.029,0.000,0.560,0.000,0.000,0.000,0.000,0.000,0.000,0.000
water.walk,0,0.001,258444,5.023,0.000,0.000,0.000,0.000,0.000,0.000,0.000,0.000,0.000,0.000,0.232,0.102,0.000,0.026,0.000,0.075,0.000,0.000,0.000,0.000,0.000,0.000,0.000
water.walk,0,0.005,216036,4.532,0.000,0.001,0.000,0.000,0.000,0.000,0.000,0.000,0.000,0.000,0.323,0.123,0.000,0.029,0.000,0.093,0.000,0.000,0.000,0.000,0.000,0.000,0.000
water.walk,0,0.001,216188,3.632,0.000,0.005,0.000,0.000,0.000,0.000,0.000,0.000,0.000,0.000,0.228,0.094,0.000,0.024,0.000,0.069,0.000,0.000,0.000,0.000,0.000,0.000,0.000
water.walk,0,0.001,216340,3.971,0.000,0.001,0.000,0.000,0.000,0.000,0.000,0.000,0.000,0.000,0.230,0.100,0.000,0.020,0.000,0.079,0.000,0.000,0.000,0.000,0.000,0.000,0.000
water.walk,0,0.001,280784,6.151,0.000,0.001,0.000,0.000,0.000,0.000,0.000,0.000,0.000,0.000,0.791,0.581,0.000,0.036,0.000,0.544,0.000,0.000,0.000,0.000,0.000,0.000,0.000
water.walk,0,0.001,259204,4.887,0.000,0.001,0.000,0.000,0.000,0.000,0.000,0.000,0.000,0.000,0.216,0.095,0.000,0.021,0.000,0.074,0.000,0.000,0.000,0.000,0.000,0.000,0.000
water.walk,0,0.001,216848,3.351,0.000,0.001,0.000,0.000,0.000,0.000,0.000,0.000,0.000,0.000,0.212,0.091,0.000,0.020,0.000,0.071,0.000,0.000,0.000,0.000,0.000,0.000,0.000
water.walk,0,0.000,216948,4.305,0.000,0.001,0.000,0.000,0.000,0.000,0.000,0.000,0.000,0.000,0.215,0.100,0.000,0.020,0.000,0.080,0.000,0.000,0.000,0.000,0.000,0.000,0.000
water.walk,0,0.001,281392,5.141,0.000,0.001,0.000,0.000,0.000,0.000,0.000,0.000,0.000,0.000,0.720,0.546,0.000,0.034,0.000,0.512,0.000,0.000,0.000,0.000,0.000,0.000,0.000
soil.edit,0,3.353,12283706,41.736,0.000,0.001,0.081,0.000,0.000,0.000,0.000,0.000,0.000,0.000,21.043,17.952,0.838,0.220,10.937,2.229,0.000,0.000,0.000,0.321,0.000,0.038,0.000
plant.place,0,93.095,35032349,104.784,5.503,2.602,0.045,0.000,0.000,0.000,21.535,21.571,31.711,16.259,62.302,52.572,2.676,0.672,38.539,2.087,0.939,4.046,0.414,1.549,0.000,0.176,0.000
soil.edit,1,1.611,1385800,8.581,2.539,2.541,0.000,0.000,0.000,0.000,0.000,0.000,0.000,0.000,2.493,0.859,0.092,0.130,0.079,0.645,0.355,1.872,0.268,0.163,0.000,0.018,0.000
plant.place,1,91.293,36039324,109.476,10.246,7.094,0.044,0.000,0.000,0.000,19.578,19.440,32.077,18.443,58.762,48.634,2.897,0.686,34.431,2.154,1.261,6.317,0.716,2.022,0.970,0.249,0.000
soil.edit,2,1.948,2052870,12.212,4.787,4.791,0.000,0.000,0.000,0.000,0.000,0.000,0.000,0.000,2.822,0.965,0.113,0.172,0.101,0.685,0.766,3.512,0.428,0.572,0.565,0.072,0.000
plant.place,2,85.042,36407182,100.765,9.171,6.780,0.035,0.000,0.000,0.000,18.041,19.122,31.321,15.125,55.461,46.512,2.584,0.694,34.239,1.755,1.315,6.692,0.809,2.109,1.268,0.235,0.000
soil.edit,3,1.938,2158234,11.442,4.134,4.144,0.000,0.000,0.000,0.000,0.000,0.000,0.000,0.000,2.890,0.987,0.109,0.156,0.102,0.723,0.598,3.103,0.377,0.564,0.669,0.062,0.000
plant.place,3,87.220,36558805,104.215,9.859,7.073,0.041,0.000,0.000,0.000,18.777,19.841,31.032,16.042,57.741,48.780,2.395,0.698,36.001,1.827,1.411,7.215,0.866,2.365,1.471,0.272,0.000
soil.edit,4,1.890,2351548,11.136,4.789,4.792,0.000,0.000,0.000,0.000,0.000,0.000,0.000,0.000,3.318,1.373,0.092,0.211,0.122,1.035,0.710,3.556,0.453,0.674,0.789,0.079,0.000
plant.place,4,90.884,36623675,106.685,9.821,7.550,0.049,0.000,0.000,0.000,19.547,20.783,30.518,18.309,58.180,49.569,2.557,0.750,35.556,1.893,1.371,7.193,0.815,2.368,1.443,0.266,0.000
soil.edit,5,2.124,2163102,11.662,4.739,4.742,0.000,0.000,0.000,0.000,0.000,0.000,0.000,0.000,2.955,0.978,0.138,0.160,0.113,0.699,0.722,3.521,0.431,0.628,0.741,0.072,0.000
plant.place,5,85.932,37237457,101.846,9.420,6.872,0.038,0.000,0.000,0.000,18.921,18.854,30.124,16.493,56.517,47.256,2.966,0.703,34.909,1.748,1.353,6.913,0.821,2.322,1.450,0.264,0.000
soil.edit,6,2.077,2801537,13.779,6.875,6.879,0.000,0.000,0.000,0.000,0.000,0.000,0.000,0.000,3.065,1.107,0.130,0.217,0.122,0.761,1.000,5.163,0.624,0.978,1.224,0.115,0.000
plant.place,6,85.735,37628273,105.955,14.424,11.731,0.041,0.000,0.000,0.000,18.071,19.464,30.965,15.758,57.079,47.704,2.725,0.781,35.243,1.850,1.994,10.730,1.170,3.090,2.700,0.352,0.000
soil.edit,7,2.344,4238600,21.503,13.832,13.840,0.000,0.000,0.000,0.000,0.000,0.000,0.000,0.000,3.653,1.367,0.154,0.319,0.145,0.896,1.705,10.803,1.170,2.029,2.799,0.242,0.000
plant.place,7,96.700,39592271,122.340,18.890,15.472,0.046,0.000,0.000,0.000,18.143,24.322,34.813,17.736,64.768,54.176,2.977,0.814,41.685,2.099,2.244,14.332,1.478,4.479,4.738,0.481,0.000
soil.edit,8,2.427,5949514,25.461,17.539,17.546,0.000,0.000,0.000,0.000,0.000,0.000,0.000,0.000,3.842,1.497,0.132,0.374,0.144,0.969,2.223,13.688,1.444,3.170,4.590,0.337,0.000
plant.place,8,150.870,41614565,197.665,38.142,33.099,0.035,0.000,0.000,0.000,18.905,35.805,59.395,34.163,99.164,84.039,3.481,1.236,55.538,2.893,4.789,28.621,3.258,8.375,10.642,1.047,0.000
soil.edit,9,2.969,6206611,39.233,27.183,27.190,0.042,0.000,0.000,0.000,0.000,0.000,0.000,0.000,5.058,1.995,0.216,0.593,0.157,1.235,3.442,21.097,2.424,5.159,8.148,0.646,0.000
plant.place,9,366.724,42658351,412.583,28.212,24.987,8.139,0.000,0.000,0.000,289.221,25.187,34.894,15.997,336.134,324.769,3.062,1.126,308.434,2.753,3.279,21.530,2.072,7.562,7.910,1.066,0.100
soil.edit,10,2.166,5595886,25.708,17.987,17.993,0.000,0.000,0.000,0.000,0.000,0.000,0.000,0.000,3.658,1.406,0.127,0.353,0.133,0.912,2.088,14.271,1.442,3.378,5.131,0.375,0.000
plant.place,10,90.692,41572646,122.781,22.473,19.295,2.194,0.000,0.000,0.000,19.738,19.694,32.790,16.973,60.543,50.514,2.705,0.843,36.508,1.949,2.563,17.491,1.597,5.971,6.722,0.670,0.056
soil.edit,11,1.707,4954400,20.295,14.399,14.404,0.000,0.000,0.000,0.000,0.000,0.000,0.000,0.000,2.938,1.101,0.119,0.284,0.079,0.733,1.884,11.256,1.084,2.729,4.168,0.317,0.000
plant.place,11,94.862,40761490,126.240,22.250,19.283,1.616,0.000,0.000,0.000,19.636,20.359,35.706,17.341,64.320,54.273,2.745,0.839,39.226,2.062,2.497,17.151,1.592,5.491,6.087,0.641,0.051
chest.open,12,52.709,11060458,100.821,0.000,0.001,0.000,43.273,1.603,0.016,0.000,0.000,0.000,0.000,0.628,0.409,0.000,0.062,0.000,0.345,0.000,0.000,0.000,0.000,0.000,0.000,0.000
chest.open,12,52.932,10994410,104.952,0.000,0.004,0.000,45.350,1.697,0.016,0.000,0.000,0.000,0.000,0.635,0.429,0.000,0.049,0.000,0.378,0.000,0.000,0.000,0.000,0.000,0.000,0.000
bed.place,12,83.460,27865002,91.822,0.000,0.001,0.000,0.000,0.000,0.000,22.071,20.818,37.172,0.039,63.966,57.842,2.992,0.672,43.462,2.319,0.000,0.000,0.000,0.000,0.000,0.000,0.000
water.walk,12,0.001,247388,6.230,0.000,0.001,0.000,0.000,0.000,0.000,0.000,0.000,0.000,0.000,0.466,0.206,0.000,0.036,0.000,0.169,0.000,0.000,0.000,0.000,0.000,0.000,0.000
water.walk,12,0.001,238681,4.249,0.000,0.000,0.000,0.000,0.000,0.000,0.000,0.000,0.000,0.000,0.217,0.095,0.000,0.021,0.000,0.073,0.000,0.000,0.000,0.000,0.000,0.000,0.000
water.walk,12,0.001,231918,3.752,0.000,0.000,0.000,0.000,0.000,0.000,0.000,0.000,0.000,0.000,0.244,0.114,0.000,0.027,0.000,0.086,0.000,0.000,0.000,0.000,0.000,0.000,0.000
water.walk,12,0.003,232070,5.605,0.000,0.000,0.000,0.000,0.000,0.000,0.000,0.000,0.000,0.000,0.332,0.133,0.000,0.037,0.000,0.092,0.000,0.000,0.000,0.000,0.000,0.000,0.000
water.walk,12,0.001,3417875,17.148,0.000,0.001,0.000,0.000,0.000,0.000,0.000,0.000,0.000,0.000,2.127,1.472,0.000,0.168,0.000,1.298,0.000,0.000,0.000,0.000,0.000,0.000,0.000
water.walk,12,0.001,348666,6.781,0.000,0.000,0.000,0.000,0.000,0.000,0.000,0.000,0.000,0.000,0.563,0.424,0.000,0.027,0.000,0.397,0.000,0.000,0.000,0.000,0.000,0.000,0.000
water.walk,12,0.001,275054,5.663,0.000,0.001,0.000,0.000,0.000,0.000,0.000,0.000,0.000,0.000,0.354,0.142,0.000,0.033,0.000,0.108,0.000,0.000,0.000,0.000,0.000,0.000,0.000
water.walk,12,0.006,232646,4.556,0.000,0.001,0.000,0.000,0.000,0.000,0.000,0.000,0.000,0.000,0.243,0.112,0.000,0.028,0.000,0.083,0.000,0.000,0.000,0.000,0.000,0.000,0.000
water.walk,12,0.001,232798,4.198,0.000,0.000,0.000,0.000,0.000,0.000,0.000,0.000,0.000,0.000,0.248,0.109,0.000,0.027,0.000,0.082,0.000,0.000,0.000,0.000,0.000,0.000,0.000
water.walk,12,0.001,297242,5.847,0.000,0.001,0.000,0.000,0.000,0.000,0.000,0.000,0.000,0.000,0.688,0.519,0.000,0.033,0.000,0.484,0.000,0.000,0.000,0.000,0.000,0.000,0.000
water.walk,12,0.001,275662,6.058,0.000,0.001,0.000,0.000,0.000,0.000,0.000,0.000,0.000,0.000,0.244,0.102,0.000,0.023,0.000,0.078,0.000,0.000,0.000,0.000,0.000,0.000,0.000
water.walk,12,0.001,233254,4.021,0.000,0.000,0.000,0.000,0.000,0.000,0.000,0.000,0.000,0.000,0.212,0.094,0.000,0.021,0.000,0.073,0.000,0.000,0.000,0.000,0.000,0.000,0.000
water.walk,12,0.006,297698,6.697,0.000,0.006,0.000,0.000,0.000,0.000,0.000,0.000,0.000,0.000,0.879,0.647,0.000,0.037,0.000,0.609,0.000,0.000,0.000,0.000,0.000,0.000,0.000
water.walk,12,0.001,276118,5.418,0.000,0.004,0.000,0.000,0.000,0.000,0.000,0.000,0.000,0.000,0.241,0.104,0.000,0.026,0.000,0.077,0.000,0.000,0.000,0.000,0.000,0.000,0.000
water.walk,12,0.000,233710,3.031,0.000,0.000,0.000,0.000,0.000,0.000,0.000,0.000,0.000,0.000,0.176,0.078,0.000,0.018,0.000,0.060,0.000,0.000,0.000,0.000,0.000,0.000,0.000
water.walk,12,0.001,233862,4.647,0.000,0.001,0.000,0.000,0.000,0.000,0.000,0.000,0.000,0.000,0.304,0.136,0.000,0.028,0.000,0.107,0.000,0.000,0.000,0.000,0.000,0.000,0.000
water.walk,12,0.001,298306,5.771,0.000,0.001,0.000,0.000,0.000,0.000,0.000,0.000,0.000,0.000,0.786,0.590,0.000,0.034,0.000,0.555,0.000,0.000,0.000,0.000,0.000,0.000,0.000
water.walk,12,0.001,276726,5.017,0.000,0.001,0.000,0.000,0.000,0.000,0.000,0.000,0.000,0.000,0.198,0.084,0.000,0.018,0.000,0.067,0.000,0.000,0.000,0.000,0.000,0.000,0.000
water.walk,12,0.001,234318,3.886,0.000,0.001,0.000,0.000,0.000,0.000,0.000,0.000,0.000,0.000,0.227,0.095,0.000,0.020,0.000,0.074,0.000,0.000,0.000,0.000,0.000,0.000,0.000
water.walk,12,0.000,234470,3.460,0.000,0.000,0.000,0.000,0.000,0.000,0.000,0.000,0.000,0.000,0.199,0.086,0.000,0.019,0.000,0.067,0.000,0.000,0.000,0.000,0.000,0.000,0.000
water.walk,12,0.003,298914,5.994,0.000,0.001,0.000,0.000,0.000,0.000,0.000,0.000,0.000,0.000,0.726,0.558,0.000,0.032,0.000,0.524,0.000,0.000,0.000,0.000,0.000,0.000,0.000
water.walk,12,0.001,277334,5.390,0.000,0.001,0.000,0.000,0.000,0.000,0.000,0.000,0.000,0.000,0.210,0.095,0.000,0.020,0.000,0.074,0.000,0.000,0.000,0.000,0.000,0.000,0.000
water.walk,12,0.001,234926,4.651,0.000,0.001,0.000,0.000,0.000,0.000,0.000,0.000,0.000,0.000,0.236,0.106,0.000,0.025,0.000,0.080,0.000,0.000,0.000,0.000,0.000,0.000,0.000
water.walk,12,0.001,235078,4.006,0.000,0.001,0.000,0.000,0.000,0.000,0.000,0.000,0.000,0.000,0.260,0.111,0.000,0.028,0.000,0.083,0.000,0.000,0.000,0.000,0.000,0.000,0.000
water.walk,12,0.002,352828,5.636,0.000,0.001,0.000,0.000,0.000,0.000,0.000,0.000,0.000,0.000,0.872,0.657,0.000,0.030,0.000,0.626,0.000,0.000,0.000,0.000,0.000,0.000,0.000
water.walk,12,0.001,1111197,10.630,0.000,0.001,2.879,0.000,0.000,0.000,0.000,0.000,0.000,0.000,0.853,0.521,0.000,0.067,0.000,0.452,0.000,0.000,0.000,0.611,0.000,0.069,0.062
water.walk,12,0.001,255790,4.795,0.000,0.001,0.000,0.000,0.000,0.000,0.000,0.000,0.000,0.000,0.247,0.104,0.000,0.024,0.000,0.080,0.000,0.000,0.000,0.000,0.000,0.000,0.000
water.walk,12,0.001,307349,5.840,0.000,0.001,0.000,0.000,0.000,0.000,0.000,0.000,0.000,0.000,0.665,0.500,0.000,0.029,0.000,0.470,0.000,0.000,0.000,0.000,0.000,0.000,0.000
water.walk,12,0.001,278854,5.513,0.000,0.001,0.000,0.000,0.000,0.000,0.000,0.000,0.000,0.000,0.288,0.110,0.000,0.025,0.000,0.084,0.000,0.000,0.000,0.000,0.000,0.000,0.000
water.walk,12,0.001,236498,3.811,0.000,0.000,0.000,0.000,0.000,0.000,0.000,0.000,0.000,0.000,0.215,0.094,0.000,0.020,0.000,0.073,0.000,0.000,0.000,0.000,0.000,0.000,0.000
water.walk,12,0.001,236598,4.697,0.000,0.001,0.000,0.000,0.000,0.000,0.000,0.000,0.000,0.000,0.219,0.096,0.000,0.021,0.000,0.074,0.000,0.000,0.000,0.000,0.000,0.000,0.000
water.walk,12,0.001,301042,4.404,0.000,0.000,0.000,0.000,0.000,0.000,0.000,0.000,0.000,0.000,0.565,0.418,0.000,0.024,0.000,0.393,0.000,0.000,0.000,0.000,0.000,0.000,0.000
water.walk,12,0.001,279414,6.256,0.000,0.001,0.000,0.000,0.000,0.000,0.000,0.000,0.000,0.000,0.311,0.128,0.000,0.030,0.000,0.098,0.000,0.000,0.000,0.000,0.000,0.000,0.000
water.walk,12,0.001,237390,3.811,0.000,0.001,0.000,0.000,0.000,0.000,0.000,0.000,0.000,0.000,0.250,0.114,0.000,0.024,0.000,0.090,0.000,0.000,0.000,0.000,0.000,0.000,0.000
water.walk,12,0.000,237158,3.857,0.000,0.001,0.000,0.000,0.000,0.000,0.000,0.000,0.000,0.000,0.208,0.095,0.000,0.021,0.000,0.073,0.000,0.000,0.000,0.000,0.000,0.000,0.000
water.walk,12,0.002,301602,5.183,0.000,0.000,0.000,0.000,0.000,0.000,0.000,0.000,0.000,0.000,0.817,0.629,0.000,0.030,0.000,0.598,0.000,0.000,0.000,0.000,0.000,0.000,0.000
water.walk,12,0.001,280022,4.931,0.000,0.001,0.000,0.000,0.000,0.000,0.000,0.000,0.000,0.000,0.194,0.086,0.000,0.017,0.000,0.068,0.000,0.000,0.000,0.000,0.000,0.000,0.000
water.walk,12,0.001,237614,4.152,0.000,0.001,0.000,0.000,0.000,0.000,0.000,0.000,0.000,0.000,0.238,0.104,0.000,0.023,0.000,0.080,0.000,0.000,0.000,0.000,0.000,0.000,0.000
water.walk,12,0.001,237766,4.468,0.000,0.001,0.000,0.000,0.000,0.000,0.000,0.000,0.000,0.000,0.254,0.114,0.000,0.024,0.000,0.090,0.000,0.000,0.000,0.000,0.000,0.000,0.000
water.walk,12,0.001,302210,5.183,0.000,0.001,0.000,0.000,0.000,0.000,0.000,0.000,0.000,0.000,0.666,0.502,0.000,0.031,0.000,0.470,0.000,0.000,0.000,0.000,0.000,0.000,0.000
water.walk,12,0.001,280630,5.086,0.000,0.001,0.000,0.000,0.000,0.000,0.000,0.000,0.000,0.000,0.216,0.090,0.000,0.021,0.000,0.068,0.000,0.000,0.000,0.000,0.000,0.000,0.000
water.walk,12,0.000,238222,4.014,0.000,0.001,0.000,0.000,0.000,0.000,0.000,0.000,0.000,0.000,0.217,0.097,0.000,0.022,0.000,0.075,0.000,0.000,0.000,0.000,0.000,0.000,0.000
water.walk,12,0.001,238374,3.897,0.000,0.001,0.000,0.000,0.000,0.000,0.000,0.000,0.000,0.000,0.231,0.104,0.000,0.022,0.000,0.081,0.000,0.000,0.000,0.000,0.000,0.000,0.000
water.walk,12,0.001,302818,4.998,0.000,0.001,0.000,0.000,0.000,0.000,0.000,0.000,0.000,0.000,0.642,0.485,0.000,0.029,0.000,0.455,0.000,0.000,0.000,0.000,0.000,0.000,0.000
water.walk,12,0.000,281238,5.372,0.000,0.001,0.000,0.000,0.000,0.000,0.000,0.000,0.000,0.000,0.207,0.090,0.000,0.022,0.000,0.068,0.000,0.000,0.000,0.000,0.000,0.000,0.000
water.walk,12,0.001,238830,4.200,0.000,0.001,0.000,0.000,0.000,0.000,0.000,0.000,0.000,0.000,0.257,0.112,0.000,0.025,0.000,0.086,0.000,0.000,0.000,0.000,0.000,0.000,0.000
water.walk,12,0.001,238982,3.355,0.000,0.000,0.000,0.000,0.000,0.000,0.000,0.000,0.000,0.000,0.216,0.094,0.000,0.019,0.000,0.074,0.000,0.000,0.000,0.000,0.000,0.000,0.000
water.walk,12,0.001,303426,4.824,0.000,0.000,0.000,0.000,0.000,0.000,0.000,0.000,0.000,0.000,0.792,0.589,0.000,0.026,0.000,0.563,0.000,0.000,0.000,0.000,0.000,0.000,0.000
water.walk,12,0.001,281846,4.580,0.000,0.000,0.000,0.000,0.000,0.000,0.000,0.000,0.000,0.000,0.229,0.109,0.000,0.021,0.000,0.088,0.000,0.000,0.000,0.000,0.000,0.000,0.000
water.walk,12,0.001,414153,5.601,0.000,0.001,0.000,0.000,0.000,0.000,0.000,0.000,0.000,0.000,0.873,0.510,0.000,0.070,0.000,0.437,0.000,0.000,0.000,0.000,0.000,0.000,0.000
water.walk,12,0.001,239590,3.771,0.000,0.000,0.000,0.000,0.000,0.000,0.000,0.000,0.000,0.000,0.245,0.105,0.000,0.024,0.000,0.081,0.000,0.000,0.000,0.000,0.000,0.000,0.000
water.walk,12,0.001,304034,5.478,0.000,0.000,0.000,0.000,0.000,0.000,0.000,0.000,0.000,0.000,0.648,0.488,0.000,0.027,0.000,0.461,0.000,0.000,0.000,0.000,0.000,0.000,0.000
water.walk,12,0.001,282454,5.618,0.000,0.001,0.000,0.000,0.000,0.000,0.000,0.000,0.000,0.000,0.251,0.099,0.000,0.024,0.000,0.074,0.000,0.000,0.000,0.000,0.000,0.000,0.000
water.walk,12,0.001,240046,4.175,0.000,0.000,0.000,0.000,0.000,0.000,0.000,0.000,0.000,0.000,0.239,0.103,0.000,0.026,0.000,0.076,0.000,0.000,0.000,0.000,0.000,0.000,0.000
water.walk,12,0.001,240198,4.143,0.000,0.001,0.000,0.000,0.000,0.000,0.000,0.000,0.000,0.000,0.212,0.092,0.000,0.021,0.000,0.071,0.000,0.000,0.000,0.000,0.000,0.000,0.000
water.walk,12,0.001,304642,4.735,0.000,0.001,0.000,0.000,0.000,0.000,0.000,0.000,0.000,0.000,0.676,0.519,0.000,0.029,0.000,0.489,0.000,0.000,0.000,0.000,0.000,0.000,0.000
water.walk,12,0.000,283062,4.878,0.000,0.001,0.000,0.000,0.000,0.000,0.000,0.000,0.000,0.000,0.211,0.094,0.000,0.018,0.000,0.076,0.000,0.000,0.000,0.000,0.000,0.000,0.000
water.walk,12,0.001,260450,4.651,0.000,0.001,0.000,0.000,0.000,0.000,0.000,0.000,0.000,0.000,0.233,0.101,0.000,0.024,0.000,0.077,0.000,0.000,0.000,0.000,0.000,0.000,0.000
water.walk,12,0.001,247721,4.920,0.000,0.001,0.000,0.000,0.000,0.000,0.000,0.000,0.000,0.000,0.255,0.112,0.000,0.026,0.000,0.086,0.000,0.000,0.000,0.000,0.000,0.000,0.000
water.walk,12,0.001,305250,5.779,0.000,0.001,0.000,0.000,0.000,0.000,0.000,0.000,0.000,0.000,0.689,0.518,0.000,0.032,0.000,0.485,0.000,0.000,0.000,0.000,0.000,0.000,0.000
water.walk,12,0.001,297754,5.027,0.000,0.000,0.000,0.000,0.000,0.000,0.000,0.000,0.000,0.000,0.237,0.105,0.000,0.025,0.000,0.080,0.000,0.000,0.000,0.000,0.000,0.000,0.000
water.walk,12,0.001,241262,3.270,0.000,0.000,0.000,0.000,0.000,0.000,0.000,0.000,0.000,0.000,0.208,0.088,0.000,0.020,0.000,0.068,0.000,0.000,0.000,0.000,0.000,0.000,0.000
water.walk,12,0.001,241414,4.192,0.000,0.000,0.000,0.000,0.000,0.000,0.000,0.000,0.000,0.000,0.309,0.137,0.000,0.033,0.000,0.104,0.000,0.000,0.000,0.000,0.000,0.000,0.000
water.walk,12,0.000,241566,3.414,0.000,0.001,0.000,0.000,0.000,0.000,0.000,0.000,0.000,0.000,0.207,0.089,0.000,0.020,0.000,0.069,0.000,0.000,0.000,0.000,0.000,0.000,0.000
water.walk,12,0.001,306010,5.316,0.000,0.001,0.000,0.000,0.000,0.000,0.000,0.000,0.000,0.000,0.731,0.559,0.000,0.033,0.000,0.526,0.000,0.000,0.000,0.000,0.000,0.000,0.000
water.walk,12,0.001,284430,5.419,0.000,0.001,0.000,0.000,0.000,0.000,0.000,0.000,0.000,0.000,0.213,0.097,0.000,0.020,0.000,0.077,0.000,0.000,0.000,0.000,0.000,0.000,0.000
water.walk,12,0.001,242022,3.834,0.000,0.001,0.000,0.000,0.000,0.000,0.000,0.000,0.000,0.000,0.233,0.098,0.000,0.024,0.000,0.074,0.000,0.000,0.000,0.000,0.000,0.000,0.000
water.walk,12,0.000,242174,3.468,0.000,0.001,0.000,0.000,0.000,0.000,0.000,0.000,0.000,0.000,0.209,0.093,0.000,0.020,0.000,0.073,0.000,0.000,0.000,0.000,0.000,0.000,0.000
water.walk,12,0.001,306618,5.641,0.000,0.000,0.000,0.000,0.000,0.000,0.000,0.000,0.000,0.000,0.649,0.491,0.000,0.026,0.000,0.464,0.000,0.000,0.000,0.000,0.000,0.000,0.000
water.walk,12,0.001,285038,4.598,0.000,0.000,0.000,0.000,0.000,0.000,0.000,0.000,0.000,0.000,0.220,0.093,0.000,0.021,0.000,0.072,0.000,0.000,0.000,0.000,0.000,0.000,0.000
water.walk,12,0.000,242630,2.851,0.000,0.001,0.000,0.000,0.000,0.000,0.000,0.000,0.000,0.000,0.184,0.084,0.000,0.018,0.000,0.066,0.000,0.000,0.000,0.000,0.000,0.000,0.000
water.walk,12,0.002,242834,4.229,0.000,0.000,0.000,0.000,0.000,0.000,0.000,0.000,0.000,0.000,0.286,0.127,0.000,0.032,0.000,0.095,0.000,0.000,0.000,0.000,0.000,0.000,0.000
water.walk,12,0.001,360532,5.571,0.000,0.001,0.000,0.000,0.000,0.000,0.000,0.000,0.000,0.000,0.932,0.704,0.000,0.030,0.000,0.674,0.000,0.000,0.000,0.000,0.000,0.000,0.000
water.walk,12,0.001,967522,8.025,0.000,0.000,2.485,0.000,0.000,0.000,0.000,0.000,0.000,0.000,0.206,0.096,0.000,0.019,0.000,0.076,0.000,0.000,0.000,0.584,0.000,0.065,0.058
water.walk,12,0.001,418409,5.014,0.000,0.001,0.000,0.000,0.000,0.000,0.000,0.000,0.000,0.000,0.847,0.518,0.000,0.065,0.000,0.451,0.000,0.000,0.000,0.000,0.000,0.000,0.000
water.walk,12,0.002,243846,3.551,0.000,0.001,0.000,0.000,0.000,0.000,0.000,0.000,0.000,0.000,0.195,0.086,0.000,0.021,0.000,0.065,0.000,0.000,0.000,0.000,0.000,0.000,0.000
water.walk,12,0.002,308290,3.930,0.000,0.000,0.000,0.000,0.000,0.000,0.000,0.000,0.000,0.000,0.552,0.422,0.000,0.023,0.000,0.399,0.000,0.000,0.000,0.000,0.000,0.000,0.000
water.walk,12,0.001,286710,4.449,0.000,0.000,0.000,0.000,0.000,0.000,0.000,0.000,0.000,0.000,0.184,0.087,0.000,0.018,0.000,0.069,0.000,0.000,0.000,0.000,0.000,0.000,0.000
water.walk,12,0.001,244302,4.051,0.000,0.001,0.000,0.000,0.000,0.000,0.000,0.000,0.000,0.000,0.289,0.110,0.000,0.024,0.000,0.085,0.000,0.000,0.000,0.000,0.000,0.000,0.000
water.walk,12,0.001,244454,3.973,0.000,0.002,0.000,0.000,0.000,0.000,0.000,0.000,0.000,0.000,0.211,0.097,0.000,0.019,0.000,0.077,0.000,0.000,0.000,0.000,0.000,0.000,0.000
water.walk,12,0.001,308898,5.366,0.000,0.000,0.000,0.000,0.000,0.000,0.000,0.000,0.000,0.000,0.808,0.627,0.000,0.032,0.000,0.594,0.000,0.000,0.000,0.000,0.000,0.000,0.000
water.walk,12,0.001,287318,5.403,0.000,0.001,0.000,0.000,0.000,0.000,0.000,0.000,0.000,0.000,0.260,0.113,0.000,0.021,0.000,0.092,0.000,0.000,0.000,0.000,0.000,0.000,0.000
water.walk,12,0.000,244910,4.319,0.000,0.000,0.000,0.000,0.000,0.000,0.000,0.000,0.000,0.000,0.217,0.098,0.000,0.019,0.000,0.079,0.000,0.000,0.000,0.000,0.000,0.000,0.000
water.walk,12,0.001,245062,4.215,0.000,0.001,0.000,0.000,0.000,0.000,0.000,0.000,0.000,0.000,0.250,0.112,0.000,0.023,0.000,0.088,0.000,0.000,0.000,0.000,0.000,0.000,0.000
water.walk,12,0.001,309506,5.197,0.000,0.001,0.000,0.000,0.000,0.000,0.000,0.000,0.000,0.000,0.685,0.526,0.000,0.029,0.000,0.496,0.000,0.000,0.000,0.000,0.000,0.000,0.000
water.walk,12,0.001,287926,5.350,0.000,0.001,0.000,0.000,0.000,0.000,0.000,0.000,0.000,0.000,0.205,0.091,0.000,0.019,0.000,0.072,0.000,0.000,0.000,0.000,0.000,0.000,0.000
water.walk,12,0.001,245518,4.063,0.000,0.001,0.000,0.000,0.000,0.000,0.000,0.000,0.000,0.000,0.244,0.103,0.000,0.024,0.000,0.078,0.000,0.000,0.000,0.000,0.000,0.000,0.000
water.walk,12,0.001,245670,3.277,0.000,0.000,0.000,0.000,0.000,0.000,0.000,0.000,0.000,0.000,0.217,0.094,0.000,0.020,0.000,0.074,0.000,0.000,0.000,0.000,0.000,0.000,0.000
water.walk,12,0.001,245822,3.619,0.000,0.000,0.000,0.000,0.000,0.000,0.000,0.000,0.000,0.000,0.227,0.103,0.000,0.023,0.000,0.079,0.000,0.000,0.000,0.000,0.000,0.000,0.000
water.walk,12,0.001,330062,6.289,0.000,0.001,0.000,0.000,0.000,0.000,0.000,0.000,0.000,0.000,0.650,0.488,0.000,0.029,0.000,0.459,0.000,0.000,0.000,0.000,0.000,0.000,0.000
water.walk,12,0.001,295601,6.106,0.000,0.001,0.000,0.000,0.000,0.000,0.000,0.000,0.000,0.000,0.262,0.114,0.000,0.024,0.000,0.090,0.000,0.000,0.000,0.000,0.000,0.000,0.000
water.walk,12,0.001,246278,4.127,0.000,0.001,0.000,0.000,0.000,0.000,0.000,0.000,0.000,0.000,0.285,0.128,0.000,0.025,0.000,0.103,0.000,0.000,0.000,0.000,0.000,0.000,0.000
water.walk,12,0.001,310722,4.725,0.000,0.000,0.000,0.000,0.000,0.000,0.000,0.000,0.000,0.000,0.561,0.421,0.000,0.023,0.000,0.397,0.000,0.000,0.000,0.000,0.000,0.000,0.000
water.walk,12,0.001,289142,5.835,0.000,0.001,0.000,0.000,0.000,0.000,0.000,0.000,0.000,0.000,0.308,0.122,0.000,0.033,0.000,0.088,0.000,0.000,0.000,0.000,0.000,0.000,0.000
water.walk,12,0.001,246734,3.903,0.000,0.001,0.000,0.000,0.000,0.000,0.000,0.000,0.000,0.000,0.241,0.102,0.000,0.023,0.000,0.079,0.000,0.000,0.000,0.000,0.000,0.000,0.000
water.walk,12,0.001,246886,4.108,0.000,0.001,0.000,0.000,0.000,0.000,0.000,0.000,0.000,0.000,0.234,0.099,0.000,0.022,0.000,0.076,0.000,0.000,0.000,0.000,0.000,0.000,0.000
water.walk,12,0.001,311330,5.060,0.000,0.001,0.000,0.000,0.000,0.000,0.000,0.000,0.000,0.000,0.701,0.543,0.000,0.034,0.000,0.508,0.000,0.000,0.000,0.000,0.000,0.000,0.000
water.walk,12,0.001,289750,5.330,0.000,0.000,0.000,0.000,0.000,0.000,0.000,0.000,0.000,0.000,0.196,0.084,0.000,0.017,0.000,0.067,0.000,0.000,0.000,0.000,0.000,0.000,0.000
water.walk,12,0.001,247342,4.371,0.000,0.001,0.000,0.000,0.000,0.000,0.000,0.000,0.000,0.000,0.260,0.115,0.000,0.027,0.000,0.087,0.000,0.000,0.000,0.000,0.000,0.000,0.000
water.walk,12,0.001,247494,4.593,0.000,0.001,0.000,0.000,0.000,0.000,0.000,0.000,0.000,0.000,0.225,0.101,0.000,0.023,0.000,0.078,0.000,0.000,0.000,0.000,0.000,0.000,0.000
water.walk,12,0.001,486653,6.479,0.000,0.000,0.000,0.000,0.000,0.000,0.000,0.000,0.000,0.000,1.280,0.922,0.000,0.084,0.000,0.835,0.000,0.000,0.000,0.000,0.000,0.000,0.000
water.walk,12,0.001,290358,5.948,0.000,0.001,0.000,0.000,0.000,0.000,0.000,0.000,0.000,0.000,0.242,0.107,0.000,0.022,0.000,0.085,0.000,0.000,0.000,0.000,0.000,0.000,0.000
water.walk,12,0.001,247950,3.959,0.000,0.000,0.000,0.000,0.000,0.000,0.000,0.000,0.000,0.000,0.260,0.113,0.000,0.025,0.000,0.088,0.000,0.000,0.000,0.000,0.000,0.000,0.000
water.walk,12,0.001,248102,3.528,0.000,0.001,0.000,0.000,0.000,0.000,0.000,0.000,0.000,0.000,0.205,0.083,0.000,0.019,0.000,0.064,0.000,0.000,0.000,0.000,0.000,0.000,0.000
water.walk,12,0.001,312546,5.047,0.000,0.001,0.000,0.000,0.000,0.000,0.000,0.000,0.000,0.000,0.675,0.509,0.000,0.030,0.000,0.478,0.000,0.000,0.000,0.000,0.000,0.000,0.000
water.walk,12,0.001,290966,5.747,0.000,0.001,0.000,0.000,0.000,0.000,0.000,0.000,0.000,0.000,0.246,0.104,0.000,0.022,0.000,0.081,0.000,0.000,0.000,0.000,0.000,0.000,0.000
water.walk,12,0.001,248558,3.746,0.000,0.001,0.000,0.000,0.000,0.000,0.000,0.000,0.000,0.000,0.229,0.098,0.000,0.022,0.000,0.075,0.000,0.000,0.000,0.000,0.000,0.000,0.000
water.walk,12,0.000,248710,3.265,0.000,0.001,0.000,0.000,0.000,0.000,0.000,0.000,0.000,0.000,0.210,0.094,0.000,0.021,0.000,0.073,0.000,0.000,0.000,0.000,0.000,0.000,0.000
water.walk,12,0.001,313154,4.681,0.000,0.001,0.000,0.000,0.000,0.000,0.000,0.000,0.000,0.000,0.639,0.491,0.000,0.026,0.000,0.465,0.000,0.000,0.000,0.000,0.000,0.000,0.000
water.walk,12,0.001,291574,5.299,0.000,0.001,0.000,0.000,0.000,0.000,0.000,0.000,0.000,0.000,0.215,0.092,0.000,0.020,0.000,0.072,0.000,0.000,0.000,0.000,0.000,0.000,0.000
water.walk,12,0.001,249166,3.557,0.000,0.000,0.000,0.000,0.000,0.000,0.000,0.000,0.000,0.000,0.237,0.099,0.000,0.024,0.000,0.075,0.000,0.000,0.000,0.000,0.000,0.000,0.000
water.walk,12,0.000,249318,3.555,0.000,0.001,0.000,0.000,0.000,0.000,0.000,0.000,0.000,0.000,0.206,0.090,0.000,0.019,0.000,0.070,0.000,0.000,0.000,0.000,0.000,0.000,0.000
water.walk,12,0.001,249522,3.595,0.000,0.001,0.000,0.000,0.000,0.000,0.000,0.000,0.000,0.000,0.203,0.090,0.000,0.019,0.000,0.070,0.000,0.000,0.000,0.000,0.000,0.000,0.000
water.walk,12,0.001,313914,4.794,0.000,0.000,0.000,0.000,0.000,0.000,0.000,0.000,0.000,0.000,0.569,0.429,0.000,0.026,0.000,0.402,0.000,0.000,0.000,0.000,0.000,0.000,0.000
water.walk,12,0.001,292334,5.411,0.000,0.001,0.000,0.000,0.000,0.000,0.000,0.000,0.000,0.000,0.223,0.100,0.000,0.022,0.000,0.077,0.000,0.000,0.000,0.000,0.000,0.000,0.000
water.walk,12,0.001,249926,3.649,0.000,0.003,0.000,0.000,0.000,0.000,0.000,0.000,0.000,0.000,0.221,0.100,0.000,0.019,0.000,0.080,0.000,0.000,0.000,0.000,0.000,0.000,0.000
water.walk,12,0.000,250078,3.522,0.000,0.000,0.000,0.000,0.000,0.000,0.000,0.000,0.000,0.000,0.222,0.103,0.000,0.018,0.000,0.084,0.000,0.000,0.000,0.000,0.000,0.000,0.000
water.walk,12,0.001,314522,5.607,0.000,0.000,0.000,0.000,0.000,0.000,0.000,0.000,0.000,0.000,0.683,0.488,0.000,0.028,0.000,0.459,0.000,0.000,0.000,0.000,0.000,0.000,0.000
water.walk,12,0.002,292942,5.298,0.000,0.001,0.000,0.000,0.000,0.000,0.000,0.000,0.000,0.000,0.218,0.093,0.000,0.021,0.000,0.071,0.000,0.000,0.000,0.000,0.000,0.000,0.000
water.walk,12,0.001,255799,4.250,0.000,0.000,0.000,0.000,0.000,0.000,0.000,0.000,0.000,0.000,0.250,0.113,0.000,0.025,0.000,0.087,0.000,0.000,0.000,0.000,0.000,0.000,0.000
water.walk,12,0.003,314978,5.977,0.000,0.001,0.000,0.000,0.000,0.000,0.000,0.000,0.000,0.000,0.701,0.524,0.000,0.034,0.000,0.489,0.000,0.000,0.000,0.000,0.000,0.000,0.000
water.walk,12,0.001,293398,5.916,0.000,0.001,0.000,0.000,0.000,0.000,0.000,0.000,0.000,0.000,0.249,0.114,0.000,0.023,0.000,0.091,0.000,0.000,0.000,0.000,0.000,0.000,0.000
water.walk,12,0.001,250990,3.772,0.000,0.001,0.000,0.000,0.000,0.000,0.000,0.000,0.000,0.000,0.254,0.106,0.000,0.023,0.000,0.082,0.000,0.000,0.000,0.000,0.000,0.000,0.000
water.walk,12,0.000,368740,4.745,0.000,0.001,0.000,0.000,0.000,0.000,0.000,0.000,0.000,0.000,0.832,0.638,0.000,0.024,0.000,0.614,0.000,0.000,0.000,0.000,0.000,0.000,0.000
water.walk,12,0.001,1175553,9.955,0.000,0.000,2.601,0.000,0.000,0.000,0.000,0.000,0.000,0.000,0.805,0.513,0.000,0.062,0.000,0.449,0.000,0.000,0.000,0.583,0.000,0.059,0.058
water.walk,12,0.001,251904,3.525,0.000,0.001,0.000,0.000,0.000,0.000,0.000,0.000,0.000,0.000,0.244,0.108,0.000,0.026,0.000,0.081,0.000,0.000,0.000,0.000,0.000,0.000,0.000
water.walk,12,0.000,252054,3.533,0.000,0.001,0.000,0.000,0.000,0.000,0.000,0.000,0.000,0.000,0.208,0.094,0.000,0.020,0.000,0.075,0.000,0.000,0.000,0.000,0.000,0.000,0.000
water.walk,12,0.000,316498,5.128,0.000,0.001,0.000,0.000,0.000,0.000,0.000,0.000,0.000,0.000,0.643,0.493,0.000,0.025,0.000,0.468,0.000,0.000,0.000,0.000,0.000,0.000,0.000
water.walk,12,0.001,294918,5.158,0.000,0.001,0.000,0.000,0.000,0.000,0.000,0.000,0.000,0.000,0.243,0.105,0.000,0.023,0.000,0.081,0.000,0.000,0.000,0.000,0.000,0.000,0.000
water.walk,12,0.001,252510,3.534,0.000,0.001,0.000,0.000,0.000,0.000,0.000,0.000,0.000,0.000,0.208,0.093,0.000,0.019,0.000,0.073,0.000,0.000,0.000,0.000,0.000,0.000,0.000
water.walk,12,0.001,252662,3.396,0.000,0.001,0.000,0.000,0.000,0.000,0.000,0.000,0.000,0.000,0.204,0.090,0.000,0.020,0.000,0.070,0.000,0.000,0.000,0.000,0.000,0.000,0.000
water.walk,12,0.000,317106,5.151,0.000,0.001,0.000,0.000,0.000,0.000,0.000,0.000,0.000,0.000,0.643,0.486,0.000,0.026,0.000,0.460,0.000,0.000,0.000,0.000,0.000,0.000,0.000
water.walk,12,0.001,295526,5.392,0.000,0.001,0.000,0.000,0.000,0.000,0.000,0.000,0.000,0.000,0.241,0.107,0.000,0.021,0.000,0.085,0.000,0.000,0.000,0.000,0.000,0.000,0.000
water.walk,12,0.001,259614,3.829,0.000,0.001,0.000,0.000,0.000,0.000,0.000,0.000,0.000,0.000,0.247,0.108,0.000,0.022,0.000,0.086,0.000,0.000,0.000,0.000,0.000,0.000,0.000
water.walk,12,0.001,253270,3.818,0.000,0.001,0.000,0.000,0.000,0.000,0.000,0.000,0.000,0.000,0.204,0.090,0.000,0.018,0.000,0.071,0.000,0.000,0.000,0.000,0.000,0.000,0.000
water.walk,12,0.001,317714,4.911,0.000,0.001,0.000,0.000,0.000,0.000,0.000,0.000,0.000,0.000,0.678,0.520,0.000,0.033,0.000,0.486,0.000,0.000,0.000,0.000,0.000,0.000,0.000
water.walk,12,0.001,296134,4.913,0.000,0.001,0.000,0.000,0.000,0.000,0.000,0.000,0.000,0.000,0.199,0.084,0.000,0.017,0.000,0.066,0.000,0.000,0.000,0.000,0.000,0.000,0.000
water.walk,12,0.001,253726,3.470,0.000,0.001,0.000,0.000,0.000,0.000,0.000,0.000,0.000,0.000,0.233,0.100,0.000,0.024,0.000,0.076,0.000,0.000,0.000,0.000,0.000,0.000,0.000
water.walk,12,0.000,253878,3.278,0.000,0.001,0.000,0.000,0.000,0.000,0.000,0.000,0.000,0.000,0.202,0.089,0.000,0.019,0.000,0.070,0.000,0.000,0.000,0.000,0.000,0.000,0.000
water.walk,12,0.001,254030,4.161,0.000,0.001,0.000,0.000,0.000,0.000,0.000,0.000,0.000,0.000,0.252,0.113,0.000,0.029,0.000,0.083,0.000,0.000,0.000,0.000,0.000,0.000,0.000
water.walk,12,0.001,318474,4.568,0.000,0.000,0.000,0.000,0.000,0.000,0.000,0.000,0.000,0.000,0.626,0.474,0.000,0.025,0.000,0.449,0.000,0.000,0.000,0.000,0.000,0.000,0.000
water.walk,12,0.001,296894,5.963,0.000,0.000,0.000,0.000,0.000,0.000,0.000,0.000,0.000,0.000,0.259,0.112,0.000,0.026,0.000,0.086,0.000,0.000,0.000,0.000,0.000,0.000,0.000
water.walk,12,0.001,254486,4.344,0.000,0.001,0.000,0.000,0.000,0.000,0.000,0.000,0.000,0.000,0.247,0.104,0.000,0.026,0.000,0.078,0.000,0.000,0.000,0.000,0.000,0.000,0.000
water.walk,12,0.001,254638,3.469,0.000,0.000,0.000,0.000,0.000,0.000,0.000,0.000,0.000,0.000,0.229,0.105,0.000,0.022,0.000,0.083,0.000,0.000,0.000,0.000,0.000,0.000,0.000
water.walk,12,0.001,319082,4.722,0.000,0.000,0.000,0.000,0.000,0.000,0.000,0.000,0.000,0.000,0.625,0.475,0.000,0.027,0.000,0.448,0.000,0.000,0.000,0.000,0.000,0.000,0.000
water.walk,12,0.001,297502,5.228,0.000,0.001,0.000,0.000,0.000,0.000,0.000,0.000,0.000,0.000,0.203,0.092,0.000,0.018,0.000,0.073,0.000,0.000,0.000,0.000,0.000,0.000,0.000
water.walk,12,0.002,255094,3.645,0.000,0.001,0.000,0.000,0.000,0.000,0.000,0.000,0.000,0.000,0.234,0.100,0.000,0.023,0.000,0.077,0.000,0.000,0.000,0.000,0.000,0.000,0.000
water.walk,12,0.000,255246,3.125,0.000,0.000,0.000,0.000,0.000,0.000,0.000,0.000,0.000,0.000,0.198,0.090,0.000,0.024,0.000,0.066,0.000,0.000,0.000,0.000,0.000,0.000,0.000
water.walk,12,0.000,255398,3.337,0.000,0.001,0.000,0.000,0.000,0.000,0.000,0.000,0.000,0.000,0.201,0.095,0.000,0.021,0.000,0.073,0.000,0.000,0.000,0.000,0.000,0.000,0.000
water.walk,12,0.001,319842,4.692,0.000,0.001,0.000,0.000,0.000,0.000,0.000,0.000,0.000,0.000,0.642,0.491,0.000,0.030,0.000,0.461,0.000,0.000,0.000,0.000,0.000,0.000,0.000
water.walk,12,0.000,318058,6.365,0.000,0.001,0.000,0.000,0.000,0.000,0.000,0.000,0.000,0.000,0.206,0.094,0.000,0.019,0.000,0.074,0.000,0.000,0.000,0.000,0.000,0.000,0.000
water.walk,12,0.001,437484,5.924,0.000,0.000,0.000,0.000,0.000,0.000,0.000,0.000,0.000,0.000,0.872,0.522,0.000,0.071,0.000,0.449,0.000,0.000,0.000,0.000,0.000,0.000,0.000
water.walk,12,0.001,320350,5.123,0.000,0.001,0.000,0.000,0.000,0.000,0.000,0.000,0.000,0.000,0.641,0.482,0.000,0.027,0.000,0.455,0.000,0.000,0.000,0.000,0.000,0.000,0.000
water.walk,12,0.001,298718,5.196,0.000,0.000,0.000,0.000,0.000,0.000,0.000,0.000,0.000,0.000,0.245,0.104,0.000,0.023,0.000,0.081,0.000,0.000,0.000,0.000,0.000,0.000,0.000
water.walk,12,0.001,256310,3.468,0.000,0.001,0.000,0.000,0.000,0.000,0.000,0.000,0.000,0.000,0.216,0.095,0.000,0.022,0.000,0.072,0.000,0.000,0.000,0.000,0.000,0.000,0.000
water.walk,12,0.001,256462,3.646,0.000,0.000,0.000,0.000,0.000,0.000,0.000,0.000,0.000,0.000,0.225,0.102,0.000,0.023,0.000,0.079,0.000,0.000,0.000,0.000,0.000,0.000,0.000
water.walk,12,0.001,256614,4.556,0.000,0.001,0.000,0.000,0.000,0.000,0.000,0.000,0.000,0.000,0.265,0.108,0.000,0.023,0.000,0.085,0.000,0.000,0.000,0.000,0.000,0.000,0.000
water.walk,12,0.001,329292,5.339,0.000,0.001,0.000,0.000,0.000,0.000,0.000,0.000,0.000,0.000,0.822,0.571,0.000,0.036,0.000,0.534,0.000,0.000,0.000,0.000,0.000,0.000,0.000
water.walk,12,0.002,299478,5.017,0.000,0.001,0.000,0.000,0.000,0.000,0.000,0.000,0.000,0.000,0.206,0.091,0.000,0.020,0.000,0.071,0.000,0.000,0.000,0.000,0.000,0.000,0.000
water.walk,12,0.001,257070,3.777,0.000,0.001,0.000,0.000,0.000,0.000,0.000,0.000,0.000,0.000,0.206,0.089,0.000,0.020,0.000,0.069,0.000,0.000,0.000,0.000,0.000,0.000,0.000
water.walk,12,0.001,257222,4.096,0.000,0.001,0.000,0.000,0.000,0.000,0.000,0.000,0.000,0.000,0.254,0.102,0.000,0.023,0.000,0.079,0.000,0.000,0.000,0.000,0.000,0.000,0.000
water.walk,12,0.000,321666,4.963,0.000,0.000,0.000,0.000,0.000,0.000,0.000,0.000,0.000,0.000,0.640,0.489,0.000,0.025,0.000,0.464,0.000,0.000,0.000,0.000,0.000,0.000,0.000
water.walk,12,0.001,314170,5.560,0.000,0.001,0.000,0.000,0.000,0.000,0.000,0.000,0.000,0.000,0.225,0.097,0.000,0.020,0.000,0.076,0.000,0.000,0.000,0.000,0.000,0.000,0.000
water.walk,12,0.001,257678,4.189,0.000,0.001,0.000,0.000,0.000,0.000,0.000,0.000,0.000,0.000,0.261,0.115,0.000,0.032,0.000,0.082,0.000,0.000,0.000,0.000,0.000,0.000,0.000
water.walk,12,0.001,257830,3.350,0.000,0.000,0.000,0.000,0.000,0.000,0.000,0.000,0.000,0.000,0.201,0.090,0.000,0.020,0.000,0.069,0.000,0.000,0.000,0.000,0.000,0.000,0.000
water.walk,12,0.000,322274,4.622,0.000,0.001,0.000,0.000,0.000,0.000,0.000,0.000,0.000,0.000,0.630,0.478,0.000,0.025,0.000,0.452,0.000,0.000,0.000,0.000,0.000,0.000,0.000
water.walk,12,0.000,300694,4.615,0.000,0.000,0.000,0.000,0.000,0.000,0.000,0.000,0.000,0.000,0.198,0.088,0.000,0.017,0.000,0.070,0.000,0.000,0.000,0.000,0.000,0.000,0.000
water.walk,12,0.001,258286,4.220,0.000,0.001,0.000,0.000,0.000,0.000,0.000,0.000,0.000,0.000,0.271,0.107,0.000,0.023,0.000,0.084,0.000,0.000,0.000,0.000,0.000,0.000,0.000
water.walk,12,0.000,258438,3.279,0.000,0.000,0.000,0.000,0.000,0.000,0.000,0.000,0.000,0.000,0.215,0.092,0.000,0.020,0.000,0.073,0.000,0.000,0.000,0.000,0.000,0.000,0.000
water.walk,12,0.000,258590,3.648,0.000,0.000,0.000,0.000,0.000,0.000,0.000,0.000,0.000,0.000,0.224,0.096,0.000,0.021,0.000,0.074,0.000,0.000,0.000,0.000,0.000,0.000,0.000
water.walk,12,0.001,323034,4.523,0.000,0.000,0.000,0.000,0.000,0.000,0.000,0.000,0.000,0.000,0.637,0.483,0.000,0.027,0.000,0.456,0.000,0.000,0.000,0.000,0.000,0.000,0.000
water.walk,12,0.001,301454,5.422,0.000,0.001,0.000,0.000,0.000,0.000,0.000,0.000,0.000,0.000,0.199,0.082,0.000,0.018,0.000,0.064,0.000,0.000,0.000,0.000,0.000,0.000,0.000
water.walk,12,0.001,259046,3.592,0.000,0.001,0.000,0.000,0.000,0.000,0.000,0.000,0.000,0.000,0.228,0.097,0.000,0.020,0.000,0.076,0.000,0.000,0.000,0.000,0.000,0.000,0.000
water.walk,12,0.001,259198,3.811,0.000,0.001,0.000,0.000,0.000,0.000,0.000,0.000,0.000,0.000,0.218,0.093,0.000,0.020,0.000,0.072,0.000,0.000,0.000,0.000,0.000,0.000,0.000
water.walk,12,0.001,323642,5.259,0.000,0.001,0.000,0.000,0.000,0.000,0.000,0.000,0.000,0.000,0.655,0.493,0.000,0.028,0.000,0.465,0.000,0.000,0.000,0.000,0.000,0.000,0.000
water.walk,12,0.001,302062,4.981,0.000,0.001,0.000,0.000,0.000,0.000,0.000,0.000,0.000,0.000,0.236,0.099,0.000,0.023,0.000,0.076,0.000,0.000,0.000,0.000,0.000,0.000,0.000
water.walk,12,0.000,259654,3.359,0.000,0.001,0.000,0.000,0.000,0.000,0.000,0.000,0.000,0.000,0.200,0.086,0.000,0.018,0.000,0.068,0.000,0.000,0.000,0.000,0.000,0.000,0.000
water.walk,12,0.000,3269520,15.928,0.000,0.000,0.000,0.000,0.000,0.000,0.000,0.000,0.000,0.000,1.817,1.190,0.000,0.183,0.000,1.001,0.000,0.000,0.000,0.000,0.000,0.000,0.000
water.walk,12,0.001,324254,5.175,0.000,0.001,0.000,0.000,0.000,0.000,0.000,0.000,0.000,0.000,0.614,0.464,0.000,0.026,0.000,0.437,0.000,0.000,0.000,0.000,0.000,0.000,0.000
water.walk,12,0.001,302670,5.180,0.000,0.001,0.000,0.000,0.000,0.000,0.000,0.000,0.000,0.000,0.227,0.093,0.000,0.020,0.000,0.072,0.000,0.000,0.000,0.000,0.000,0.000,0.000
water.walk,12,0.001,329819,4.842,0.000,0.001,0.000,0.000,0.000,0.000,0.000,0.000,0.000,0.000,0.649,0.484,0.000,0.029,0.000,0.454,0.000,0.000,0.000,0.000,0.000,0.000,0.000
water.walk,12,0.000,302974,4.771,0.000,0.001,0.000,0.000,0.000,0.000,0.000,0.000,0.000,0.000,0.215,0.096,0.000,0.020,0.000,0.076,0.000,0.000,0.000,0.000,0.000,0.000,0.000
water.walk,12,0.001,260566,3.543,0.000,0.001,0.000,0.000,0.000,0.000,0.000,0.000,0.000,0.000,0.197,0.089,0.000,0.022,0.000,0.067,0.000,0.000,0.000,0.000,0.000,0.000,0.000
water.walk,12,0.001,260718,3.730,0.000,0.001,0.000,0.000,0.000,0.000,0.000,0.000,0.000,0.000,0.236,0.106,0.000,0.023,0.000,0.082,0.000,0.000,0.000,0.000,0.000,0.000,0.000
water.walk,12,0.000,260870,3.493,0.000,0.000,0.000,0.000,0.000,0.000,0.000,0.000,0.000,0.000,0.196,0.085,0.000,0.018,0.000,0.067,0.000,0.000,0.000,0.000,0.000,0.000,0.000
water.walk,12,0.001,325314,5.343,0.000,0.001,0.000,0.000,0.000,0.000,0.000,0.000,0.000,0.000,0.699,0.526,0.000,0.034,0.000,0.492,0.000,0.000,0.000,0.000,0.000,0.000,0.000
water.walk,12,0.001,303734,5.674,0.000,0.001,0.000,0.000,0.000,0.000,0.000,0.000,0.000,0.000,0.210,0.093,0.000,0.021,0.000,0.072,0.000,0.000,0.000,0.000,0.000,0.000,0.000
water.walk,12,0.001,261326,3.535,0.000,0.001,0.000,0.000,0.000,0.000,0.000,0.000,0.000,0.000,0.237,0.108,0.000,0.022,0.000,0.085,0.000,0.000,0.000,0.000,0.000,0.000,0.000
water.walk,12,0.000,261478,3.431,0.000,0.000,0.000,0.000,0.000,0.000,0.000,0.000,0.000,0.000,0.204,0.087,0.000,0.019,0.000,0.068,0.000,0.000,0.000,0.000,0.000,0.000,0.000
water.walk,12,0.001,325922,4.448,0.000,0.001,0.000,0.000,0.000,0.000,0.000,0.000,0.000,0.000,0.624,0.475,0.000,0.024,0.000,0.451,0.000,0.000,0.000,0.000,0.000,0.000,0.000
water.walk,12,0.000,304342,5.240,0.000,0.001,0.000,0.000,0.000,0.000,0.000,0.000,0.000,0.000,0.224,0.102,0.000,0.018,0.000,0.084,0.000,0.000,0.000,0.000,0.000,0.000,0.000
water.walk,12,0.001,261934,3.177,0.000,0.001,0.000,0.000,0.000,0.000,0.000,0.000,0.000,0.000,0.211,0.092,0.000,0.019,0.000,0.073,0.000,0.000,0.000,0.000,0.000,0.000,0.000
water.walk,12,0.000,262086,3.504,0.000,0.001,0.000,0.000,0.000,0.000,0.000,0.000,0.000,0.000,0.192,0.088,0.000,0.018,0.000,0.069,0.000,0.000,0.000,0.000,0.000,0.000,0.000
water.walk,12,0.001,262238,3.801,0.000,0.001,0.000,0.000,0.000,0.000,0.000,0.000,0.000,0.000,0.240,0.106,0.000,0.024,0.000,0.082,0.000,0.000,0.000,0.000,0.000,0.000,0.000
water.walk,12,0.000,380040,5.371,0.000,0.001,0.000,0.000,0.000,0.000,0.000,0.000,0.000,0.000,0.933,0.710,0.000,0.030,0.000,0.679,0.000,0.000,0.000,0.000,0.000,0.000,0.000
water.walk,12,0.001,1045506,8.255,0.000,0.000,2.439,0.000,0.000,0.000,0.000,0.000,0.000,0.000,0.197,0.086,0.000,0.018,0.000,0.068,0.000,0.000,0.000,0.573,0.000,0.065,0.056
water.walk,12,0.001,263152,4.195,0.000,0.001,0.000,0.000,0.000,0.000,0.000,0.000,0.000,0.000,0.261,0.108,0.000,0.026,0.000,0.081,0.000,0.000,0.000,0.000,0.000,0.000,0.000
water.walk,12,0.001,327594,4.656,0.000,0.001,0.000,0.000,0.000,0.000,0.000,0.000,0.000,0.000,0.666,0.507,0.000,0.031,0.000,0.476,0.000,0.000,0.000,0.000,0.000,0.000,0.000
water.walk,12,0.001,306014,4.791,0.000,0.001,0.000,0.000,0.000,0.000,0.000,0.000,0.000,0.000,0.208,0.093,0.000,0.021,0.000,0.071,0.000,0.000,0.000,0.000,0.000,0.000,0.000
water.walk,12,0.001,263606,3.527,0.000,0.001,0.000,0.000,0.000,0.000,0.000,0.000,0.000,0.000,0.215,0.089,0.000,0.019,0.000,0.070,0.000,0.000,0.000,0.000,0.000,0.000,0.000
water.walk,12,0.001,263758,3.658,0.000,0.001,0.000,0.000,0.000,0.000,0.000,0.000,0.000,0.000,0.220,0.094,0.000,0.022,0.000,0.072,0.000,0.000,0.000,0.000,0.000,0.000,0.000
water.walk,12,0.001,438625,5.503,0.000,0.001,0.000,0.000,0.000,0.000,0.000,0.000,0.000,0.000,0.876,0.537,0.000,0.071,0.000,0.464,0.000,0.000,0.000,0.000,0.000,0.000,0.000
water.walk,12,0.000,328354,5.112,0.000,0.001,0.000,0.000,0.000,0.000,0.000,0.000,0.000,0.000,0.657,0.497,0.000,0.029,0.000,0.467,0.000,0.000,0.000,0.000,0.000,0.000,0.000
water.walk,12,0.001,306774,5.269,0.000,0.001,0.000,0.000,0.000,0.000,0.000,0.000,0.000,0.000,0.216,0.094,0.000,0.022,0.000,0.072,0.000,0.000,0.000,0.000,0.000,0.000,0.000
water.walk,12,0.001,264366,3.778,0.000,0.001,0.000,0.000,0.000,0.000,0.000,0.000,0.000,0.000,0.275,0.124,0.000,0.033,0.000,0.090,0.000,0.000,0.000,0.000,0.000,0.000,0.000
water.walk,12,0.001,328810,4.673,0.000,0.001,0.000,0.000,0.000,0.000,0.000,0.000,0.000,0.000,0.646,0.489,0.000,0.027,0.000,0.462,0.000,0.000,0.000,0.000,0.000,0.000,0.000
water.walk,12,0.001,307230,4.739,0.000,0.001,0.000,0.000,0.000,0.000,0.000,0.000,0.000,0.000,0.211,0.096,0.000,0.020,0.000,0.076,0.000,0.000,0.000,0.000,0.000,0.000,0.000
water.walk,12,0.001,264822,4.251,0.000,0.001,0.000,0.000,0.000,0.000,0.000,0.000,0.000,0.000,0.253,0.106,0.000,0.022,0.000,0.084,0.000,0.000,0.000,0.000,0.000,0.000,0.000
water.walk,12,0.001,264974,3.564,0.000,0.000,0.000,0.000,0.000,0.000,0.000,0.000,0.000,0.000,0.231,0.102,0.000,0.026,0.000,0.076,0.000,0.000,0.000,0.000,0.000,0.000,0.000
water.walk,12,0.001,265126,3.356,0.000,0.000,0.000,0.000,0.000,0.000,0.000,0.000,0.000,0.000,0.199,0.088,0.000,0.018,0.000,0.070,0.000,0.000,0.000,0.000,0.000,0.000,0.000
water.walk,12,0.000,329570,4.390,0.000,0.001,0.000,0.000,0.000,0.000,0.000,0.000,0.000,0.000,0.642,0.485,0.000,0.025,0.000,0.459,0.000,0.000,0.000,0.000,0.000,0.000,0.000
water.walk,12,0.000,307990,5.108,0.000,0.001,0.000,0.000,0.000,0.000,0.000,0.000,0.000,0.000,0.202,0.090,0.000,0.019,0.000,0.071,0.000,0.000,0.000,0.000,0.000,0.000,0.000
water.walk,12,0.001,265582,3.289,0.000,0.000,0.000,0.000,0.000,0.000,0.000,0.000,0.000,0.000,0.222,0.094,0.000,0.021,0.000,0.073,0.000,0.000,0.000,0.000,0.000,0.000,0.000
water.walk,12,0.000,285530,4.331,0.000,0.001,0.000,0.000,0.000,0.000,0.000,0.000,0.000,0.000,0.197,0.087,0.000,0.019,0.000,0.068,0.000,0.000,0.000,0.000,0.000,0.000,0.000
water.walk,12,0.001,272801,4.954,0.000,0.000,0.000,0.000,0.000,0.000,0.000,0.000,0.000,0.000,0.257,0.109,0.000,0.026,0.000,0.082,0.000,0.000,0.000,0.000,0.000,0.000,0.000
water.walk,12,0.001,330330,5.151,0.000,0.001,0.000,0.000,0.000,0.000,0.000,0.000,0.000,0.000,0.647,0.484,0.000,0.035,0.000,0.448,0.000,0.000,0.000,0.000,0.000,0.000,0.000
water.walk,12,0.001,308750,5.061,0.000,0.001,0.000,0.000,0.000,0.000,0.000,0.000,0.000,0.000,0.212,0.091,0.000,0.020,0.000,0.070,0.000,0.000,0.000,0.000,0.000,0.000,0.000
water.walk,12,0.001,266342,3.638,0.000,0.001,0.000,0.000,0.000,0.000,0.000,0.000,0.000,0.000,0.254,0.111,0.000,0.027,0.000,0.084,0.000,0.000,0.000,0.000,0.000,0.000,0.000
water.walk,12,0.000,266494,4.056,0.000,0.001,0.000,0.000,0.000,0.000,0.000,0.000,0.000,0.000,0.213,0.092,0.000,0.019,0.000,0.073,0.000,0.000,0.000,0.000,0.000,0.000,0.000
water.walk,12,0.001,330938,5.075,0.000,0.001,0.000,0.000,0.000,0.000,0.000,0.000,0.000,0.000,0.705,0.526,0.000,0.041,0.000,0.485,0.000,0.000,0.000,0.000,0.000,0.000,0.000
water.walk,12,0.000,309358,5.289,0.000,0.001,0.000,0.000,0.000,0.000,0.000,0.000,0.000,0.000,0.232,0.102,0.000,0.023,0.000,0.078,0.000,0.000,0.000,0.000,0.000,0.000,0.000
water.walk,12,0.001,266950,4.133,0.000,0.001,0.000,0.000,0.000,0.000,0.000,0.000,0.000,0.000,0.217,0.096,0.000,0.020,0.000,0.076,0.000,0.000,0.000,0.000,0.000,0.000,0.000
water.walk,12,0.001,267102,3.587,0.000,0.001,0.000,0.000,0.000,0.000,0.000,0.000,0.000,0.000,0.250,0.101,0.000,0.023,0.000,0.077,0.000,0.000,0.000,0.000,0.000,0.000,0.000
water.walk,12,0.001,331546,4.701,0.000,0.000,0.000,0.000,0.000,0.000,0.000,0.000,0.000,0.000,0.644,0.482,0.000,0.028,0.000,0.454,0.000,0.000,0.000,0.000,0.000,0.000,0.000
water.walk,12,0.001,309966,5.247,0.000,0.001,0.000,0.000,0.000,0.000,0.000,0.000,0.000,0.000,0.202,0.087,0.000,0.019,0.000,0.068,0.000,0.000,0.000,0.000,0.000,0.000,0.000
water.walk,12,0.001,267558,3.654,0.000,0.001,0.000,0.000,0.000,0.000,0.000,0.000,0.000,0.000,0.231,0.102,0.000,0.023,0.000,0.078,0.000,0.000,0.000,0.000,0.000,0.000,0.000
water.walk,12,0.001,267710,3.289,0.000,0.000,0.000,0.000,0.000,0.000,0.000,0.000,0.000,0.000,0.207,0.093,0.000,0.023,0.000,0.069,0.000,0.000,0.000,0.000,0.000,0.000,0.000
water.walk,12,0.001,332154,4.676,0.000,0.001,0.000,0.000,0.000,0.000,0.000,0.000,0.000,0.000,0.637,0.487,0.000,0.025,0.000,0.462,0.000,0.000,0.000,0.000,0.000,0.000,0.000
water.walk,12,0.000,485289,6.245,0.000,0.001,0.000,0.000,0.000,0.000,0.000,0.000,0.000,0.000,0.774,0.485,0.000,0.061,0.000,0.422,0.000,0.000,0.000,0.000,0.000,0.000,0.000
water.walk,12,0.001,268166,3.773,0.000,0.001,0.000,0.000,0.000,0.000,0.000,0.000,0.000,0.000,0.238,0.101,0.000,0.024,0.000,0.077,0.000,0.000,0.000,0.000,0.000,0.000,0.000
water.walk,12,0.000,268318,2.947,0.000,0.000,0.000,0.000,0.000,0.000,0.000,0.000,0.000,0.000,0.186,0.085,0.000,0.019,0.000,0.065,0.000,0.000,0.000,0.000,0.000,0.000,0.000
water.walk,12,0.001,268470,3.705,0.000,0.001,0.000,0.000,0.000,0.000,0.000,0.000,0.000,0.000,0.227,0.103,0.000,0.020,0.000,0.082,0.000,0.000,0.000,0.000,0.000,0.000,0.000
water.walk,12,0.000,332914,5.321,0.000,0.000,0.000,0.000,0.000,0.000,0.000,0.000,0.000,0.000,0.676,0.484,0.000,0.026,0.000,0.457,0.000,0.000,0.000,0.000,0.000,0.000,0.000
water.walk,12,0.001,311334,5.216,0.000,0.000,0.000,0.000,0.000,0.000,0.000,0.000,0.000,0.000,0.235,0.101,0.000,0.022,0.000,0.079,0.000,0.000,0.000,0.000,0.000,0.000,0.000
water.walk,12,0.001,268926,3.408,0.000,0.001,0.000,0.000,0.000,0.000,0.000,0.000,0.000,0.000,0.202,0.086,0.000,0.018,0.000,0.067,0.000,0.000,0.000,0.000,0.000,0.000,0.000
water.walk,12,0.001,269078,3.352,0.000,0.000,0.000,0.000,0.000,0.000,0.000,0.000,0.000,0.000,0.217,0.096,0.000,0.023,0.000,0.073,0.000,0.000,0.000,0.000,0.000,0.000,0.000
water.walk,12,0.000,333522,4.087,0.000,0.000,0.000,0.000,0.000,0.000,0.000,0.000,0.000,0.000,0.527,0.402,0.000,0.024,0.000,0.378,0.000,0.000,0.000,0.000,0.000,0.000,0.000
water.walk,12,0.001,311994,5.721,0.000,0.001,0.000,0.000,0.000,0.000,0.000,0.000,0.000,0.000,0.322,0.124,0.000,0.032,0.000,0.092,0.000,0.000,0.000,0.000,0.000,0.000,0.000
water.walk,12,0.001,269534,3.810,0.000,0.001,0.000,0.000,0.000,0.000,0.000,0.000,0.000,0.000,0.216,0.095,0.000,0.020,0.000,0.074,0.000,0.000,0.000,0.000,0.000,0.000,0.000
water.walk,12,0.001,269686,3.430,0.000,0.001,0.000,0.000,0.000,0.000,0.000,0.000,0.000,0.000,0.232,0.103,0.000,0.024,0.000,0.079,0.000,0.000,0.000,0.000,0.000,0.000,0.000
water.walk,12,0.000,269838,3.977,0.000,0.001,0.000,0.000,0.000,0.000,0.000,0.000,0.000,0.000,0.208,0.090,0.000,0.018,0.000,0.071,0.000,0.000,0.000,0.000,0.000,0.000,0.000
water.walk,12,0.001,334282,4.750,0.000,0.001,0.000,0.000,0.000,0.000,0.000,0.000,0.000,0.000,0.774,0.615,0.000,0.029,0.000,0.585,0.000,0.000,0.000,0.000,0.000,0.000,0.000
water.walk,12,0.000,312702,4.755,0.000,0.001,0.000,0.000,0.000,0.000,0.000,0.000,0.000,0.000,0.221,0.090,0.000,0.018,0.000,0.072,0.000,0.000,0.000,0.000,0.000,0.000,0.000
water.walk,12,0.001,270294,3.195,0.000,0.000,0.000,0.000,0.000,0.000,0.000,0.000,0.000,0.000,0.228,0.100,0.000,0.020,0.000,0.079,0.000,0.000,0.000,0.000,0.000,0.000,0.000
water.walk,12,0.001,270446,3.724,0.000,0.001,0.000,0.000,0.000,0.000,0.000,0.000,0.000,0.000,0.204,0.089,0.000,0.019,0.000,0.070,0.000,0.000,0.000,0.000,0.000,0.000,0.000
water.walk,12,0.001,334890,4.467,0.000,0.001,0.000,0.000,0.000,0.000,0.000,0.000,0.000,0.000,0.665,0.512,0.000,0.046,0.000,0.465,0.000,0.000,0.000,0.000,0.000,0.000,0.000
water.walk,12,0.000,313310,4.750,0.000,0.001,0.000,0.000,0.000,0.000,0.000,0.000,0.000,0.000,0.198,0.086,0.000,0.020,0.000,0.065,0.000,0.000,0.000,0.000,0.000,0.000,0.000
water.walk,12,0.001,276167,4.040,0.000,0.001,0.000,0.000,0.000,0.000,0.000,0.000,0.000,0.000,0.250,0.102,0.000,0.022,0.000,0.079,0.000,0.000,0.000,0.000,0.000,0.000,0.000
water.walk,12,0.001,271054,4.315,0.000,0.001,0.000,0.000,0.000,0.000,0.000,0.000,0.000,0.000,0.250,0.105,0.000,0.023,0.000,0.082,0.000,0.000,0.000,0.000,0.000,0.000,0.000
water.walk,12,0.000,271206,3.061,0.000,0.001,0.000,0.000,0.000,0.000,0.000,0.000,0.000,0.000,0.204,0.093,0.000,0.021,0.000,0.071,0.000,0.000,0.000,0.000,0.000,0.000,0.000
water.walk,12,0.000,388956,5.008,0.000,0.001,0.000,0.000,0.000,0.000,0.000,0.000,0.000,0.000,0.837,0.640,0.000,0.025,0.000,0.614,0.000,0.000,0.000,0.000,0.000,0.000,0.000
water.walk,12,0.001,1081458,8.201,0.000,0.001,2.598,0.000,0.000,0.000,0.000,0.000,0.000,0.000,0.204,0.087,0.000,0.019,0.000,0.068,0.000,0.000,0.000,0.590,0.000,0.065,0.076
water.walk,12,0.001,272120,3.403,0.000,0.000,0.000,0.000,0.000,0.000,0.000,0.000,0.000,0.000,0.243,0.099,0.000,0.022,0.000,0.076,0.000,0.000,0.000,0.000,0.000,0.000,0.000
water.walk,12,0.000,272270,3.683,0.000,0.001,0.000,0.000,0.000,0.000,0.000,0.000,0.000,0.000,0.224,0.099,0.000,0.021,0.000,0.078,0.000,0.000,0.000,0.000,0.000,0.000,0.000
water.walk,12,0.000,336714,5.333,0.000,0.001,0.000,0.000,0.000,0.000,0.000,0.000,0.000,0.000,0.645,0.491,0.000,0.026,0.000,0.464,0.000,0.000,0.000,0.000,0.000,0.000,0.000
water.walk,12,0.001,489849,6.505,0.000,0.001,0.000,0.000,0.000,0.000,0.000,0.000,0.000,0.000,0.870,0.536,0.000,0.072,0.000,0.462,0.000,0.000,0.000,0.000,0.000,0.000,0.000
water.walk,12,0.000,272726,3.466,0.000,0.001,0.000,0.000,0.000,0.000,0.000,0.000,0.000,0.000,0.211,0.092,0.000,0.020,0.000,0.071,0.000,0.000,0.000,0.000,0.000,0.000,0.000
water.walk,12,0.001,272878,4.077,0.000,0.001,0.000,0.000,0.000,0.000,0.000,0.000,0.000,0.000,0.215,0.096,0.000,0.022,0.000,0.074,0.000,0.000,0.000,0.000,0.000,0.000,0.000
water.walk,12,0.001,337322,4.944,0.000,0.001,0.000,0.000,0.000,0.000,0.000,0.000,0.000,0.000,0.691,0.518,0.000,0.034,0.000,0.483,0.000,0.000,0.000,0.000,0.000,0.000,0.000
water.walk,12,0.000,315742,4.673,0.000,0.001,0.000,0.000,0.000,0.000,0.000,0.000,0.000,0.000,0.214,0.094,0.000,0.019,0.000,0.074,0.000,0.000,0.000,0.000,0.000,0.000,0.000
water.walk,12,0.001,273334,3.433,0.000,0.001,0.000,0.000,0.000,0.000,0.000,0.000,0.000,0.000,0.231,0.095,0.000,0.022,0.000,0.072,0.000,0.000,0.000,0.000,0.000,0.000,0.000
water.walk,12,0.000,273486,3.049,0.000,0.001,0.000,0.000,0.000,0.000,0.000,0.000,0.000,0.000,0.201,0.088,0.000,0.019,0.000,0.068,0.000,0.000,0.000,0.000,0.000,0.000,0.000
water.walk,12,0.000,337930,5.719,0.000,0.001,0.000,0.000,0.000,0.000,0.000,0.000,0.000,0.000,0.670,0.497,0.000,0.031,0.000,0.464,0.000,0.000,0.000,0.000,0.000,0.000,0.000
water.walk,12,0.001,316350,4.923,0.000,0.000,0.000,0.000,0.000,0.000,0.000,0.000,0.000,0.000,0.218,0.099,0.000,0.023,0.000,0.076,0.000,0.000,0.000,0.000,0.000,0.000,0.000
water.walk,12,0.000,273942,3.577,0.000,0.001,0.000,0.000,0.000,0.000,0.000,0.000,0.000,0.000,0.212,0.090,0.000,0.023,0.000,0.067,0.000,0.000,0.000,0.000,0.000,0.000,0.000
water.walk,12,0.001,274094,3.703,0.000,0.001,0.000,0.000,0.000,0.000,0.000,0.000,0.000,0.000,0.206,0.091,0.000,0.020,0.000,0.071,0.000,0.000,0.000,0.000,0.000,0.000,0.000
water.walk,12,0.001,274246,3.932,0.000,0.001,0.000,0.000,0.000,0.000,0.000,0.000,0.000,0.000,0.249,0.103,0.000,0.025,0.000,0.078,0.000,0.000,0.000,0.000,0.000,0.000,0.000
water.walk,12,0.000,338690,4.626,0.000,0.001,0.000,0.000,0.000,0.000,0.000,0.000,0.000,0.000,0.623,0.475,0.000,0.026,0.000,0.448,0.000,0.000,0.000,0.000,0.000,0.000,0.000
water.walk,12,0.001,331194,4.625,0.000,0.000,0.000,0.000,0.000,0.000,0.000,0.000,0.000,0.000,0.209,0.093,0.000,0.020,0.000,0.073,0.000,0.000,0.000,0.000,0.000,0.000,0.000
water.walk,12,0.000,274702,4.050,0.000,0.001,0.000,0.000,0.000,0.000,0.000,0.000,0.000,0.000,0.220,0.098,0.000,0.020,0.000,0.077,0.000,0.000,0.000,0.000,0.000,0.000,0.000
water.walk,12,0.001,274854,3.937,0.000,0.001,0.000,0.000,0.000,0.000,0.000,0.000,0.000,0.000,0.260,0.108,0.000,0.024,0.000,0.083,0.000,0.000,0.000,0.000,0.000,0.000,0.000
water.walk,12,0.000,339298,4.985,0.000,0.001,0.000,0.000,0.000,0.000,0.000,0.000,0.000,0.000,0.655,0.485,0.000,0.029,0.000,0.456,0.000,0.000,0.000,0.000,0.000,0.000,0.000
water.walk,12,0.001,317718,4.736,0.000,0.001,0.000,0.000,0.000,0.000,0.000,0.000,0.000,0.000,0.206,0.094,0.000,0.019,0.000,0.074,0.000,0.000,0.000,0.000,0.000,0.000,0.000
water.walk,12,0.001,275310,4.069,0.000,0.001,0.000,0.000,0.000,0.000,0.000,0.000,0.000,0.000,0.257,0.102,0.000,0.024,0.000,0.078,0.000,0.000,0.000,0.000,0.000,0.000,0.000
water.walk,12,0.001,275462,3.265,0.000,0.000,0.000,0.000,0.000,0.000,0.000,0.000,0.000,0.000,0.212,0.084,0.000,0.019,0.000,0.064,0.000,0.000,0.000,0.000,0.000,0.000,0.000
water.walk,12,0.001,275614,3.298,0.000,0.001,0.000,0.000,0.000,0.000,0.000,0.000,0.000,0.000,0.200,0.089,0.000,0.020,0.000,0.069,0.000,0.000,0.000,0.000,0.000,0.000,0.000
water.walk,12,0.001,340058,4.512,0.000,0.001,0.000,0.000,0.000,0.000,0.000,0.000,0.000,0.000,0.623,0.475,0.000,0.028,0.000,0.447,0.000,0.000,0.000,0.000,0.000,0.000,0.000
water.walk,12,0.001,318478,5.474,0.000,0.001,0.000,0.000,0.000,0.000,0.000,0.000,0.000,0.000,0.237,0.097,0.000,0.022,0.000,0.075,0.000,0.000,0.000,0.000,0.000,0.000,0.000
water.walk,12,0.001,276070,3.568,0.000,0.000,0.000,0.000,0.000,0.000,0.000,0.000,0.000,0.000,0.214,0.093,0.000,0.022,0.000,0.070,0.000,0.000,0.000,0.000,0.000,0.000,0.000
water.walk,12,0.001,276222,3.626,0.000,0.001,0.000,0.000,0.000,0.000,0.000,0.000,0.000,0.000,0.289,0.114,0.000,0.026,0.000,0.088,0.000,0.000,0.000,0.000,0.000,0.000,0.000
water.walk,12,0.000,360462,6.505,0.000,0.001,0.000,0.000,0.000,0.000,0.000,0.000,0.000,0.000,0.628,0.473,0.000,0.025,0.000,0.448,0.000,0.000,0.000,0.000,0.000,0.000,0.000
water.walk,12,0.001,326053,5.827,0.000,0.001,0.000,0.000,0.000,0.000,0.000,0.000,0.000,0.000,0.263,0.111,0.000,0.023,0.000,0.087,0.000,0.000,0.000,0.000,0.000,0.000,0.000
water.walk,12,0.001,457889,5.639,0.000,0.001,0.000,0.000,0.000,0.000,0.000,0.000,0.000,0.000,0.870,0.529,0.000,0.077,0.000,0.450,0.000,0.000,0.000,0.000,0.000,0.000,0.000
water.walk,12,0.001,276830,3.700,0.000,0.001,0.000,0.000,0.000,0.000,0.000,0.000,0.000,0.000,0.241,0.097,0.000,0.023,0.000,0.074,0.000,0.000,0.000,0.000,0.000,0.000,0.000
water.walk,12,0.000,341274,4.370,0.000,0.000,0.000,0.000,0.000,0.000,0.000,0.000,0.000,0.000,0.649,0.497,0.000,0.029,0.000,0.468,0.000,0.000,0.000,0.000,0.000,0.000,0.000
water.walk,12,0.000,319694,4.947,0.000,0.001,0.000,0.000,0.000,0.000,0.000,0.000,0.000,0.000,0.196,0.084,0.000,0.019,0.000,0.065,0.000,0.000,0.000,0.000,0.000,0.000,0.000
water.walk,12,0.001,277286,3.310,0.000,0.001,0.000,0.000,0.000,0.000,0.000,0.000,0.000,0.000,0.232,0.099,0.000,0.022,0.000,0.077,0.000,0.000,0.000,0.000,0.000,0.000,0.000
water.walk,12,0.000,277438,3.755,0.000,0.001,0.000,0.000,0.000,0.000,0.000,0.000,0.000,0.000,0.197,0.086,0.000,0.018,0.000,0.067,0.000,0.000,0.000,0.000,0.000,0.000,0.000
water.walk,12,0.001,341882,4.962,0.000,0.000,0.000,0.000,0.000,0.000,0.000,0.000,0.000,0.000,0.682,0.513,0.000,0.032,0.000,0.481,0.000,0.000,0.000,0.000,0.000,0.000,0.000
water.walk,12,0.001,320302,5.022,0.000,0.001,0.000,0.000,0.000,0.000,0.000,0.000,0.000,0.000,0.214,0.093,0.000,0.019,0.000,0.074,0.000,0.000,0.000,0.000,0.000,0.000,0.000
water.walk,12,0.001,277894,3.556,0.000,0.001,0.000,0.000,0.000,0.000,0.000,0.000,0.000,0.000,0.220,0.097,0.000,0.020,0.000,0.076,0.000,0.000,0.000,0.000,0.000,0.000,0.000
water.walk,12,0.001,278046,4.264,0.000,0.001,0.000,0.000,0.000,0.000,0.000,0.000,0.000,0.000,0.273,0.117,0.000,0.030,0.000,0.086,0.000,0.000,0.000,0.000,0.000,0.000,0.000
water.walk,12,0.001,278198,3.260,0.000,0.000,0.000,0.000,0.000,0.000,0.000,0.000,0.000,0.000,0.213,0.093,0.000,0.020,0.000,0.073,0.000,0.000,0.000,0.000,0.000,0.000,0.000
water.walk,12,0.001,342642,5.087,0.000,0.001,0.000,0.000,0.000,0.000,0.000,0.000,0.000,0.000,0.634,0.479,0.000,0.024,0.000,0.454,0.000,0.000,0.000,0.000,0.000,0.000,0.000
water.walk,12,0.001,321062,5.278,0.000,0.000,0.000,0.000,0.000,0.000,0.000,0.000,0.000,0.000,0.236,0.103,0.000,0.023,0.000,0.080,0.000,0.000,0.000,0.000,0.000,0.000,0.000
water.walk,12,0.001,278654,3.201,0.000,0.001,0.000,0.000,0.000,0.000,0.000,0.000,0.000,0.000,0.207,0.090,0.000,0.021,0.000,0.068,0.000,0.000,0.000,0.000,0.000,0.000,0.000
water.walk,12,0.001,278806,3.102,0.000,0.001,0.000,0.000,0.000,0.000,0.000,0.000,0.000,0.000,0.196,0.087,0.000,0.018,0.000,0.068,0.000,0.000,0.000,0.000,0.000,0.000,0.000
water.walk,12,0.001,278958,4.075,0.000,0.001,0.000,0.000,0.000,0.000,0.000,0.000,0.000,0.000,0.234,0.101,0.000,0.024,0.000,0.077,0.000,0.000,0.000,0.000,0.000,0.000,0.000
water.walk,12,0.001,343402,5.048,0.000,0.001,0.000,0.000,0.000,0.000,0.000,0.000,0.000,0.000,0.666,0.508,0.000,0.030,0.000,0.478,0.000,0.000,0.000,0.000,0.000,0.000,0.000
water.walk,12,0.001,321822,5.208,0.000,0.001,0.000,0.000,0.000,0.000,0.000,0.000,0.000,0.000,0.238,0.103,0.000,0.022,0.000,0.081,0.000,0.000,0.000,0.000,0.000,0.000,0.000
water.walk,12,0.000,279414,3.342,0.000,0.000,0.000,0.000,0.000,0.000,0.000,0.000,0.000,0.000,0.205,0.093,0.000,0.021,0.000,0.072,0.000,0.000,0.000,0.000,0.000,0.000,0.000
water.walk,12,0.001,279566,3.154,0.000,0.001,0.000,0.000,0.000,0.000,0.000,0.000,0.000,0.000,0.192,0.085,0.000,0.018,0.000,0.067,0.000,0.000,0.000,0.000,0.000,0.000,0.000
water.walk,12,0.001,397316,5.463,0.000,0.001,0.000,0.000,0.000,0.000,0.000,0.000,0.000,0.000,0.859,0.657,0.000,0.027,0.000,0.629,0.000,0.000,0.000,0.000,0.000,0.000,0.000
water.walk,12,0.001,1114978,7.995,0.000,0.000,2.433,0.000,0.000,0.000,0.000,0.000,0.000,0.000,0.234,0.102,0.000,0.026,0.000,0.076,0.000,0.000,0.000,0.554,0.000,0.055,0.062
water.walk,12,0.001,280480,3.773,0.000,0.001,0.000,0.000,0.000,0.000,0.000,0.000,0.000,0.000,0.250,0.103,0.000,0.024,0.000,0.079,0.000,0.000,0.000,0.000,0.000,0.000,0.000
water.walk,12,0.001,280630,4.073,0.000,0.001,0.000,0.000,0.000,0.000,0.000,0.000,0.000,0.000,0.236,0.101,0.000,0.022,0.000,0.078,0.000,0.000,0.000,0.000,0.000,0.000,0.000
water.walk,12,0.001,345074,4.910,0.000,0.001,0.000,0.000,0.000,0.000,0.000,0.000,0.000,0.000,0.673,0.500,0.000,0.031,0.000,0.468,0.000,0.000,0.000,0.000,0.000,0.000,0.000
water.walk,12,0.001,323494,4.915,0.000,0.001,0.000,0.000,0.000,0.000,0.000,0.000,0.000,0.000,0.213,0.093,0.000,0.019,0.000,0.075,0.000,0.000,0.000,0.000,0.000,0.000,0.000
water.walk,12,0.000,281086,4.057,0.000,0.001,0.000,0.000,0.000,0.000,0.000,0.000,0.000,0.000,0.229,0.100,0.000,0.023,0.000,0.077,0.000,0.000,0.000,0.000,0.000,0.000,0.000
water.walk,12,0.001,455953,5.015,0.000,0.001,0.000,0.000,0.000,0.000,0.000,0.000,0.000,0.000,0.835,0.519,0.000,0.066,0.000,0.450,0.000,0.000,0.000,0.000,0.000,0.000,0.000
water.walk,12,0.000,345682,4.506,0.000,0.001,0.000,0.000,0.000,0.000,0.000,0.000,0.000,0.000,0.597,0.455,0.000,0.025,0.000,0.429,0.000,0.000,0.000,0.000,0.000,0.000,0.000
water.walk,12,0.000,324102,4.642,0.000,0.001,0.000,0.000,0.000,0.000,0.000,0.000,0.000,0.000,0.202,0.090,0.000,0.018,0.000,0.071,0.000,0.000,0.000,0.000,0.000,0.000,0.000
water.walk,12,0.000,301490,6.094,0.000,0.001,0.000,0.000,0.000,0.000,0.000,0.000,0.000,0.000,0.241,0.103,0.000,0.022,0.000,0.081,0.000,0.000,0.000,0.000,0.000,0.000,0.000
water.walk,12,0.001,288761,4.104,0.000,0.001,0.000,0.000,0.000,0.000,0.000,0.000,0.000,0.000,0.236,0.101,0.000,0.025,0.000,0.076,0.000,0.000,0.000,0.000,0.000,0.000,0.000
water.walk,12,0.001,346290,5.291,0.000,0.000,0.000,0.000,0.000,0.000,0.000,0.000,0.000,0.000,0.702,0.523,0.000,0.037,0.000,0.485,0.000,0.000,0.000,0.000,0.000,0.000,0.000
water.walk,12,0.001,324710,5.587,0.000,0.001,0.000,0.000,0.000,0.000,0.000,0.000,0.000,0.000,0.257,0.108,0.000,0.024,0.000,0.083,0.000,0.000,0.000,0.000,0.000,0.000,0.000
water.walk,12,0.001,282302,3.533,0.000,0.001,0.000,0.000,0.000,0.000,0.000,0.000,0.000,0.000,0.245,0.103,0.000,0.025,0.000,0.078,0.000,0.000,0.000,0.000,0.000,0.000,0.000
water.walk,12,0.001,282454,3.521,0.000,0.001,0.000,0.000,0.000,0.000,0.000,0.000,0.000,0.000,0.215,0.094,0.000,0.020,0.000,0.074,0.000,0.000,0.000,0.000,0.000,0.000,0.000
water.walk,12,0.001,346898,4.781,0.000,0.001,0.000,0.000,0.000,0.000,0.000,0.000,0.000,0.000,0.637,0.489,0.000,0.028,0.000,0.460,0.000,0.000,0.000,0.000,0.000,0.000,0.000
water.walk,12,0.001,325318,4.837,0.000,0.000,0.000,0.000,0.000,0.000,0.000,0.000,0.000,0.000,0.245,0.104,0.000,0.024,0.000,0.080,0.000,0.000,0.000,0.000,0.000,0.000,0.000
water.walk,12,0.001,282910,3.758,0.000,0.000,0.000,0.000,0.000,0.000,0.000,0.000,0.000,0.000,0.282,0.121,0.000,0.025,0.000,0.095,0.000,0.000,0.000,0.000,0.000,0.000,0.000
water.walk,12,0.001,283062,3.608,0.000,0.001,0.000,0.000,0.000,0.000,0.000,0.000,0.000,0.000,0.237,0.103,0.000,0.031,0.000,0.071,0.000,0.000,0.000,0.000,0.000,0.000,0.000
water.walk,12,0.001,347506,4.858,0.000,0.000,0.000,0.000,0.000,0.000,0.000,0.000,0.000,0.000,0.646,0.500,0.000,0.026,0.000,0.474,0.000,0.000,0.000,0.000,0.000,0.000,0.000
water.walk,12,0.001,325926,5.531,0.000,0.006,0.000,0.000,0.000,0.000,0.000,0.000,0.000,0.000,0.238,0.109,0.000,0.025,0.000,0.084,0.000,0.000,0.000,0.000,0.000,0.000,0.000
water.walk,12,0.001,283570,3.596,0.000,0.001,0.000,0.000,0.000,0.000,0.000,0.000,0.000,0.000,0.237,0.107,0.000,0.023,0.000,0.083,0.000,0.000,0.000,0.000,0.000,0.000,0.000
water.walk,12,0.000,283670,3.016,0.000,0.001,0.000,0.000,0.000,0.000,0.000,0.000,0.000,0.000,0.205,0.090,0.000,0.020,0.000,0.070,0.000,0.000,0.000,0.000,0.000,0.000,0.000
water.walk,12,0.000,283822,3.906,0.000,0.001,0.000,0.000,0.000,0.000,0.000,0.000,0.000,0.000,0.208,0.095,0.000,0.018,0.000,0.076,0.000,0.000,0.000,0.000,0.000,0.000,0.000
water.walk,12,0.001,348266,4.602,0.000,0.001,0.000,0.000,0.000,0.000,0.000,0.000,0.000,0.000,0.645,0.497,0.000,0.030,0.000,0.466,0.000,0.000,0.000,0.000,0.000,0.000,0.000
soil.edit,12,1.848,17298568,44.956,15.408,15.413,2.155,0.000,0.000,0.000,0.000,0.000,0.000,0.000,20.023,16.755,0.806,0.409,11.760,1.163,1.747,12.309,1.193,4.077,5.004,0.454,0.056
plant.place,12,92.882,43097036,124.243,22.356,18.762,1.933,0.000,0.000,0.000,20.862,19.768,31.816,18.828,60.995,49.090,3.829,0.825,34.470,2.385,2.678,17.430,1.651,5.843,6.354,0.660,0.059
soil.edit,13,2.171,8638113,30.718,24.257,24.264,0.000,0.000,0.000,0.000,0.000,0.000,0.000,0.000,3.840,1.594,0.097,0.450,0.111,1.024,2.783,19.457,1.785,5.020,7.801,0.536,0.000
plant.place,13,88.804,45469868,130.109,31.556,28.143,2.051,0.000,0.000,0.000,19.373,19.702,32.464,15.726,60.389,49.610,3.164,0.961,36.510,2.073,3.407,24.936,2.229,8.153,10.154,0.904,0.057
soil.edit,14,2.008,11693723,42.865,34.309,34.324,0.000,0.000,0.000,0.000,0.000,0.000,0.000,0.000,4.590,2.064,0.107,0.605,0.110,1.339,3.812,27.543,2.607,7.282,11.519,0.806,0.000
plant.place,14,85.026,48146924,136.149,40.361,37.445,2.326,0.000,0.000,0.000,19.072,18.597,30.625,15.442,57.269,47.375,2.781,1.075,34.814,2.139,4.303,32.074,2.842,10.150,13.249,1.122,0.070
soil.edit,15,1.981,12335037,41.727,35.199,35.207,0.000,0.000,0.000,0.000,0.000,0.000,0.000,0.000,4.530,2.079,0.117,0.610,0.112,1.345,3.616,28.430,2.827,7.450,11.937,0.785,0.000
plant.place,15,91.923,48545988,141.808,41.057,37.754,2.131,0.000,0.000,0.000,18.735,20.793,34.664,16.079,62.564,51.351,3.120,1.111,37.043,2.201,4.423,32.630,2.810,10.321,13.848,1.150,0.060
soil.edit,16,1.556,10115650,37.775,31.054,31.069,0.000,0.000,0.000,0.000,0.000,0.000,0.000,0.000,3.516,1.502,0.088,0.524,0.079,0.892,3.286,25.229,2.228,6.586,10.546,0.733,0.000
plant.place,16,107.386,47028569,186.602,66.812,63.100,3.808,0.000,0.000,0.000,18.345,18.984,35.423,31.870,64.718,51.906,3.340,1.455,37.215,3.253,9.066,51.088,5.058,16.526,22.830,2.062,0.189
soil.edit,17,2.319,8399048,48.327,38.190,38.198,0.000,0.000,0.000,0.000,0.000,0.000,0.000,0.000,4.621,1.909,0.175,0.573,0.122,1.206,4.707,30.257,2.929,8.165,13.384,0.982,0.000
plant.place,17,390.911,45359805,435.863,38.023,28.996,2.424,0.000,0.000,0.000,36.673,33.678,177.025,141.381,212.630,191.368,3.750,1.437,132.496,4.898,4.517,29.111,3.128,10.912,11.699,1.233,0.059
soil.edit,18,1.682,7023101,26.023,19.597,19.603,0.000,0.000,0.000,0.000,0.000,0.000,0.000,0.000,3.767,1.661,0.078,0.393,0.103,1.156,2.247,15.662,1.447,4.270,6.768,0.477,0.000
plant.place,18,97.234,43288770,135.089,27.098,24.101,2.234,0.000,0.000,0.000,19.013,24.549,35.463,16.734,66.904,56.297,3.004,0.899,42.024,2.217,3.080,21.388,1.798,7.017,8.181,0.808,0.060
soil.edit,19,1.651,9725929,38.651,32.300,32.308,0.000,0.000,0.000,0.000,0.000,0.000,0.000,0.000,3.554,1.496,0.105,0.484,0.100,0.902,3.694,26.093,2.157,6.882,11.071,0.811,0.000
plant.place,19,100.700,46681196,145.515,35.259,31.328,2.261,0.000,0.000,0.000,22.037,21.952,36.242,18.568,69.694,57.622,3.315,1.056,40.616,2.285,3.676,28.132,2.312,9.573,12.550,1.065,0.066
soil.edit,20,2.400,13117953,53.261,43.504,43.515,0.000,0.000,0.000,0.000,0.000,0.000,0.000,0.000,5.257,2.340,0.166,0.684,0.154,1.490,4.761,35.584,2.710,9.244,14.859,1.038,0.000
plant.place,20,91.743,50023680,149.024,47.012,43.942,1.989,0.000,0.000,0.000,19.965,20.408,32.763,16.830,61.987,51.534,2.886,1.146,37.472,2.132,4.993,37.703,2.957,11.691,16.302,1.292,0.058
soil.edit,21,2.200,13415953,45.010,38.039,38.047,0.000,0.000,0.000,0.000,0.000,0.000,0.000,0.000,4.745,2.103,0.180,0.631,0.117,1.342,4.191,31.164,2.372,8.897,14.170,0.985,0.000
plant.place,21,97.589,50369324,153.616,46.956,43.317,2.502,0.000,0.000,0.000,19.177,22.667,36.221,17.907,66.438,54.904,3.327,1.136,39.069,2.202,4.852,37.992,2.952,12.325,17.104,1.348,0.058
soil.edit,22,1.741,11261381,39.930,31.987,32.001,0.000,0.000,0.000,0.000,0.000,0.000,0.000,0.000,3.690,1.541,0.130,0.506,0.095,0.932,3.512,26.114,2.095,7.619,12.262,0.848,0.000
plant.place,22,96.068,48622691,146.514,42.012,38.487,1.575,0.000,0.000,0.000,20.081,20.612,36.921,16.908,65.754,54.518,2.786,1.128,39.431,2.524,4.471,33.454,2.656,10.850,14.904,1.256,0.051
soil.edit,23,2.445,9240406,33.264,25.442,25.450,0.000,0.000,0.000,0.000,0.000,0.000,0.000,0.000,3.920,1.556,0.249,0.411,0.156,0.973,2.749,20.855,1.595,5.801,9.329,0.637,0.000
plant.place,23,97.641,46339312,142.076,34.424,30.280,2.075,0.000,0.000,0.000,19.658,19.491,37.942,18.900,64.212,53.083,2.546,1.067,40.022,2.169,3.517,27.615,2.257,8.805,11.695,0.987,0.059
soil.edit,24,1.646,7224182,26.279,19.554,19.563,0.000,0.000,0.000,0.000,0.000,0.000,0.000,0.000,3.637,1.583,0.113,0.385,0.086,1.105,2.114,15.905,1.341,4.275,6.883,0.483,0.000
plant.place,24,92.996,43902132,126.655,25.192,22.123,2.162,0.000,0.000,0.000,19.036,20.162,35.604,16.433,62.355,51.500,3.196,0.934,37.726,2.287,2.788,19.922,1.720,6.654,7.866,0.727,0.067
soil.edit,25,1.576,10015798,35.828,29.577,29.588,0.000,0.000,0.000,0.000,0.000,0.000,0.000,0.000,3.327,1.398,0.094,0.445,0.080,0.860,3.159,24.149,1.991,6.373,10.317,0.728,0.000
plant.place,25,94.949,47354859,140.203,36.655,32.947,2.001,0.000,0.000,0.000,21.248,19.514,33.672,18.787,62.939,51.901,2.865,1.036,37.026,2.507,3.890,29.013,2.363,9.352,12.254,1.050,0.059
soil.edit,26,1.548,13492124,45.594,38.602,38.620,0.000,0.000,0.000,0.000,0.000,0.000,0.000,0.000,4.270,1.983,0.072,0.609,0.072,1.293,4.043,31.617,2.586,8.572,13.965,0.946,0.000
plant.place,26,90.422,50828371,144.399,43.324,40.631,2.127,0.000,0.000,0.000,19.391,19.781,29.926,19.552,58.396,48.516,2.856,1.114,36.225,2.098,4.451,34.855,2.857,11.273,15.614,1.231,0.074
soil.edit,27,2.088,13691358,45.816,38.844,38.860,0.000,0.000,0.000,0.000,0.000,0.000,0.000,0.000,4.210,1.820,0.123,0.575,0.125,1.111,4.065,31.816,2.607,8.809,14.297,0.957,0.000
plant.place,27,96.907,51489607,201.899,92.740,89.532,2.344,0.000,0.000,0.000,18.331,19.039,31.497,24.352,62.192,49.442,2.729,1.571,35.289,3.215,13.630,70.431,6.651,21.757,34.026,2.778,0.116
soil.edit,28,3.054,11770071,60.625,48.810,48.819,0.000,0.000,0.000,0.000,0.000,0.000,0.000,0.000,6.243,2.578,0.228,0.659,0.137,1.768,6.908,38.088,3.431,10.918,18.010,1.493,0.000
plant.place,28,372.658,49562228,424.013,41.653,36.331,2.046,0.000,0.000,0.000,30.370,101.427,220.211,18.812,319.173,302.170,4.990,1.775,247.822,3.032,4.356,33.462,2.686,11.649,14.881,1.379,0.060
soil.edit,29,1.973,9509064,31.851,25.166,25.171,0.000,0.000,0.000,0.000,0.000,0.000,0.000,0.000,3.522,1.435,0.114,0.387,0.117,0.923,2.694,20.640,1.613,5.835,9.413,0.648,0.000
plant.place,29,91.386,47121299,133.511,32.548,29.498,2.101,0.000,0.000,0.000,19.327,20.486,32.764,17.257,61.585,51.317,2.761,1.006,37.170,2.333,3.453,26.066,2.157,8.660,11.371,0.959,0.060
soil.edit,30,1.657,7257744,27.074,20.573,20.584,0.000,0.000,0.000,0.000,0.000,0.000,0.000,0.000,3.110,1.227,0.116,0.339,0.091,0.791,2.258,16.658,1.450,4.520,7.500,0.496,0.000
plant.place,30,98.903,44547542,134.908,26.801,23.764,1.576,0.000,0.000,0.000,22.213,23.001,34.862,17.185,68.058,57.124,3.105,0.939,41.306,1.983,3.084,21.095,1.777,6.714,8.212,0.759,0.050
soil.edit,31,2.257,10314302,35.624,27.502,27.513,0.000,0.000,0.000,0.000,0.000,0.000,0.000,0.000,3.915,1.565,0.185,0.419,0.136,1.002,3.151,22.264,1.820,6.139,9.845,0.680,0.000
plant.place,31,95.795,48490431,141.165,35.441,32.247,2.077,0.000,0.000,0.000,20.587,21.421,34.316,17.680,64.909,53.757,3.038,1.055,37.799,2.433,3.922,28.175,2.237,9.251,12.068,1.019,0.057
soil.edit,32,1.996,13726370,45.852,39.142,39.150,0.000,0.000,0.000,0.000,0.000,0.000,0.000,0.000,4.093,1.694,0.150,0.576,0.112,0.998,4.504,31.711,2.571,8.719,14.129,0.979,0.000
plant.place,32,102.118,54080195,155.895,44.541,40.935,2.202,0.000,0.000,0.000,23.535,21.403,35.396,20.040,69.874,55.754,5.188,1.135,40.125,2.265,4.929,35.603,2.830,11.539,15.905,1.259,0.064
soil.edit,33,2.116,14184704,46.924,38.695,38.705,0.000,0.000,0.000,0.000,0.000,0.000,0.000,0.000,4.700,2.070,0.159,0.602,0.117,1.338,4.407,31.487,2.470,8.928,14.453,0.962,0.000
plant.place,33,98.631,51986961,158.460,48.800,45.555,2.515,0.000,0.000,0.000,20.972,23.964,35.514,16.728,68.783,57.123,3.513,1.157,40.739,2.279,5.217,38.972,3.139,12.412,17.480,1.345,0.066
soil.edit,34,1.582,12094346,40.893,34.390,34.399,0.000,0.000,0.000,0.000,0.000,0.000,0.000,0.000,4.084,1.852,0.107,0.546,0.073,1.224,3.629,28.169,2.256,7.682,12.565,0.858,0.000
plant.place,34,95.641,50059134,143.834,39.492,36.123,1.941,0.000,0.000,0.000,20.942,21.300,33.430,18.272,64.160,52.832,3.161,1.064,38.547,2.137,4.127,31.816,2.425,10.220,13.976,1.126,0.056
soil.edit,35,2.192,9779012,35.672,27.969,27.975,0.000,0.000,0.000,0.000,0.000,0.000,0.000,0.000,3.986,1.561,0.201,0.464,0.128,0.959,3.459,22.472,1.785,6.325,9.917,0.731,0.000
plant.place,35,93.565,47644513,135.843,32.218,29.105,2.161,0.000,0.000,0.000,19.353,23.403,33.561,15.590,64.062,53.191,3.368,0.930,39.220,2.042,3.533,25.646,2.068,8.474,11.062,0.929,0.059
chest.open,36,52.268,11263495,106.793,0.000,0.001,0.000,40.636,1.449,0.016,0.000,0.000,0.000,0.000,0.582,0.390,0.000,0.055,0.000,0.334,0.000,0.000,0.000,0.000,0.000,0.000,0.000
chest.open,36,48.512,11285258,111.008,0.000,0.001,0.000,39.244,1.364,0.014,0.000,0.000,0.000,0.000,0.489,0.327,0.000,0.046,0.000,0.279,0.000,0.000,0.000,0.000,0.000,0.000,0.000
bed.place,36,74.120,29370512,81.817,0.000,0.001,0.000,0.000,0.000,0.000,18.882,20.364,31.952,0.041,54.965,49.208,2.875,0.652,36.968,1.616,0.000,0.000,0.000,0.000,0.000,0.000,0.000
water.walk,36,0.005,306528,4.520,0.000,0.001,0.000,0.000,0.000,0.000,0.000,0.000,0.000,0.000,0.443,0.190,0.000,0.031,0.000,0.159,0.000,0.000,0.000,0.000,0.000,0.000,0.000
water.walk,36,0.002,3322695,16.657,0.000,0.000,0.000,0.000,0.000,0.000,0.000,0.000,0.000,0.000,1.851,1.182,0.000,0.177,0.000,0.999,0.000,0.000,0.000,0.000,0.000,0.000,0.000
water.walk,36,0.001,3129941,15.586,0.000,0.001,0.000,0.000,0.000,0.000,0.000,0.000,0.000,0.000,1.077,0.744,0.000,0.067,0.000,0.674,0.000,0.000,0.000,0.000,0.000,0.000,0.000
water.walk,36,0.001,417862,6.483,0.000,0.001,0.000,0.000,0.000,0.000,0.000,0.000,0.000,0.000,0.554,0.408,0.000,0.026,0.000,0.382,0.000,0.000,0.000,0.000,0.000,0.000,0.000
water.walk,36,0.001,353718,4.630,0.000,0.000,0.000,0.000,0.000,0.000,0.000,0.000,0.000,0.000,0.228,0.096,0.000,0.024,0.000,0.072,0.000,0.000,0.000,0.000,0.000,0.000,0.000
water.walk,36,0.000,375602,5.483,0.000,0.001,0.000,0.000,0.000,0.000,0.000,0.000,0.000,0.000,0.536,0.401,0.000,0.024,0.000,0.377,0.000,0.000,0.000,0.000,0.000,0.000,0.000
water.walk,36,0.000,354022,4.810,0.000,0.001,0.000,0.000,0.000,0.000,0.000,0.000,0.000,0.000,0.184,0.083,0.000,0.018,0.000,0.064,0.000,0.000,0.000,0.000,0.000,0.000,0.000
water.walk,36,0.001,311614,4.239,0.000,0.001,0.000,0.000,0.000,0.000,0.000,0.000,0.000,0.000,0.228,0.097,0.000,0.022,0.000,0.075,0.000,0.000,0.000,0.000,0.000,0.000,0.000
water.walk,36,0.001,311766,4.009,0.000,0.001,0.000,0.000,0.000,0.000,0.000,0.000,0.000,0.000,0.206,0.090,0.000,0.019,0.000,0.071,0.000,0.000,0.000,0.000,0.000,0.000,0.000
water.walk,36,0.001,376210,5.983,0.000,0.000,0.000,0.000,0.000,0.000,0.000,0.000,0.000,0.000,0.679,0.501,0.000,0.033,0.000,0.467,0.000,0.000,0.000,0.000,0.000,0.000,0.000
water.walk,36,0.001,354630,5.572,0.000,0.001,0.000,0.000,0.000,0.000,0.000,0.000,0.000,0.000,0.239,0.105,0.000,0.028,0.000,0.076,0.000,0.000,0.000,0.000,0.000,0.000,0.000
water.walk,36,0.001,312222,3.771,0.000,0.001,0.000,0.000,0.000,0.000,0.000,0.000,0.000,0.000,0.203,0.090,0.000,0.021,0.000,0.069,0.000,0.000,0.000,0.000,0.000,0.000,0.000
water.walk,36,0.001,312374,3.583,0.000,0.001,0.000,0.000,0.000,0.000,0.000,0.000,0.000,0.000,0.216,0.092,0.000,0.021,0.000,0.071,0.000,0.000,0.000,0.000,0.000,0.000,0.000
water.walk,36,0.000,376818,5.272,0.000,0.001,0.000,0.000,0.000,0.000,0.000,0.000,0.000,0.000,0.620,0.472,0.000,0.024,0.000,0.447,0.000,0.000,0.000,0.000,0.000,0.000,0.000
water.walk,36,0.001,355238,5.045,0.000,0.000,0.000,0.000,0.000,0.000,0.000,0.000,0.000,0.000,0.239,0.103,0.000,0.026,0.000,0.076,0.000,0.000,0.000,0.000,0.000,0.000,0.000
water.walk,36,0.001,312782,3.771,0.000,0.001,0.000,0.000,0.000,0.000,0.000,0.000,0.000,0.000,0.205,0.089,0.000,0.019,0.000,0.069,0.000,0.000,0.000,0.000,0.000,0.000,0.000
water.walk,36,0.001,313318,4.707,0.000,0.001,0.000,0.000,0.000,0.000,0.000,0.000,0.000,0.000,0.264,0.110,0.000,0.027,0.000,0.082,0.000,0.000,0.000,0.000,0.000,0.000,0.000
water.walk,36,0.001,377378,5.450,0.000,0.001,0.000,0.000,0.000,0.000,0.000,0.000,0.000,0.000,0.691,0.526,0.000,0.036,0.000,0.490,0.000,0.000,0.000,0.000,0.000,0.000,0.000
water.walk,36,0.001,375594,6.277,0.000,0.001,0.000,0.000,0.000,0.000,0.000,0.000,0.000,0.000,0.205,0.088,0.000,0.018,0.000,0.069,0.000,0.000,0.000,0.000,0.000,0.000,0.000
water.walk,36,0.001,320305,5.367,0.000,0.001,0.000,0.000,0.000,0.000,0.000,0.000,0.000,0.000,0.265,0.111,0.000,0.026,0.000,0.084,0.000,0.000,0.000,0.000,0.000,0.000,0.000
water.walk,36,0.001,431140,5.270,0.000,0.001,0.000,0.000,0.000,0.000,0.000,0.000,0.000,0.000,0.893,0.678,0.000,0.033,0.000,0.644,0.000,0.000,0.000,0.000,0.000,0.000,0.000
water.walk,36,0.001,1427309,10.169,0.000,0.000,2.450,0.000,0.000,0.000,0.000,0.000,0.000,0.000,0.814,0.518,0.000,0.062,0.000,0.454,0.000,0.000,0.000,0.553,0.000,0.064,0.060
water.walk,36,0.001,328390,4.104,0.000,0.001,0.000,0.000,0.000,0.000,0.000,0.000,0.000,0.000,0.261,0.116,0.000,0.025,0.000,0.090,0.000,0.000,0.000,0.000,0.000,0.000,0.000
water.walk,36,0.001,378746,5.186,0.000,0.001,0.000,0.000,0.000,0.000,0.000,0.000,0.000,0.000,0.651,0.491,0.000,0.028,0.000,0.462,0.000,0.000,0.000,0.000,0.000,0.000,0.000
water.walk,36,0.001,357166,5.309,0.000,0.001,0.000,0.000,0.000,0.000,0.000,0.000,0.000,0.000,0.202,0.089,0.000,0.021,0.000,0.068,0.000,0.000,0.000,0.000,0.000,0.000,0.000
water.walk,36,0.001,314758,3.884,0.000,0.001,0.000,0.000,0.000,0.000,0.000,0.000,0.000,0.000,0.269,0.110,0.000,0.024,0.000,0.085,0.000,0.000,0.000,0.000,0.000,0.000,0.000
water.walk,36,0.000,324122,3.646,0.000,0.000,0.000,0.000,0.000,0.000,0.000,0.000,0.000,0.000,0.205,0.093,0.000,0.018,0.000,0.075,0.000,0.000,0.000,0.000,0.000,0.000,0.000
water.walk,36,0.001,315062,3.403,0.000,0.001,0.000,0.000,0.000,0.000,0.000,0.000,0.000,0.000,0.200,0.091,0.000,0.021,0.000,0.070,0.000,0.000,0.000,0.000,0.000,0.000,0.000
water.walk,36,0.001,379558,5.080,0.000,0.001,0.000,0.000,0.000,0.000,0.000,0.000,0.000,0.000,0.628,0.472,0.000,0.026,0.000,0.445,0.000,0.000,0.000,0.000,0.000,0.000,0.000
water.walk,36,0.001,357926,5.396,0.000,0.000,0.000,0.000,0.000,0.000,0.000,0.000,0.000,0.000,0.230,0.097,0.000,0.023,0.000,0.074,0.000,0.000,0.000,0.000,0.000,0.000,0.000
water.walk,36,0.001,315518,4.803,0.000,0.001,0.000,0.000,0.000,0.000,0.000,0.000,0.000,0.000,0.338,0.123,0.000,0.024,0.000,0.098,0.000,0.000,0.000,0.000,0.000,0.000,0.000
water.walk,36,0.001,315670,4.183,0.000,0.001,0.000,0.000,0.000,0.000,0.000,0.000,0.000,0.000,0.239,0.101,0.000,0.022,0.000,0.078,0.000,0.000,0.000,0.000,0.000,0.000,0.000
water.walk,36,0.001,380114,5.632,0.000,0.001,0.000,0.000,0.000,0.000,0.000,0.000,0.000,0.000,0.721,0.550,0.000,0.032,0.000,0.517,0.000,0.000,0.000,0.000,0.000,0.000,0.000
water.walk,36,0.001,358534,5.609,0.000,0.001,0.000,0.000,0.000,0.000,0.000,0.000,0.000,0.000,0.232,0.100,0.000,0.023,0.000,0.077,0.000,0.000,0.000,0.000,0.000,0.000,0.000
water.walk,36,0.001,316126,4.123,0.000,0.000,0.000,0.000,0.000,0.000,0.000,0.000,0.000,0.000,0.239,0.105,0.000,0.025,0.000,0.079,0.000,0.000,0.000,0.000,0.000,0.000,0.000
water.walk,36,0.001,316278,3.870,0.000,0.001,0.000,0.000,0.000,0.000,0.000,0.000,0.000,0.000,0.243,0.102,0.000,0.023,0.000,0.078,0.000,0.000,0.000,0.000,0.000,0.000,0.000
water.walk,36,0.001,380722,5.030,0.000,0.001,0.000,0.000,0.000,0.000,0.000,0.000,0.000,0.000,0.662,0.491,0.000,0.028,0.000,0.462,0.000,0.000,0.000,0.000,0.000,0.000,0.000
water.walk,36,0.001,359142,4.755,0.000,0.001,0.000,0.000,0.000,0.000,0.000,0.000,0.000,0.000,0.206,0.089,0.000,0.018,0.000,0.070,0.000,0.000,0.000,0.000,0.000,0.000,0.000
water.walk,36,0.001,316734,3.443,0.000,0.001,0.000,0.000,0.000,0.000,0.000,0.000,0.000,0.000,0.196,0.085,0.000,0.021,0.000,0.064,0.000,0.000,0.000,0.000,0.000,0.000,0.000
water.walk,36,0.001,316886,4.082,0.000,0.001,0.000,0.000,0.000,0.000,0.000,0.000,0.000,0.000,0.220,0.098,0.000,0.021,0.000,0.076,0.000,0.000,0.000,0.000,0.000,0.000,0.000
water.walk,36,0.001,381330,5.308,0.000,0.000,0.000,0.000,0.000,0.000,0.000,0.000,0.000,0.000,0.676,0.502,0.000,0.036,0.000,0.465,0.000,0.000,0.000,0.000,0.000,0.000,0.000
water.walk,36,0.001,359750,5.055,0.000,0.001,0.000,0.000,0.000,0.000,0.000,0.000,0.000,0.000,0.202,0.084,0.000,0.018,0.000,0.065,0.000,0.000,0.000,0.000,0.000,0.000,0.000
water.walk,36,0.001,317342,4.196,0.000,0.001,0.000,0.000,0.000,0.000,0.000,0.000,0.000,0.000,0.204,0.086,0.000,0.019,0.000,0.066,0.000,0.000,0.000,0.000,0.000,0.000,0.000
water.walk,36,0.001,317494,3.874,0.000,0.001,0.000,0.000,0.000,0.000,0.000,0.000,0.000,0.000,0.240,0.101,0.000,0.027,0.000,0.073,0.000,0.000,0.000,0.000,0.000,0.000,0.000
water.walk,36,0.000,381938,4.143,0.000,0.000,0.000,0.000,0.000,0.000,0.000,0.000,0.000,0.000,0.551,0.419,0.000,0.027,0.000,0.392,0.000,0.000,0.000,0.000,0.000,0.000,0.000
water.walk,36,0.001,360358,5.371,0.000,0.001,0.000,0.000,0.000,0.000,0.000,0.000,0.000,0.000,0.200,0.086,0.000,0.020,0.000,0.065,0.000,0.000,0.000,0.000,0.000,0.000,0.000
water.walk,36,0.001,492665,5.619,0.000,0.001,0.000,0.000,0.000,0.000,0.000,0.000,0.000,0.000,0.897,0.564,0.000,0.074,0.000,0.487,0.000,0.000,0.000,0.000,0.000,0.000,0.000
water.walk,36,0.001,318102,4.142,0.000,0.001,0.000,0.000,0.000,0.000,0.000,0.000,0.000,0.000,0.224,0.091,0.000,0.020,0.000,0.071,0.000,0.000,0.000,0.000,0.000,0.000,0.000
water.walk,36,0.001,402342,6.091,0.000,0.001,0.000,0.000,0.000,0.000,0.000,0.000,0.000,0.000,0.722,0.543,0.000,0.036,0.000,0.505,0.000,0.000,0.000,0.000,0.000,0.000,0.000
water.walk,36,0.001,367881,6.308,0.000,0.001,0.000,0.000,0.000,0.000,0.000,0.000,0.000,0.000,0.236,0.102,0.000,0.024,0.000,0.078,0.000,0.000,0.000,0.000,0.000,0.000,0.000
water.walk,36,0.001,318558,4.562,0.000,0.001,0.000,0.000,0.000,0.000,0.000,0.000,0.000,0.000,0.245,0.100,0.000,0.023,0.000,0.077,0.000,0.000,0.000,0.000,0.000,0.000,0.000
water.walk,36,0.001,318710,3.912,0.000,0.001,0.000,0.000,0.000,0.000,0.000,0.000,0.000,0.000,0.241,0.102,0.000,0.023,0.000,0.079,0.000,0.000,0.000,0.000,0.000,0.000,0.000
water.walk,36,0.001,383154,5.533,0.000,0.001,0.000,0.000,0.000,0.000,0.000,0.000,0.000,0.000,0.663,0.495,0.000,0.030,0.000,0.465,0.000,0.000,0.000,0.000,0.000,0.000,0.000
water.walk,36,0.001,361574,5.669,0.000,0.000,0.000,0.000,0.000,0.000,0.000,0.000,0.000,0.000,0.236,0.103,0.000,0.028,0.000,0.075,0.000,0.000,0.000,0.000,0.000,0.000,0.000
water.walk,36,0.001,319166,3.711,0.000,0.001,0.000,0.000,0.000,0.000,0.000,0.000,0.000,0.000,0.252,0.106,0.000,0.025,0.000,0.081,0.000,0.000,0.000,0.000,0.000,0.000,0.000
water.walk,36,0.001,319318,4.086,0.000,0.001,0.000,0.000,0.000,0.000,0.000,0.000,0.000,0.000,0.203,0.089,0.000,0.020,0.000,0.069,0.000,0.000,0.000,0.000,0.000,0.000,0.000
water.walk,36,0.001,383762,5.092,0.000,0.001,0.000,0.000,0.000,0.000,0.000,0.000,0.000,0.000,0.669,0.497,0.000,0.032,0.000,0.464,0.000,0.000,0.000,0.000,0.000,0.000,0.000
water.walk,36,0.000,362182,5.095,0.000,0.001,0.000,0.000,0.000,0.000,0.000,0.000,0.000,0.000,0.194,0.083,0.000,0.018,0.000,0.065,0.000,0.000,0.000,0.000,0.000,0.000,0.000
water.walk,36,0.001,326270,3.904,0.000,0.001,0.000,0.000,0.000,0.000,0.000,0.000,0.000,0.000,0.238,0.104,0.000,0.023,0.000,0.081,0.000,0.000,0.000,0.000,0.000,0.000,0.000
water.walk,36,0.000,319926,4.198,0.000,0.001,0.000,0.000,0.000,0.000,0.000,0.000,0.000,0.000,0.233,0.103,0.000,0.022,0.000,0.081,0.000,0.000,0.000,0.000,0.000,0.000,0.000
water.walk,36,0.001,384370,5.351,0.000,0.001,0.000,0.000,0.000,0.000,0.000,0.000,0.000,0.000,0.659,0.487,0.000,0.032,0.000,0.455,0.000,0.000,0.000,0.000,0.000,0.000,0.000
water.walk,36,0.001,362790,5.709,0.000,0.000,0.000,0.000,0.000,0.000,0.000,0.000,0.000,0.000,0.206,0.089,0.000,0.020,0.000,0.068,0.000,0.000,0.000,0.000,0.000,0.000,0.000
water.walk,36,0.001,320382,3.380,0.000,0.000,0.000,0.000,0.000,0.000,0.000,0.000,0.000,0.000,0.214,0.092,0.000,0.023,0.000,0.069,0.000,0.000,0.000,0.000,0.000,0.000,0.000
water.walk,36,0.001,320534,4.272,0.000,0.001,0.000,0.000,0.000,0.000,0.000,0.000,0.000,0.000,0.221,0.092,0.000,0.022,0.000,0.070,0.000,0.000,0.000,0.000,0.000,0.000,0.000
water.walk,36,0.001,384978,4.978,0.000,0.001,0.000,0.000,0.000,0.000,0.000,0.000,0.000,0.000,0.638,0.476,0.000,0.028,0.000,0.448,0.000,0.000,0.000,0.000,0.000,0.000,0.000
water.walk,36,0.001,363398,5.715,0.000,0.001,0.000,0.000,0.000,0.000,0.000,0.000,0.000,0.000,0.216,0.097,0.000,0.021,0.000,0.076,0.000,0.000,0.000,0.000,0.000,0.000,0.000
water.walk,36,0.001,320990,4.188,0.000,0.001,0.000,0.000,0.000,0.000,0.000,0.000,0.000,0.000,0.279,0.106,0.000,0.025,0.000,0.081,0.000,0.000,0.000,0.000,0.000,0.000,0.000
water.walk,36,0.000,321142,3.679,0.000,0.001,0.000,0.000,0.000,0.000,0.000,0.000,0.000,0.000,0.204,0.088,0.000,0.019,0.000,0.068,0.000,0.000,0.000,0.000,0.000,0.000,0.000
water.walk,36,0.001,438892,5.318,0.000,0.001,0.000,0.000,0.000,0.000,0.000,0.000,0.000,0.000,0.845,0.635,0.000,0.029,0.000,0.605,0.000,0.000,0.000,0.000,0.000,0.000,0.000
water.walk,36,0.001,1284538,8.712,0.000,0.000,2.550,0.000,0.000,0.000,0.000,0.000,0.000,0.000,0.272,0.101,0.000,0.023,0.000,0.078,0.000,0.000,0.000,0.552,0.000,0.061,0.064
water.walk,36,0.001,496771,5.457,0.000,0.001,0.000,0.000,0.000,0.000,0.000,0.000,0.000,0.000,0.877,0.525,0.000,0.071,0.000,0.452,0.000,0.000,0.000,0.000,0.000,0.000,0.000
water.walk,36,0.001,386498,5.917,0.000,0.001,0.000,0.000,0.000,0.000,0.000,0.000,0.000,0.000,0.628,0.471,0.000,0.029,0.000,0.441,0.000,0.000,0.000,0.000,0.000,0.000,0.000
water.walk,36,0.001,364918,5.245,0.000,0.001,0.000,0.000,0.000,0.000,0.000,0.000,0.000,0.000,0.263,0.106,0.000,0.024,0.000,0.081,0.000,0.000,0.000,0.000,0.000,0.000,0.000
water.walk,36,0.001,322510,3.712,0.000,0.001,0.000,0.000,0.000,0.000,0.000,0.000,0.000,0.000,0.208,0.093,0.000,0.021,0.000,0.072,0.000,0.000,0.000,0.000,0.000,0.000,0.000
water.walk,36,0.001,322662,4.112,0.000,0.001,0.000,0.000,0.000,0.000,0.000,0.000,0.000,0.000,0.210,0.093,0.000,0.021,0.000,0.072,0.000,0.000,0.000,0.000,0.000,0.000,0.000
water.walk,36,0.001,387106,5.200,0.000,0.001,0.000,0.000,0.000,0.000,0.000,0.000,0.000,0.000,0.666,0.504,0.000,0.032,0.000,0.471,0.000,0.000,0.000,0.000,0.000,0.000,0.000
water.walk,36,0.001,365526,5.157,0.000,0.000,0.000,0.000,0.000,0.000,0.000,0.000,0.000,0.000,0.202,0.087,0.000,0.019,0.000,0.068,0.000,0.000,0.000,0.000,0.000,0.000,0.000
water.walk,36,0.001,342914,4.454,0.000,0.001,0.000,0.000,0.000,0.000,0.000,0.000,0.000,0.000,0.220,0.097,0.000,0.021,0.000,0.076,0.000,0.000,0.000,0.000,0.000,0.000,0.000
water.walk,36,0.001,330185,5.234,0.000,0.001,0.000,0.000,0.000,0.000,0.000,0.000,0.000,0.000,0.262,0.113,0.000,0.026,0.000,0.086,0.000,0.000,0.000,0.000,0.000,0.000,0.000
water.walk,36,0.001,387714,4.946,0.000,0.000,0.000,0.000,0.000,0.000,0.000,0.000,0.000,0.000,0.674,0.509,0.000,0.033,0.000,0.475,0.000,0.000,0.000,0.000,0.000,0.000,0.000
water.walk,36,0.001,366134,5.215,0.000,0.001,0.000,0.000,0.000,0.000,0.000,0.000,0.000,0.000,0.222,0.099,0.000,0.022,0.000,0.077,0.000,0.000,0.000,0.000,0.000,0.000,0.000
water.walk,36,0.001,323726,4.176,0.000,0.001,0.000,0.000,0.000,0.000,0.000,0.000,0.000,0.000,0.237,0.097,0.000,0.022,0.000,0.074,0.000,0.000,0.000,0.000,0.000,0.000,0.000
water.walk,36,0.001,323878,3.830,0.000,0.001,0.000,0.000,0.000,0.000,0.000,0.000,0.000,0.000,0.242,0.103,0.000,0.025,0.000,0.077,0.000,0.000,0.000,0.000,0.000,0.000,0.000
water.walk,36,0.001,388322,4.871,0.000,0.001,0.000,0.000,0.000,0.000,0.000,0.000,0.000,0.000,0.629,0.472,0.000,0.026,0.000,0.445,0.000,0.000,0.000,0.000,0.000,0.000,0.000
water.walk,36,0.001,366742,5.334,0.000,0.001,0.000,0.000,0.000,0.000,0.000,0.000,0.000,0.000,0.203,0.094,0.000,0.021,0.000,0.072,0.000,0.000,0.000,0.000,0.000,0.000,0.000
water.walk,36,0.001,324334,4.249,0.000,0.001,0.000,0.000,0.000,0.000,0.000,0.000,0.000,0.000,0.246,0.103,0.000,0.025,0.000,0.078,0.000,0.000,0.000,0.000,0.000,0.000,0.000
water.walk,36,0.001,324486,4.005,0.000,0.001,0.000,0.000,0.000,0.000,0.000,0.000,0.000,0.000,0.263,0.114,0.000,0.028,0.000,0.086,0.000,0.000,0.000,0.000,0.000,0.000,0.000
water.walk,36,0.000,388930,4.898,0.000,0.001,0.000,0.000,0.000,0.000,0.000,0.000,0.000,0.000,0.677,0.520,0.000,0.032,0.000,0.487,0.000,0.000,0.000,0.000,0.000,0.000,0.000
water.walk,36,0.001,367350,5.388,0.000,0.000,0.000,0.000,0.000,0.000,0.000,0.000,0.000,0.000,0.202,0.084,0.000,0.019,0.000,0.065,0.000,0.000,0.000,0.000,0.000,0.000,0.000
water.walk,36,0.001,324942,3.729,0.000,0.001,0.000,0.000,0.000,0.000,0.000,0.000,0.000,0.000,0.228,0.096,0.000,0.022,0.000,0.074,0.000,0.000,0.000,0.000,0.000,0.000,0.000
water.walk,36,0.001,325094,3.317,0.000,0.001,0.000,0.000,0.000,0.000,0.000,0.000,0.000,0.000,0.203,0.091,0.000,0.019,0.000,0.071,0.000,0.000,0.000,0.000,0.000,0.000,0.000
water.walk,36,0.001,325246,3.820,0.000,0.001,0.000,0.000,0.000,0.000,0.000,0.000,0.000,0.000,0.204,0.091,0.000,0.021,0.000,0.070,0.000,0.000,0.000,0.000,0.000,0.000,0.000
water.walk,36,0.001,389690,4.310,0.000,0.001,0.000,0.000,0.000,0.000,0.000,0.000,0.000,0.000,0.571,0.428,0.000,0.028,0.000,0.399,0.000,0.000,0.000,0.000,0.000,0.000,0.000
water.walk,36,0.001,368110,5.354,0.000,0.001,0.000,0.000,0.000,0.000,0.000,0.000,0.000,0.000,0.223,0.094,0.000,0.023,0.000,0.071,0.000,0.000,0.000,0.000,0.000,0.000,0.000
water.walk,36,0.001,325702,3.738,0.000,0.001,0.000,0.000,0.000,0.000,0.000,0.000,0.000,0.000,0.235,0.101,0.000,0.023,0.000,0.078,0.000,0.000,0.000,0.000,0.000,0.000,0.000
water.walk,36,0.001,325854,3.420,0.000,0.001,0.000,0.000,0.000,0.000,0.000,0.000,0.000,0.000,0.196,0.083,0.000,0.018,0.000,0.065,0.000,0.000,0.000,0.000,0.000,0.000,0.000
water.walk,36,0.001,565013,6.639,0.000,0.001,0.000,0.000,0.000,0.000,0.000,0.000,0.000,0.000,1.359,0.997,0.000,0.076,0.000,0.920,0.000,0.000,0.000,0.000,0.000,0.000,0.000
water.walk,36,0.001,368718,4.875,0.000,0.001,0.000,0.000,0.000,0.000,0.000,0.000,0.000,0.000,0.194,0.085,0.000,0.018,0.000,0.066,0.000,0.000,0.000,0.000,0.000,0.000,0.000
water.walk,36,0.000,326310,3.328,0.000,0.001,0.000,0.000,0.000,0.000,0.000,0.000,0.000,0.000,0.198,0.091,0.000,0.018,0.000,0.073,0.000,0.000,0.000,0.000,0.000,0.000,0.000
water.walk,36,0.001,326462,3.925,0.000,0.000,0.000,0.000,0.000,0.000,0.000,0.000,0.000,0.000,0.196,0.086,0.000,0.018,0.000,0.068,0.000,0.000,0.000,0.000,0.000,0.000,0.000
water.walk,36,0.001,390906,4.677,0.000,0.000,0.000,0.000,0.000,0.000,0.000,0.000,0.000,0.000,0.647,0.486,0.000,0.030,0.000,0.454,0.000,0.000,0.000,0.000,0.000,0.000,0.000
water.walk,36,0.001,369326,5.501,0.000,0.001,0.000,0.000,0.000,0.000,0.000,0.000,0.000,0.000,0.196,0.086,0.000,0.020,0.000,0.066,0.000,0.000,0.000,0.000,0.000,0.000,0.000
water.walk,36,0.001,326918,3.712,0.000,0.000,0.000,0.000,0.000,0.000,0.000,0.000,0.000,0.000,0.240,0.111,0.000,0.029,0.000,0.081,0.000,0.000,0.000,0.000,0.000,0.000,0.000
water.walk,36,0.001,327070,5.137,0.000,0.001,0.000,0.000,0.000,0.000,0.000,0.000,0.000,0.000,0.276,0.114,0.000,0.021,0.000,0.093,0.000,0.000,0.000,0.000,0.000,0.000,0.000
water.walk,36,0.001,391514,5.072,0.000,0.000,0.000,0.000,0.000,0.000,0.000,0.000,0.000,0.000,0.687,0.534,0.000,0.030,0.000,0.503,0.000,0.000,0.000,0.000,0.000,0.000,0.000
water.walk,36,0.001,369934,5.202,0.000,0.001,0.000,0.000,0.000,0.000,0.000,0.000,0.000,0.000,0.210,0.093,0.000,0.019,0.000,0.074,0.000,0.000,0.000,0.000,0.000,0.000,0.000
water.walk,36,0.001,327526,4.210,0.000,0.001,0.000,0.000,0.000,0.000,0.000,0.000,0.000,0.000,0.236,0.094,0.000,0.022,0.000,0.072,0.000,0.000,0.000,0.000,0.000,0.000,0.000
water.walk,36,0.001,327678,4.026,0.000,0.000,0.000,0.000,0.000,0.000,0.000,0.000,0.000,0.000,0.240,0.101,0.000,0.026,0.000,0.074,0.000,0.000,0.000,0.000,0.000,0.000,0.000
water.walk,36,0.001,327830,3.622,0.000,0.000,0.000,0.000,0.000,0.000,0.000,0.000,0.000,0.000,0.209,0.093,0.000,0.020,0.000,0.073,0.000,0.000,0.000,0.000,0.000,0.000,0.000
water.walk,36,0.001,397539,5.661,0.000,0.001,0.000,0.000,0.000,0.000,0.000,0.000,0.000,0.000,0.648,0.487,0.000,0.026,0.000,0.460,0.000,0.000,0.000,0.000,0.000,0.000,0.000
water.walk,36,0.001,370746,5.020,0.000,0.001,0.000,0.000,0.000,0.000,0.000,0.000,0.000,0.000,0.238,0.096,0.000,0.022,0.000,0.074,0.000,0.000,0.000,0.000,0.000,0.000,0.000
water.walk,36,0.000,328286,3.343,0.000,0.001,0.000,0.000,0.000,0.000,0.000,0.000,0.000,0.000,0.196,0.086,0.000,0.018,0.000,0.067,0.000,0.000,0.000,0.000,0.000,0.000,0.000
water.walk,36,0.000,328438,3.667,0.000,0.000,0.000,0.000,0.000,0.000,0.000,0.000,0.000,0.000,0.213,0.087,0.000,0.019,0.000,0.068,0.000,0.000,0.000,0.000,0.000,0.000,0.000
water.walk,36,0.001,392882,4.962,0.000,0.001,0.000,0.000,0.000,0.000,0.000,0.000,0.000,0.000,0.646,0.494,0.000,0.033,0.000,0.461,0.000,0.000,0.000,0.000,0.000,0.000,0.000
water.walk,36,0.001,371302,4.785,0.000,0.000,0.000,0.000,0.000,0.000,0.000,0.000,0.000,0.000,0.204,0.086,0.000,0.020,0.000,0.066,0.000,0.000,0.000,0.000,0.000,0.000,0.000
water.walk,36,0.000,328894,6.760,0.000,0.001,0.000,0.000,0.000,0.000,0.000,0.000,0.000,0.000,0.194,0.086,0.000,0.018,0.000,0.067,0.000,0.000,0.000,0.000,0.000,0.000,0.000
water.walk,36,0.001,393338,9.457,0.000,0.001,0.000,0.000,0.000,0.000,0.000,0.000,0.000,0.000,1.173,0.869,0.000,0.078,0.000,0.789,0.000,0.000,0.000,0.000,0.000,0.000,0.000
water.walk,36,0.001,371758,10.027,0.000,0.001,0.000,0.000,0.000,0.000,0.000,0.000,0.000,0.000,0.358,0.168,0.000,0.021,0.000,0.146,0.000,0.000,0.000,0.000,0.000,0.000,0.000
water.walk,36,0.001,446950,10.514,0.000,0.001,0.000,0.000,0.000,0.000,0.000,0.000,0.000,0.000,1.481,1.173,0.000,0.063,0.000,1.108,0.000,0.000,0.000,0.000,0.000,0.000,0.000
water.walk,36,0.001,1490703,17.397,0.000,0.000,4.572,0.000,0.000,0.000,0.000,0.000,0.000,0.000,1.173,0.753,0.000,0.105,0.000,0.646,0.000,0.000,0.000,1.176,0.000,0.165,0.114
water.walk,36,0.004,408490,10.435,0.000,0.001,0.000,0.000,0.000,0.000,0.000,0.000,0.000,0.000,1.322,1.040,0.000,0.049,0.000,0.990,0.000,0.000,0.000,0.000,0.000,0.000,0.000
water.walk,36,0.001,437116,10.585,0.000,0.001,0.000,0.000,0.000,0.000,0.000,0.000,0.000,0.000,0.889,0.681,0.000,0.028,0.000,0.651,0.000,0.000,0.000,0.000,0.000,0.000,0.000
water.walk,36,0.001,372976,9.882,0.000,0.001,0.000,0.000,0.000,0.000,0.000,0.000,0.000,0.000,0.430,0.251,0.000,0.022,0.000,0.228,0.000,0.000,0.000,0.000,0.000,0.000,0.000
water.walk,36,0.001,394858,9.714,0.000,0.001,0.000,0.000,0.000,0.000,0.000,0.000,0.000,0.000,0.912,0.692,0.000,0.032,0.000,0.659,0.000,0.000,0.000,0.000,0.000,0.000,0.000
water.walk,36,0.001,373278,9.354,0.000,0.001,0.000,0.000,0.000,0.000,0.000,0.000,0.000,0.000,0.378,0.154,0.000,0.025,0.000,0.129,0.000,0.000,0.000,0.000,0.000,0.000,0.000
water.walk,36,0.001,395162,9.237,0.000,0.001,0.000,0.000,0.000,0.000,0.000,0.000,0.000,0.000,1.066,0.808,0.000,0.030,0.000,0.777,0.000,0.000,0.000,0.000,0.000,0.000,0.000
water.walk,36,0.001,373582,9.380,0.000,0.001,0.000,0.000,0.000,0.000,0.000,0.000,0.000,0.000,0.338,0.168,0.000,0.041,0.000,0.126,0.000,0.000,0.000,0.000,0.000,0.000,0.000
water.walk,36,0.001,415262,10.125,0.000,0.001,0.000,0.000,0.000,0.000,0.000,0.000,0.000,0.000,0.883,0.704,0.000,0.034,0.000,0.669,0.000,0.000,0.000,0.000,0.000,0.000,0.000
water.walk,36,0.001,380803,10.868,0.000,0.000,0.000,0.000,0.000,0.000,0.000,0.000,0.000,0.000,0.422,0.125,0.000,0.026,0.000,0.099,0.000,0.000,0.000,0.000,0.000,0.000,0.000
water.walk,36,0.001,395772,9.330,0.000,0.001,0.000,0.000,0.000,0.000,0.000,0.000,0.000,0.000,0.842,0.628,0.000,0.033,0.000,0.594,0.000,0.000,0.000,0.000,0.000,0.000,0.000
water.walk,36,0.001,548905,10.841,0.000,0.001,0.000,0.000,0.000,0.000,0.000,0.000,0.000,0.000,1.085,0.592,0.000,0.078,0.000,0.512,0.000,0.000,0.000,0.000,0.000,0.000,0.000
water.walk,36,0.008,396076,9.064,0.000,0.001,0.000,0.000,0.000,0.000,0.000,0.000,0.000,0.000,0.868,0.606,0.000,0.039,0.000,0.566,0.000,0.000,0.000,0.000,0.000,0.000,0.000
water.walk,36,0.001,374546,8.420,0.000,0.001,0.000,0.000,0.000,0.000,0.000,0.000,0.000,0.000,0.251,0.112,0.000,0.022,0.000,0.090,0.000,0.000,0.000,0.000,0.000,0.000,0.000
water.walk,36,0.001,396378,8.671,0.000,0.002,0.000,0.000,0.000,0.000,0.000,0.000,0.000,0.000,0.698,0.493,0.000,0.026,0.000,0.465,0.000,0.000,0.000,0.000,0.000,0.000,0.000
water.walk,36,0.000,374798,9.624,0.000,0.004,0.000,0.000,0.000,0.000,0.000,0.000,0.000,0.000,0.403,0.174,0.000,0.050,0.000,0.123,0.000,0.000,0.000,0.000,0.000,0.000,0.000
water.walk,36,0.001,404916,10.342,0.000,0.001,0.000,0.000,0.000,0.000,0.000,0.000,0.000,0.000,1.234,0.855,0.000,0.040,0.000,0.813,0.000,0.000,0.000,0.000,0.000,0.000,0.000
water.walk,36,0.001,375104,9.445,0.000,0.001,0.000,0.000,0.000,0.000,0.000,0.000,0.000,0.000,0.430,0.243,0.000,0.049,0.000,0.193,0.000,0.000,0.000,0.000,0.000,0.000,0.000
water.walk,36,0.001,396986,9.142,0.000,0.000,0.000,0.000,0.000,0.000,0.000,0.000,0.000,0.000,0.802,0.622,0.000,0.031,0.000,0.591,0.000,0.000,0.000,0.000,0.000,0.000,0.000
water.walk,36,0.001,375406,9.007,0.000,0.001,0.000,0.000,0.000,0.000,0.000,0.000,0.000,0.000,0.289,0.132,0.000,0.029,0.000,0.103,0.000,0.000,0.000,0.000,0.000,0.000,0.000
water.walk,36,0.001,332998,7.277,0.000,0.001,0.000,0.000,0.000,0.000,0.000,0.000,0.000,0.000,0.260,0.106,0.000,0.022,0.000,0.084,0.000,0.000,0.000,0.000,0.000,0.000,0.000
water.walk,36,0.001,397442,8.915,0.000,0.000,0.000,0.000,0.000,0.000,0.000,0.000,0.000,0.000,0.812,0.579,0.000,0.037,0.000,0.542,0.000,0.000,0.000,0.000,0.000,0.000,0.000
water.walk,36,0.001,375862,16.251,0.000,0.001,0.000,0.000,0.000,0.000,0.000,0.000,0.000,0.000,0.669,0.400,0.000,0.087,0.000,0.312,0.000,0.000,0.000,0.000,0.000,0.000,0.000
water.walk,36,0.001,403013,14.976,0.000,0.001,0.000,0.000,0.000,0.000,0.000,0.000,0.000,0.000,2.254,1.861,0.000,0.042,0.000,1.814,0.000,0.000,0.000,0.000,0.000,0.000,0.000
water.walk,36,0.001,3452638,68.959,0.000,0.000,0.000,0.000,0.000,0.000,0.000,0.000,0.000,0.000,8.143,5.911,0.000,1.057,0.000,4.845,0.000,0.000,0.000,0.000,0.000,0.000,0.000
water.walk,36,0.001,567738,17.592,0.000,0.001,0.000,0.000,0.000,0.000,0.000,0.000,0.000,0.000,3.802,3.562,0.000,0.123,0.000,3.438,0.000,0.000,0.000,0.000,0.000,0.000,0.000
water.walk,36,0.001,440816,18.211,0.000,0.001,0.000,0.000,0.000,0.000,0.000,0.000,0.000,0.000,2.747,1.837,0.000,0.139,0.000,1.697,0.000,0.000,0.000,0.000,0.000,0.000,0.000
water.walk,36,0.001,440916,16.857,0.000,0.001,0.000,0.000,0.000,0.000,0.000,0.000,0.000,0.000,2.659,2.095,0.000,0.162,0.000,1.931,0.000,0.000,0.000,0.000,0.000,0.000,0.000
water.walk,36,0.001,669089,19.977,0.000,0.000,0.000,0.000,0.000,0.000,0.000,0.000,0.000,0.000,5.112,4.150,0.000,0.229,0.000,3.918,0.000,0.000,0.000,0.000,0.000,0.000,0.000
water.walk,36,0.001,1405081,33.572,0.000,0.001,14.293,0.000,0.000,0.000,0.000,0.000,0.000,0.000,2.602,2.192,0.000,0.139,0.000,2.049,0.000,0.000,0.000,3.152,0.000,0.524,0.262
water.walk,36,0.001,505394,12.709,0.000,0.000,0.000,0.000,0.000,0.000,0.000,0.000,0.000,0.000,2.041,1.772,0.000,0.064,0.000,1.706,0.000,0.000,0.000,0.000,0.000,0.000,0.000
water.walk,36,0.001,377688,13.756,0.000,0.001,0.000,0.000,0.000,0.000,0.000,0.000,0.000,0.000,0.772,0.242,0.000,0.029,0.000,0.211,0.000,0.000,0.000,0.000,0.000,0.000,0.000
water.walk,36,0.001,399572,130.188,0.000,0.001,0.000,0.000,0.000,0.000,0.000,0.000,0.000,0.000,1.013,0.719,0.000,0.030,0.000,0.689,0.000,0.000,0.000,0.000,0.000,0.000,0.000
water.walk,36,0.001,1032305,12.671,0.000,0.002,0.000,0.000,0.000,0.000,0.000,0.000,0.000,0.000,3.393,2.898,0.000,0.129,0.000,2.765,0.000,0.000,0.000,0.000,0.000,0.000,0.000
water.walk,36,0.001,385061,7.086,0.000,0.001,0.000,0.000,0.000,0.000,0.000,0.000,0.000,0.000,0.276,0.120,0.000,0.023,0.000,0.097,0.000,0.000,0.000,0.000,0.000,0.000,0.000
water.walk,36,0.001,400026,5.563,0.000,0.001,0.000,0.000,0.000,0.000,0.000,0.000,0.000,0.000,0.772,0.592,0.000,0.040,0.000,0.552,0.000,0.000,0.000,0.000,0.000,0.000,0.000
water.walk,36,0.001,378446,5.905,0.000,0.001,0.000,0.000,0.000,0.000,0.000,0.000,0.000,0.000,0.220,0.096,0.000,0.023,0.000,0.073,0.000,0.000,0.000,0.000,0.000,0.000,0.000
water.walk,36,0.001,510753,5.084,0.000,0.001,0.000,0.000,0.000,0.000,0.000,0.000,0.000,0.000,0.920,0.572,0.000,0.087,0.000,0.482,0.000,0.000,0.000,0.000,0.000,0.000,0.000
water.walk,36,0.001,336190,3.479,0.000,0.001,0.000,0.000,0.000,0.000,0.000,0.000,0.000,0.000,0.210,0.097,0.000,0.021,0.000,0.075,0.000,0.000,0.000,0.000,0.000,0.000,0.000
water.walk,36,0.001,453940,5.605,0.000,0.001,0.000,0.000,0.000,0.000,0.000,0.000,0.000,0.000,0.896,0.685,0.000,0.028,0.000,0.657,0.000,0.000,0.000,0.000,0.000,0.000,0.000
water.walk,36,0.001,1344114,8.103,0.000,0.000,2.592,0.000,0.000,0.000,0.000,0.000,0.000,0.000,0.219,0.095,0.000,0.021,0.000,0.074,0.000,0.000,0.000,0.606,0.000,0.070,0.064
water.walk,36,0.000,337104,3.775,0.000,0.001,0.000,0.000,0.000,0.000,0.000,0.000,0.000,0.000,0.231,0.095,0.000,0.022,0.000,0.073,0.000,0.000,0.000,0.000,0.000,0.000,0.000
water.walk,36,0.001,401546,5.216,0.000,0.001,0.000,0.000,0.000,0.000,0.000,0.000,0.000,0.000,0.662,0.499,0.000,0.028,0.000,0.470,0.000,0.000,0.000,0.000,0.000,0.000,0.000
water.walk,36,0.001,379966,4.566,0.000,0.000,0.000,0.000,0.000,0.000,0.000,0.000,0.000,0.000,0.235,0.103,0.000,0.025,0.000,0.077,0.000,0.000,0.000,0.000,0.000,0.000,0.000
water.walk,36,0.001,337558,2.665,0.000,0.001,0.000,0.000,0.000,0.000,0.000,0.000,0.000,0.000,0.184,0.083,0.000,0.017,0.000,0.066,0.000,0.000,0.000,0.000,0.000,0.000,0.000
water.walk,36,0.002,337710,4.711,0.000,0.001,0.000,0.000,0.000,0.000,0.000,0.000,0.000,0.000,0.336,0.147,0.000,0.033,0.000,0.113,0.000,0.000,0.000,0.000,0.000,0.000,0.000
water.walk,36,0.001,337862,4.452,0.000,0.001,0.000,0.000,0.000,0.000,0.000,0.000,0.000,0.000,0.230,0.097,0.000,0.021,0.000,0.075,0.000,0.000,0.000,0.000,0.000,0.000,0.000
water.walk,36,0.002,402306,5.158,0.000,0.001,0.000,0.000,0.000,0.000,0.000,0.000,0.000,0.000,0.746,0.563,0.000,0.034,0.000,0.529,0.000,0.000,0.000,0.000,0.000,0.000,0.000
water.walk,36,0.000,380726,4.970,0.000,0.001,0.000,0.000,0.000,0.000,0.000,0.000,0.000,0.000,0.207,0.089,0.000,0.018,0.000,0.071,0.000,0.000,0.000,0.000,0.000,0.000,0.000
water.walk,36,0.001,338318,4.642,0.000,0.001,0.000,0.000,0.000,0.000,0.000,0.000,0.000,0.000,0.243,0.102,0.000,0.023,0.000,0.078,0.000,0.000,0.000,0.000,0.000,0.000,0.000
water.walk,36,0.002,338470,4.384,0.000,0.001,0.000,0.000,0.000,0.000,0.000,0.000,0.000,0.000,0.256,0.101,0.000,0.024,0.000,0.077,0.000,0.000,0.000,0.000,0.000,0.000,0.000
water.walk,36,0.001,402914,5.081,0.000,0.001,0.000,0.000,0.000,0.000,0.000,0.000,0.000,0.000,0.665,0.505,0.000,0.032,0.000,0.472,0.000,0.000,0.000,0.000,0.000,0.000,0.000
water.walk,36,0.001,381334,5.012,0.000,0.001,0.000,0.000,0.000,0.000,0.000,0.000,0.000,0.000,0.227,0.094,0.000,0.022,0.000,0.072,0.000,0.000,0.000,0.000,0.000,0.000,0.000
water.walk,36,0.001,338926,3.973,0.000,0.003,0.000,0.000,0.000,0.000,0.000,0.000,0.000,0.000,0.216,0.095,0.000,0.020,0.000,0.074,0.000,0.000,0.000,0.000,0.000,0.000,0.000
water.walk,36,0.001,339078,3.534,0.000,0.001,0.000,0.000,0.000,0.000,0.000,0.000,0.000,0.000,0.210,0.089,0.000,0.021,0.000,0.068,0.000,0.000,0.000,0.000,0.000,0.000,0.000
water.walk,36,0.001,403522,4.555,0.000,0.000,0.000,0.000,0.000,0.000,0.000,0.000,0.000,0.000,0.633,0.480,0.000,0.025,0.000,0.454,0.000,0.000,0.000,0.000,0.000,0.000,0.000
water.walk,36,0.001,381942,4.711,0.000,0.001,0.000,0.000,0.000,0.000,0.000,0.000,0.000,0.000,0.200,0.084,0.000,0.018,0.000,0.066,0.000,0.000,0.000,0.000,0.000,0.000,0.000
water.walk,36,0.001,339534,4.332,0.000,0.001,0.000,0.000,0.000,0.000,0.000,0.000,0.000,0.000,0.237,0.095,0.000,0.022,0.000,0.073,0.000,0.000,0.000,0.000,0.000,0.000,0.000
water.walk,36,0.001,339686,4.242,0.000,0.001,0.000,0.000,0.000,0.000,0.000,0.000,0.000,0.000,0.247,0.104,0.000,0.023,0.000,0.081,0.000,0.000,0.000,0.000,0.000,0.000,0.000
water.walk,36,0.001,404130,4.710,0.000,0.001,0.000,0.000,0.000,0.000,0.000,0.000,0.000,0.000,0.647,0.487,0.000,0.030,0.000,0.457,0.000,0.000,0.000,0.000,0.000,0.000,0.000
water.walk,36,0.001,382550,5.239,0.000,0.001,0.000,0.000,0.000,0.000,0.000,0.000,0.000,0.000,0.200,0.088,0.000,0.018,0.000,0.070,0.000,0.000,0.000,0.000,0.000,0.000,0.000
water.walk,36,0.001,340142,3.556,0.000,0.001,0.000,0.000,0.000,0.000,0.000,0.000,0.000,0.000,0.257,0.102,0.000,0.024,0.000,0.078,0.000,0.000,0.000,0.000,0.000,0.000,0.000
water.walk,36,0.000,534805,5.504,0.000,0.001,0.000,0.000,0.000,0.000,0.000,0.000,0.000,0.000,0.820,0.516,0.000,0.068,0.000,0.447,0.000,0.000,0.000,0.000,0.000,0.000,0.000
water.walk,36,0.001,411653,5.774,0.000,0.001,0.000,0.000,0.000,0.000,0.000,0.000,0.000,0.000,0.642,0.487,0.000,0.031,0.000,0.455,0.000,0.000,0.000,0.000,0.000,0.000,0.000
water.walk,36,0.001,383158,5.001,0.000,0.001,0.000,0.000,0.000,0.000,0.000,0.000,0.000,0.000,0.237,0.098,0.000,0.022,0.000,0.076,0.000,0.000,0.000,0.000,0.000,0.000,0.000
water.walk,36,0.001,340750,4.500,0.000,0.001,0.000,0.000,0.000,0.000,0.000,0.000,0.000,0.000,0.239,0.105,0.000,0.026,0.000,0.078,0.000,0.000,0.000,0.000,0.000,0.000,0.000
water.walk,36,0.001,340902,3.845,0.000,0.001,0.000,0.000,0.000,0.000,0.000,0.000,0.000,0.000,0.246,0.108,0.000,0.023,0.000,0.084,0.000,0.000,0.000,0.000,0.000,0.000,0.000
water.walk,36,0.001,405346,5.539,0.000,0.001,0.000,0.000,0.000,0.000,0.000,0.000,0.000,0.000,0.693,0.524,0.000,0.031,0.000,0.492,0.000,0.000,0.000,0.000,0.000,0.000,0.000
water.walk,36,0.001,383766,4.888,0.000,0.000,0.000,0.000,0.000,0.000,0.000,0.000,0.000,0.000,0.199,0.090,0.000,0.020,0.000,0.069,0.000,0.000,0.000,0.000,0.000,0.000,0.000
water.walk,36,0.001,341358,3.876,0.000,0.001,0.000,0.000,0.000,0.000,0.000,0.000,0.000,0.000,0.243,0.103,0.000,0.022,0.000,0.081,0.000,0.000,0.000,0.000,0.000,0.000,0.000
water.walk,36,0.001,341510,3.636,0.000,0.000,0.000,0.000,0.000,0.000,0.000,0.000,0.000,0.000,0.227,0.094,0.000,0.021,0.000,0.073,0.000,0.000,0.000,0.000,0.000,0.000,0.000
water.walk,36,0.001,341662,4.115,0.000,0.001,0.000,0.000,0.000,0.000,0.000,0.000,0.000,0.000,0.305,0.125,0.000,0.028,0.000,0.096,0.000,0.000,0.000,0.000,0.000,0.000,0.000
water.walk,36,0.001,406158,5.033,0.000,0.001,0.000,0.000,0.000,0.000,0.000,0.000,0.000,0.000,0.698,0.543,0.000,0.029,0.000,0.514,0.000,0.000,0.000,0.000,0.000,0.000,0.000
water.walk,36,0.001,384526,4.740,0.000,0.000,0.000,0.000,0.000,0.000,0.000,0.000,0.000,0.000,0.191,0.087,0.000,0.018,0.000,0.069,0.000,0.000,0.000,0.000,0.000,0.000,0.000
water.walk,36,0.001,342118,3.333,0.000,0.001,0.000,0.000,0.000,0.000,0.000,0.000,0.000,0.000,0.199,0.089,0.000,0.018,0.000,0.070,0.000,0.000,0.000,0.000,0.000,0.000,0.000
water.walk,36,0.001,342270,4.481,0.000,0.001,0.000,0.000,0.000,0.000,0.000,0.000,0.000,0.000,0.293,0.128,0.000,0.032,0.000,0.095,0.000,0.000,0.000,0.000,0.000,0.000,0.000
water.walk,36,0.000,406714,5.037,0.000,0.001,0.000,0.000,0.000,0.000,0.000,0.000,0.000,0.000,0.685,0.501,0.000,0.030,0.000,0.471,0.000,0.000,0.000,0.000,0.000,0.000,0.000
water.walk,36,0.001,385134,5.366,0.000,0.001,0.000,0.000,0.000,0.000,0.000,0.000,0.000,0.000,0.221,0.093,0.000,0.020,0.000,0.072,0.000,0.000,0.000,0.000,0.000,0.000,0.000
water.walk,36,0.001,342726,4.416,0.000,0.000,0.000,0.000,0.000,0.000,0.000,0.000,0.000,0.000,0.260,0.113,0.000,0.024,0.000,0.088,0.000,0.000,0.000,0.000,0.000,0.000,0.000
water.walk,36,0.001,342878,3.595,0.000,0.001,0.000,0.000,0.000,0.000,0.000,0.000,0.000,0.000,0.212,0.096,0.000,0.020,0.000,0.075,0.000,0.000,0.000,0.000,0.000,0.000,0.000
water.walk,36,0.001,407322,4.689,0.000,0.001,0.000,0.000,0.000,0.000,0.000,0.000,0.000,0.000,0.654,0.493,0.000,0.032,0.000,0.461,0.000,0.000,0.000,0.000,0.000,0.000,0.000
water.walk,36,0.001,385742,4.796,0.000,0.001,0.000,0.000,0.000,0.000,0.000,0.000,0.000,0.000,0.209,0.089,0.000,0.021,0.000,0.068,0.000,0.000,0.000,0.000,0.000,0.000,0.000
water.walk,36,0.001,343334,4.189,0.000,0.001,0.000,0.000,0.000,0.000,0.000,0.000,0.000,0.000,0.279,0.109,0.000,0.021,0.000,0.087,0.000,0.000,0.000,0.000,0.000,0.000,0.000
water.walk,36,0.001,343486,3.503,0.000,0.001,0.000,0.000,0.000,0.000,0.000,0.000,0.000,0.000,0.203,0.093,0.000,0.019,0.000,0.074,0.000,0.000,0.000,0.000,0.000,0.000,0.000
water.walk,36,0.001,343638,3.487,0.000,0.001,0.000,0.000,0.000,0.000,0.000,0.000,0.000,0.000,0.203,0.090,0.000,0.019,0.000,0.070,0.000,0.000,0.000,0.000,0.000,0.000,0.000
water.walk,36,0.001,408082,5.473,0.000,0.001,0.000,0.000,0.000,0.000,0.000,0.000,0.000,0.000,0.716,0.540,0.000,0.030,0.000,0.509,0.000,0.000,0.000,0.000,0.000,0.000,0.000
water.walk,36,0.001,386502,5.241,0.000,0.001,0.000,0.000,0.000,0.000,0.000,0.000,0.000,0.000,0.227,0.100,0.000,0.023,0.000,0.077,0.000,0.000,0.000,0.000,0.000,0.000,0.000
water.walk,36,0.001,344094,3.626,0.000,0.001,0.000,0.000,0.000,0.000,0.000,0.000,0.000,0.000,0.239,0.100,0.000,0.022,0.000,0.077,0.000,0.000,0.000,0.000,0.000,0.000,0.000
water.walk,36,0.001,344246,3.536,0.000,0.001,0.000,0.000,0.000,0.000,0.000,0.000,0.000,0.000,0.201,0.088,0.000,0.020,0.000,0.068,0.000,0.000,0.000,0.000,0.000,0.000,0.000
water.walk,36,0.003,636711,5.977,0.000,0.000,0.000,0.000,0.000,0.000,0.000,0.000,0.000,0.000,1.407,1.054,0.000,0.073,0.000,0.979,0.000,0.000,0.000,0.000,0.000,0.000,0.000
water.walk,36,0.001,1376418,7.771,0.000,0.001,1.936,0.000,0.000,0.000,0.000,0.000,0.000,0.000,0.192,0.090,0.000,0.018,0.000,0.071,0.000,0.000,0.000,0.505,0.000,0.062,0.052
water.walk,36,0.001,345160,4.826,0.000,0.001,0.000,0.000,0.000,0.000,0.000,0.000,0.000,0.000,0.325,0.142,0.000,0.036,0.000,0.106,0.000,0.000,0.000,0.000,0.000,0.000,0.000
water.walk,36,0.001,409602,4.911,0.000,0.001,0.000,0.000,0.000,0.000,0.000,0.000,0.000,0.000,0.765,0.593,0.000,0.031,0.000,0.561,0.000,0.000,0.000,0.000,0.000,0.000,0.000
water.walk,36,0.001,407818,6.011,0.000,0.001,0.000,0.000,0.000,0.000,0.000,0.000,0.000,0.000,0.217,0.092,0.000,0.018,0.000,0.074,0.000,0.000,0.000,0.000,0.000,0.000,0.000
water.walk,36,0.001,352529,5.272,0.000,0.001,0.000,0.000,0.000,0.000,0.000,0.000,0.000,0.000,0.266,0.116,0.000,0.031,0.000,0.084,0.000,0.000,0.000,0.000,0.000,0.000,0.000
water.walk,36,0.001,345766,4.692,0.000,0.001,0.000,0.000,0.000,0.000,0.000,0.000,0.000,0.000,0.254,0.110,0.000,0.026,0.000,0.083,0.000,0.000,0.000,0.000,0.000,0.000,0.000
water.walk,36,0.001,410210,5.646,0.000,0.001,0.000,0.000,0.000,0.000,0.000,0.000,0.000,0.000,0.721,0.525,0.000,0.036,0.000,0.488,0.000,0.000,0.000,0.000,0.000,0.000,0.000
water.walk,36,0.001,388630,4.878,0.000,0.000,0.000,0.000,0.000,0.000,0.000,0.000,0.000,0.000,0.212,0.093,0.000,0.022,0.000,0.070,0.000,0.000,0.000,0.000,0.000,0.000,0.000
water.walk,36,0.002,346222,4.179,0.000,0.001,0.000,0.000,0.000,0.000,0.000,0.000,0.000,0.000,0.273,0.118,0.000,0.028,0.000,0.089,0.000,0.000,0.000,0.000,0.000,0.000,0.000
water.walk,36,0.001,346374,3.611,0.000,0.001,0.000,0.000,0.000,0.000,0.000,0.000,0.000,0.000,0.214,0.092,0.000,0.018,0.000,0.073,0.000,0.000,0.000,0.000,0.000,0.000,0.000
water.walk,36,0.001,410818,5.031,0.000,0.001,0.000,0.000,0.000,0.000,0.000,0.000,0.000,0.000,0.686,0.512,0.000,0.028,0.000,0.483,0.000,0.000,0.000,0.000,0.000,0.000,0.000
water.walk,36,0.001,389238,5.751,0.000,0.001,0.000,0.000,0.000,0.000,0.000,0.000,0.000,0.000,0.241,0.102,0.000,0.022,0.000,0.079,0.000,0.000,0.000,0.000,0.000,0.000,0.000
water.walk,36,0.001,346830,3.748,0.000,0.001,0.000,0.000,0.000,0.000,0.000,0.000,0.000,0.000,0.244,0.098,0.000,0.024,0.000,0.073,0.000,0.000,0.000,0.000,0.000,0.000,0.000
water.walk,36,0.001,346982,3.988,0.000,0.001,0.000,0.000,0.000,0.000,0.000,0.000,0.000,0.000,0.236,0.103,0.000,0.023,0.000,0.080,0.000,0.000,0.000,0.000,0.000,0.000,0.000
water.walk,36,0.001,411426,5.647,0.000,0.001,0.000,0.000,0.000,0.000,0.000,0.000,0.000,0.000,0.684,0.500,0.000,0.031,0.000,0.468,0.000,0.000,0.000,0.000,0.000,0.000,0.000
water.walk,36,0.001,389846,5.225,0.000,0.001,0.000,0.000,0.000,0.000,0.000,0.000,0.000,0.000,0.244,0.104,0.000,0.026,0.000,0.078,0.000,0.000,0.000,0.000,0.000,0.000,0.000
water.walk,36,0.001,347438,3.650,0.000,0.001,0.000,0.000,0.000,0.000,0.000,0.000,0.000,0.000,0.227,0.098,0.000,0.021,0.000,0.076,0.000,0.000,0.000,0.000,0.000,0.000,0.000
